video_id,title,published_at,channel_id,channel_title,duration_seconds,is_short,views,likes,comments,thumbnail_url,video_url,description,transcript,engagement_rate,score,rank,content_type,type_rank
pe_ejTiIcSs,"Lose 100 LBs, Win $250,000!",20250621,@MrBeast,MrBeast,2209,False,247407647,6863451,116000,https://i.ytimg.com/vi_webp/pe_ejTiIcSs/maxresdefault.webp,https://www.youtube.com/watch?v=pe_ejTiIcSs,"Go start the business you’ve been dreaming of and visit https://www.Shopify.com/MrBeast to start your trial now. ad shopify 

**In Loving Memory of Coach Tyler Wall**

It is with profound sadness that we share the unexpected passing of Coach Tyler Wall. Coach Wall was a remarkable individual whose kindness and genuine spirit touched all who knew him. His loss has left our hearts heavy with grief.

Following this tragic news, we reached out to Coach Wall’s family to determine whether this video should be shared. With grace and wisdom, they expressed that Tyler would have wanted his message of hope and positivity to continue reaching others, even in his absence.

We humbly ask that you honor Coach Wall’s memory and respect his family’s need for privacy during this difficult time.

Coach Tyler Wall’s legacy of compassion and encouragement will live on in the hearts of all who were fortunate enough to know him.


New Merch - https://mrbeast.store

Check out Viewstats! - https://www.viewstats.com/

SUBSCRIBE OR I TAKE YOUR DOG
╔═╦╗╔╦╗╔═╦═╦╦╦╦╗╔═╗
║╚╣║║║╚╣╚╣╔╣╔╣║╚╣═╣ 
╠╗║╚╝║║╠╗║╚╣║║║║║═╣
╚═╩══╩═╩═╩═╩╝╚╩═╩═╝

For any questions or inquiries regarding this video, please reach out to chucky@mrbeastbusiness.com

Music Provided by https://www.extrememusic.com

----------------------------------------------------------------
follow all of these or i will kick you
• Facebook - https://www.facebook.com/MrBeast/
• Twitter - https://twitter.com/MrBeast
•  Instagram - https://www.instagram.com/mrbeast
•  Im Hiring! - https://www.mrbeastjobs.com/
--------------------------------------------------------------------","This is my friend Majd. And if he loses 100 pounds in the next year, I will give him $250,000. This is Majd’s new home, and he'll have his own personal gym, unlimited healthy food, and everything else he needs to lose 100 pounds. This is actually crazy. But Majd, there is a catch. If you step on this red line before you lose 100 pounds, the challenge ends, and you get nothing. If he actually loses 100 pounds, this will be the craziest transformation ever. This is my home for the next year. This is actually insane. See that? That’s my gym! 250K… that's the goal. Anything you need to lose 100 pounds, you literally have it here. This is the longest challenge we’ve ever done. This might be one of the longest challenges ever done. And I didn't know it yet, but the journey Majd would experience in this video was unlike anything we've ever captured. It will go down as one of the most powerful stories we've ever shared on this channel. Honestly, I'm super excited. 364 more days. I’ll see you guys tomorrow. Good morning. It’s day two. What do I want for breakfast? Ooh, you know what? Could make an omelet. Going from PB and J's, energy drinks… to this! First breakfast of many. All right, well… I guess I better start working out. One… He just started working out and I think he's already going to bed. I think it's hitting him just how hard this is gonna be. Which is why we got him a trainer. I'm gonna go introduce ‘em. This is your personal trainer, Coach Wall. - You're about to get me shredded? - Yes, sir. - About to lose this belly? - Yep. I can't wait to see this man skinny and jacked. Come on! One of the most exciting things about this video, is right now, Majd doesn’t even know how to squat. By the end of this video, he's gonna be a machine. Sit your butt down toward your heels. Drive back up. I might poop myself doing that, brah. How much do you think your life will change once you lose this 100 pounds? I'll just be happier. Longevity of life. You know, being able to be with my fam. My niece and nephew, that's really the most important, so. The beginning of Majd’s fitness journey was off to an incredible start. He stayed active every single day. …Five. Good. Come on! But since we were only weighing him once a month, he didn't even know how much progress he had made. 100 pounds is tough. I don't even know if I've lost any weight yet. But Coach was teaching him how to eat healthy for the first time in his life. Coach cooking today. He teaching me how to grill! - That's good, right? - That's so good. The plan your trainer laid out for you… You've been completing up to 18,000 steps per day, you've been lifting weights 5 days a week, and you're only eating 2,500 calories per day. This is life-changing, right? I want to lose this healthily. This is what I've been eating. This is what's been getting me full. This is the new and reformed Majd, not the past Majd. Every day of his first month, from the moment he woke up, Majd put everything into losing this weight. From cooking and eating healthy meals to doing every workout Coach designed for him. And honestly, it was amazing to watch. This is the face of a man who wants it. - Fantastic job today. - Thank you so much. Super proud of you. It has officially been 30 days since Majd began his weight loss journey, and he has no idea how much weight he has lost. Let's go find out. It's been a month! - Let's go! - Yeah. How you doin', man? Oh my gosh, he's sweaty— which is what you want to see! Means he's working hard. It's been a month in here. And now it is time for your first monthly weigh-in. We're gonna do this every month until you've lost 100 pounds. Majd, when you are ready, step on the scale and reveal how much weight you have lost! Come on! When you started this video, you weighed 324 pounds and now… - Holy crap… Majd. - No way. You lost 20 pounds! What!? Yeah! That is insane! 20 pounds! - That’s insane, man. Congrats. - Let’s go, baby! Majd, that's 20% of the total weight you need to lose in this video. The weigh-in isn’t all I had planned for today. What do you got planned? Every 30 days, we're gonna be introducing challenges where you can add money to the prize pool. On day 1, we tested you, and you weren't very good at doing push-ups. So your first challenge is: On day 60, after your second monthly weigh-in, for every push-up you can do, I will add $1,000 to the prize pool. So if you do 100 push-ups, I'll give you $100,000. Wait, that's actually crazy. That's a lot. Anyways, I'll see you for the next weigh-in. Bye, Jimmy. Thanks. What can we expect over the next 30 days from Majd? Over time, we're only going to decrease his calories, increase his activity, and up his cardio. So it's gonna get harder with him as the video goes on. He is gonna suffer. This is gonna get harder for him. And every 20 pounds Majd loses moving forward, you'll be able to see a noticeable difference in his physical appearance. I lost 20 pounds, which is crazy. This is not like, “Oh, I lost 20 pounds, let's go.” No, the challenge is lose 100 pounds, you know? And with Coach Wall’s help, you know, I think we're gonna crush this. And crush it, they did. Oh, whoa! Look at this guy! 22… 23… Majd was the definition of determined. Gimme 25. Alongside the help of Coach and his best friend, Chandler. Pushin' each other. Love it. 'Cause when the opportunity arises where, hey, Jimmy asked me to do push-ups. You know, if I hit 50 push-ups, I could win 50 grand. I didn't expect that. 1… 2… 3… 4… All right, first smoothie ever. Literally the first smoothie that I have ever made in my entire life. Protein scoop… Oh, let's hope this is good. Bruh, I'm not gonna lie, that looks pretty good. I'm just gonna do the fruit bowl from now on. It was obvious that just doing push-ups every day wasn't going to keep Majd on pace to lose his weight. So as you might have guessed, Coach was there by his side day in and day out, helping him push the bar. - What's up, chat? - How you doing? What up, big dawg? What a day, man. I'm almost done here. - You're almost done. - Holy— Sorry, bro. Come here, man. Every single morning. Make breakfast. I’ll walk my track. I'll play basketball. I know, like, a lot of it's the same. It's literally how my days have been. This is it, bro. I'm really doin' it! And I love it, I’m so grateful for it. I like how much you're having to pull-up your pants. That means we’re on the right track. Yeah, I hit 15k steps yesterday. - 15? - That's what we do here. Let's go. Steak, egg, and cheese today. Every day it’s looking better, right? Every single day. Unbelievable. Now, pushing your body to its limits every single day isn't healthy. So we made sure Majd took rest days and got weekly checkups from a doctor monitoring his progress. You're healthy, doing great. Your stamina's improved. So I think you should continue with the weight loss that you're doing. That's awesome. Thank you so much, doctor. I just gotta make my basketball shots, do 20 push-ups, and 20 minutes on elliptical. Should be a breeze. But even after rest days, Majd was still just locked in as ever. I have a goal that I wake up every morning and I go to. Every morning, I choose to win. I believe in myself. I believe in myself to the highest. There's not a doubt in my mind where I can't achieve something that, you know, I'm putting into my mind. Good work this week. This might be the best week yet. Your gains, the increases and everything. Let's just say push-ups have gotten significantly easier. We're now on day 50, and I brought Majd a special present. - Majd! - What up, baby? You've been killing it in here. You've been following your diet, working out consistently, and walking more than 5 miles a day. And to celebrate, I brought you a gift. Get outta here. Brand new clothes! You have lost so much weight, we got you clothes that is one size smaller. One size smaller than this? Let's see if it fits. Oh, yeah. What do you think? Does it fit? Yeah! Ok. Next step is extra large, then large, then a medium. Wait— - You’re on the path, man. Congrats. - Let’s go! Don't pick me up— Oh God, don’t pick me up. In 10 days is your next weigh-in and the push-up challenge. - You ready? - I'm ready, man. - I'll see ya then. - See ya, Jimmy. Please don't win too much money on the push-ups… This guy doesn’t know I’m about to take all his cash. Which at this point, Majd was already on pace to win at least another $20,000. Dude. Good work today, man. Proud of you for that 2XL, baby. - Thanks, man. - Yeah. Graduated! Having dropped a whole clothes size gave Majd a huge confidence booster. - How's that 2X feeling? - Good. - Yeah. You look great in it, man. - Thanks. Dude, I'm really proud of you. This is a big step. Although maybe now he had too much confidence. Over the course of the next few days, Majd seemed to have lost a lot of interest in keeping up with his goals. I'm not lookin' forward to this right now. Yeah, this sucks. Maybe it was because Coach wasn’t there… Coach is not gonna be in for training session today. Or the weather… Bro, it's actually snowing! Majd was just simply not being himself. I am tired. But then we unfortunately realized just exactly what was bringing him down. So one year ago, I found out my dad passed away. One whole year ago, my life was changed. Like I lost, like X amount of pounds. I FaceTimed my dad. He's congratulating me and telling me “Oh, you look great,” you know? When you lose a parent, especially just losing someone close, like, it's gonna take a toll on you. Went from almost 270 back to 324 in a matter of months. I'm just so proud of myself to see how far I've come. I'm not lettin’ him down. He's with me. He's watching. Luckily, Coach was there for him in more ways than just fitness… I love you too, Dad. …and was beginning to have a profound impact on his life. Good man. Made a good son. Thanks, Coach. - Yeah, brother. - For real. I got you. Thanks for sharing that with me. It looked like Majd had found strength to keep pushing after all. It has been over two months since we started this challenge, and I have a surprise for Majd after his weigh-in. - Jimmy! - All right. - It's game time, baby. - What up? - Before we get into these push-ups… - Let’s go! - How much do you weigh? - I don't know. - Let's find out. - Come on! It has been over 2 months. Last weigh-in, you weighed 303 pounds. And now, Majd weighs… Oh my gosh. I wanna see. 286 pounds! Yeah! Since the beginning of this challenge, you've lost 38% of your total goal weight. Wait, where are you going? Majd! Come on! I'm gonna interpret that as, he's very happy right now. Come on! Push-up challenge! As promised, Majd, every push-up you do, I will add $1,000 to your prize pool. Get in position. On the first day of this challenge, you weren't exactly the best at push-ups. - How many can you do now? - Let's find out. When you're ready… $1,000… $2,000… $3,000… $4,000… $5,000— Majd, you’re getting rich. $11,000… $12,000— Yo, this is crazy. - $18,000— - 19! - $19,000— - 20! All right, you're up to 20 grand. Oh, yeah. I’m here. How many more do you have in you? I got some, bruh. I got some— Got more in you? Majd, look at this right here. This could go in your bank account. Let's go. 25, 26, 27, 28… 29. 30 grand! I believe in you. 31. 32— 32? Ah! 31 push-ups, aka $31,000, will be added to your prize pool. Look how red his eyes were. Bro, you just pushed yourself. I'm very proud of you, man. You're becoming healthier, you're losing weight, and have now over 2-X'd your push-ups since being in here. You should be really proud of yourself. Thanks, Jimmy. For real, thank you. And follow me to find out what your next challenge is. Oh my gosh. - Wait, why are we going outside? - Uh, you'll see. Your next challenge: every $1 you can carry for a lap around this building, I will add it to your prize pool. Ok. That doesn’t sound too hard. Well, it depends. You might get greedy. And you might try to carry $500,000, but you can't make it all the way through, and then you lose. That's a lot of thinking. And to top this day off, which I would say's been pretty good, I have one final surprise. Come on inside and come see your family. Mom! No way! Oh, no way! My mom, my sister, my brother-in-law, Dani! Have fun with your family. They can stay here as long as they want. - No way! - Yup. Mom— you guys are here! And over the next few days, Majd's family did everything they could to support him in his weight loss journey, like cleaning the gym and preparing meals so that he could train for the money walk challenge. The big focus right now is just to get your grip strength up and the endurance. Coach wants me to emulate how it would be for me to carry duffel bags full of money. Keep in mind, too, the faster you walk, the faster it's gonna be done. We're also working back your shoulders, your upper back. The main goal with this is we're gonna be building up your strength to be able to do some work. And with Majd progressing so much in his workouts, Coach's incredible impact on his life was so great, he became a member of the family. [singing “Happy Birthday” in Arabic] Thank you so much. You do a great job! And with his family visit coming to an end… Bye, mom. And me being halfway around the world shooting another video… For the next few weeks, Coach and Majd's connection would only grow even stronger. You have one new message. Yo, my man. This is so cool, we get to do this together and form this deep friendship. Man, you rock. The way I've come to know you over these past couple months, man. It’s like, you're just a very kind, caring, compassionate human being. You're gonna positively influence millions of people. I haven't thought that far. I don't know why I got this idea in my head. What was that like, jumping in that money? All right, your turn, Coach. Yeah, I don’t know if I want to get out of here. - What up, man? - Yo. It’s ya boy, Coach. Who this? And because their bond was so powerful, what came next was the worst thing that's ever happened in one of my videos. And because I was still out of the country, one of my producers had to break the news. - Yo! - Hey, how's it going? - Will, right? Yeah. How you doin'? - Are you tellin' me I'm fired? - No. This is bad. No, I wish that’s what I was telling you, I'll be honest. Um… but I do have really unfortunate news. I hate to be the person to tell you this, uh… Coach Wall was found dead in his apartment yesterday. No. No… No, man. No. No, don’t lie to me, bro! No, that’s not something I would joke about. Oh my God…. Oh, no… No, this has gotta be a joke, bro. There’s no way… Bro, there’s no way… Over the next few days, visitors poured in to help Majd process his grief while he contemplated the decision of continuing or stopping this video. Because ultimately, whether or not this video continues was up to him. You know, both times I experienced a loss… it's snowing outside. Yo, my man! This is so cool we get to do this together. —so cool we get to do this together. Coach? I look at the door and… I just hope he walks through. Coach was side-by-side with me. And now, he isn't here. He was a good dude. And he spoke very highly of you. And he believes in you, man. The moment I arrived back in the US, I went to see Majd. And I'm choosing not to play our conversation here, but essentially, I wanted to let him know that his grief was real and that we could end the video right then and there if he didn't want to continue. - We're not pullin' the plug on this. - Yeah? I can't let him down. I'm doing this for myself, and now it’s for Coach, too. To honor his mentor and friend, Coach Wall, Majd refused to take on another trainer for his next challenge. And in the days leading up to the money walk, he gave every ounce of strength he had in every single workout. This is exactly why I thought that for Majd’s next milestone, it was only fitting that I give him something to honor his dear friend. Before we do the day 100 challenge, I wanted to give you something a little special that you can put up on the wall. Oh, man. Incredible human being. I'm so grateful that I got to, you know, spend time with him. Where do you want to put up your wall plaque? Literally right at the door. Coach! How are ya? Just looking up at this, it’s just gonna be my motivation moving forward. - Thanks, Jimmy. - No problem. Let's go weigh in and see how much weight Majd has lost. One hundred days ago, Majd weighed 324 pounds. And now… let's see what he weighs. You've lost over 50 pounds! Yeah! Meaning, Majd is officially halfway through the challenge! Only one thing left to do! Let's see how much money Majd can carry. We have $100,000 that you could win. That was not supposed to fall. Remember, you can carry as much or as little as you want, but if you drop any of it, you walk away with nothing. Ok. How's it feel? It feels good. I mean, it feels pretty light. He’s now got 15 grand. One more? Ok, one more. This one on my arm. All right, that's $40,000. We pushin’ for 50? Nah. $40,000. - This is all for Coach Wall. - Come on. When you're ready, cross the start line. Let's do it. - Let's go, man. - All right, he's off. Come on, Majd, you got this. All right, he's cooking Bro, he is running with that thing! $40,000. Don't pass out on us. Claw! Chandler, don't let him touch the red line. I'll push you over before that happens. For Coach Wall! Quarter of the way done. If a single bag, a single dollar, touches the pavement… Dollar! you lose all 40 grand. Wait, are the bags closed? - Yeah? - Most of em'. No! Hey, you need a break? You can just put the money down. - No. No break. - Yeah, yeah. Keep going. Three quarters of the way. I feel pretty tired! Are you gonna pass out? You’re almost there! Less than 10 steps! Cross it! He did it! Your prize pool has now increased to $321,000. Let’s go! Time to make it rain, baby! Adding it to the pot. Yeah! Do you remember on day 1, how long it took you to run a mile? 17:01… One mile. Dang. For our next challenge, if you can do a mile in under 8 minutes and 30 seconds, aka, half of your one mile time, I'll add another $25,000 to your prize pool. I'll see ya in 30 days. You have a lot of time you need to shave off. Bro, 8 minutes and 30 seconds sounds easy, but that's hard. We’re gonna get through it, though. We’re gonna give it our all. Majd started training immediately. I have to get a baseline today. I'm gonna find out how long it takes for you to run a mile. The challenge is 8 minutes and 30 seconds. We're aiming for anywhere around like a 10 minute, 11 minute mile. I’m done. Good Lord. Oh, damn. I just ran my first mile, 12 minutes and 50 seconds. My legs are on fire. Means I have to shave 5 minutes. It’s gonna be tough. This is strictly cardio, something that I only do 2 times a week. And the cardio that I do 2 times a week isn't even this. Majd looked like he was struggling, so I thought I'd check in to share something that might help. When Shopify heard about your weight loss journey, they decided they wanted to help out. Inside is a bunch of gear to help you train to get under 8.5 minutes. Actual running shoes, more supplements, an actual track suit, better clothes, better gear. Here's some balls. Do you get the point? This thing is loaded with things to help get your mile time down. And they're all from businesses built on Shopify. Thanks, Shopify! Your race is in 20 days. Shopify, me, and millions of people are rooting for you. - Let's go! - Get that time under 8.5 minutes! Majd wasted no time in running with his new gear and he even had some other ideas. Let's go! Come on, man. You got this! Don't let me beat you. The mile’s ours! I'm honestly not sure if that helped, but Majd seemed more fired up than ever. And we were all starting to see a difference in him. - Majd-eroni! - What up, baby! I noticed something, your clothes are a little baggy. Wait! No way. Yeah, put the banana down. We got you clothes one size smaller. When Majd started this video, he was a three XL. When you put these on, you'll officially be just an XL. Damn! Congrats. 10 days. We'll see if you can do the mile. Majd wasted no time in getting to work. And other than yelling across to our prison set where a cop and a criminal are trapped together, - Hey, yo! - Yo! He completely locked in. But his victory was far from guaranteed. - It’s day 130! - Come on man! Come on! Are you ready? Yeah! Think I gotta change… This is the first time in 130 days I've seen him not in a white shirt. When we started this video, it took you 17 minutes to run a mile. And now, 130 days later. You must do it in under 8 minutes and 30 seconds. Are you ready? Come on! 3, 2, 1… Go! 25 grand on the line. Let's see if he can do it. Let's go! One out of seven laps down. Majd is flying through his second lap. It's amazing to see how far he's come in only 130 days. When Majd didn't know where to start his weight loss journey, I helped him just like Shopify helps entrepreneurs when they don't know how to start a brand new business. Remember at the start of this video when you didn't know how to begin your weight loss journey? Absolutely. That's how it can feel for brand new entrepreneurs and exactly why Shopify exists to help them start their businesses. Don't quit on us! Let's go! Shopify literally helped me launch Feastables with an online business. I had no idea how to set up a store, fulfill orders, but thanks to Shopify, we've sold millions of bars. Water, water! Go! Ah, thanks! Hurry up, Majd! You're running out of time! There's only 2 minutes remaining. His pacing has slowed down tremendously. We don't have enough time. We have to run with him. Last lap! Majd dig deep! We’re coming with you! To those of you watching at home, go start the business that you've been dreaming of. Go to Shopify.com/MrBeast. Starting an online business. It's easier than you think. You're almost there! Come on! Go! Let's go! I can’t believe it! Majd you did it in 8 minutes and 4 seconds. Congrats, Majd! Thanks Jimmy! You show up for me, I show up for you! - Who’d you show up for? - Coach Wall. He shows up for me every day. I show up for him every day. Congrats on 25 grand! But more importantly, let's go see how much weight you’ve lost. Come on! Turn off the lights! On day 1, he weighed 324 pounds. On day 30, he weighed 303 pounds. On day 60, he weighed 286 pounds. On day 100, he weighed 271 pounds. And now, reveal his weight! That’s 71 pounds since the start! All right. Ok, don’t hurt him! Maybe at the end of the video, we'll lift you up. When you started, you were able to dead hang for 6 seconds. In exactly 30 days, for every second you can hang, I will give you $1,000. Get out of here. And truthfully, because your hang time was… …awful. I brought someone who literally trains bodybuilders. This guy has a degree in biochemistry and is the smartest fitness influencer I could find, Jeff Nippard. Let's go! All right, he just did the whole mile thing. He's on adrenaline. I personally think you can do a pull-up. I wanted to do a pull-up my whole entire life. Just one single pull-up. If you can do it, I'll throw in an extra 10K. - No way. - I got you. In 30 days? Wait Majd, you can win a lot of money. These next 30 days are important. Yeah, they are. They're crucial. And to celebrate crushing the mile, Majd and Jeff sat down to share a little something special. - The Feastables cups! - Let's go. This is something that I really wanted to have. You deserve it. You earned it. This is a big moment for me, guys. Cheers, brother. That's some good stuff. This peanut butter is like real peanut butter. Right? So good. It was clear that in order to dead hang for a minute, let alone do a singular pull-up, Majd would have to alter his training plan significantly to focus on upper-body strength. - Take your grip. - Ok. And then this is gonna really kinda shoot you up. Does that make sense? So it's giving you a lot of assistance. Ok. Jeff! I'm so sorry. The main goal for me is to finish this, lose the 100 pounds, and just make sure that the world can hopefully see Coach's impact. I'm crushing dead hang! In only 3 days, Jeff really helped Majd improve his dead hang, which was not looking good for my bank account. This guy is an animal. Do you wanna guess what it was? It’s probably like 37 seconds. 45? No way. It’s not even the end of the first week! Let's go! With Majd now set up for success, Jeff left it up to him to prepare over the next 27 days. This is where the real challenge starts, right? Now I’m all alone. On his own now, Majd was really starting to see his body improve. I can feel these chisels. He started locking in on everything, from his workouts… You saw that? Eating only 1800 calories a day… We just switched over to 1800 calories. And even having a strict sleeping schedule. 10 o’clock food cut-off, sleep by 12. So for the remainder of training for the dead hang challenge, Majd really was set up for success. Chalked up. I gotta do 3 sets of dead hangs, 10 to 20 seconds Every single day, he improved his hang time. Day of the challenge, when it comes down to it… we’re going till like, my thumbs actually fall off. I'm so close! It really just goes to show that when you put your mind to something, anything is possible. Doing pull-ups, running miles in under 8 minutes and 30 seconds, carryin' a bunch of money around, doing 40 pushups straight. Such an incredible story. Game day tomorrow, baby! Day 161. Let's see how Majd is doing. Drive! Why’s it stuck? Bro, I’m literally flooring it. Majd! - It’s weigh-in day! - What the— I think you broke the door. Bro! It's the big day! Are you ready? - Uh yeah, I'm ready, man. - This is gonna be awesome. To kick things off, we're gonna see how much you weigh. My theory is you're actually pretty close to finishing the challenge. I feel like it. And then second, we're gonna dangle you 100 feet in the air. What? And every second you hang, you win $1,000. Ok. Hold on. - Dangled from a crane? - Hey! Don't worry about it. - Let's weigh in. - Oh, man. What do you think that number will say? 246. Majd has done 10,000 steps a day. Followed his diet perfectly. Not skipped a single rep on his workouts. Hop on. Let's go! 3, 2, 1… Reveal the weight! 234 pounds! What? No way! - No! No! - Yeah! You only have 10 more pounds to lose, and then this video is over. If you play your cards right, you could be out of here in the next 30 days. Thanks, Jimmy. All right, but now you need to lock in. Come on! Let’s go outside. Today we find out how long I can dead hang for. I have no idea what Jimmy has in store for me. All I know is there's a crane, a platform, and a bar for me to hang from. 100 feet in the sky and $1,000 for every second you can hang. Majd, are you ready? 3, 2, 1… Here we go. All right, the time has started. 4 seconds, 5 seconds… Hey Majd, look down! - Oh my gosh, does that scare you? - Not at all. Oh, my— Wait, get a shot of this. This is real. Look at that. 15 seconds has gone by. You've already doubled your first time. Majd has now won $20,000. - This is light work for you, bro. - Do not quit! You're almost there, Majd. You're almost there, brother. You're the one that's going to accomplish this! 30 seconds! Focus on your breath. Don't listen to Jimmy. His hands are giving out. His face is getting red. Don't regret this! Bro, do you think I'm not watching you? 40 seconds! I got eyes on you at all times. Keep pushing. Don't stop. 50 seconds! You don't have to follow your diet plan. You don't have to stay inside this red circle. You don't need to do anything. You don't even need to do this, but you're choosing to do this. Let's go, Majd! Your prize pool's now 400 grand. His arms are shaking. You're almost there. I can't open my eyes. 60 seconds! The hardest part of all this, obviously, is the connection that I had with Coach. It sucks that, like, it was so close. Oh, he just dropped. A minute! It was— Oh my God. The entire platform. 6 seconds to 60 seconds. That's 10X! Hello? That's $60,000! - I'm so proud of you, man. - Let’s go, man! You officially made it a minute and one second. Let's go! But we're not stopping there. Because as you'll remember… If he could do a pull-up, I'd throw in an extra 10K. Let's go, man. - You ready? - I'm ready. Big breath. And then you're gonna drive as hard as you can, chest to the bar. Let's go! Can you do another one? Wait, 3. Wait, he doesn’t need help! Let’s go! No way! Let's go fill up the prize pool. I've never seen Majd this happy before. I told you I was gonna break the bank today! There we go. $71,000 has now been added to the prize pool. What the heck? I know you're on cloud nine. Arguably the best day of your life. But I do have to give some bad news. That was the final challenge. No, losing 100 pounds was the final challenge. Ok, yes, but that's the final micro-challenge. - Ok. - So… - We'll start weighing you every day. - Let's go! And when you officially lose the next 10 pounds, video's over. All right. Good luck, man. Thanks, Jimmy. Majd has only 10 pounds left to lose. So at this point, it had become clear that he was on track to hit his goal weight within the next month. So it started out 250,000. Now it's at 417,000. It was actually insane. Now that it's my final 10 pounds, we are coming to an end man. These may be my last few weeks in here. It's definitely a bittersweet feeling. It's kind of crazy how far we've come in less than 6 months. It's like I look at myself like, who is this person? If my old self walked through that door right there, right now, he'd be like, ""Who is this?"" I've seen the seasons change while I've been in here. Bro! Look at that! I've been inside of a red circle, basically away from everything. I'm just, I’m so grateful. So thankful for the experience. Coach being the biggest impact of this whole thing. God rest his soul. I know he'd be proud of me. He said this one thing, ""It’s so cool that we get to do this together."" While Coach gave Majd all the tools he needed to lose 100 pounds, when he does finally leave the circle, it will be up to him to apply what he's learned to his everyday life. The journey’s almost over— Sike. The journey’s almost over in here. The real journey starts on the outside. I have the clothes that I wore when I first got in here. I'm gonna try 'em on. Let's just say… we lost a little bit of weight. Bro, look how baggy these are. Seeing Majd trying on his old clothes gave me an idea. What if he could try on his old body? This is a bodysuit that is a 1-to-1 replica of Majd on day 1. No joke, we scanned your body, saw exactly where you lost fat, and created this suit. Bro, there’s no way this is me. That's literally another human being. - Let's put it on. - I gotta wear this? 175 days ago, you wore this every day. This is crazy! I wanna see myself real quick. Oh my God! No way! This fat suit weighs exactly 97 pounds. He is now back at his starting weight. You probably forgot what life used to feel like. Let's do a lap. I hope this helps you realize how much you’ve changed throughout this video. Alright, let's try a lap. Here's footage of him actually running a lap on day 1. If you think he's being dramatic, go pick up 97 pounds, and you'll see, that's a lot of weight to have on your body. There you go. You like your day 1 body, or your day 175 body? Of course, my day 175 body. Since we're weighing Majd every day, we were seeing him get closer and closer, until he was only a half a pound away from his goal of 224 pounds. - Oh my God, dude. - You have no idea how close you are. Wait, wait, wait. Can I turn around? Seeing just how far Majd had come from his old self made it pretty clear to everyone that it was probably time to do his final weigh in. Today could be my last day. It's crazy. 6 months. Half a year. Today could be the day all the hard work paid off. Or we're still half a pound away. Over these 6 months, Majd slashed his daily caloric intake by 600 calories, decreased his fat mass by over 50%. He also did 3,950 pushups and made 17,600 basketball shots. And according to his doctor, if he keeps this up, he'll have increased his lifespan by around 5 years. But before we know if this is his final weigh in, we have a message from Majd, from himself. This is actually a video from day 1. Play it. Majd, you're looking lean. You're looking healthy. You're looking bald. Beautiful as ever. But most importantly, you don't wanna go back to what you're looking at now. This is something that you never wanna feel again. Once you break that barrier, you continue to push on and push through, you'll never wanna get back to this. This is something that you're gonna do for the rest of your life. I'm not gonna let you fall off. 100% 178 days ago. Dang, bro. That's crazy. Majd, it's time. I gathered all your best friends, even David Letterman. David Letterman! Yeah! He told me he's a fan of his show so I brought him out. Good luck! This could be the final weigh in. - Ok. - The last time. Reveal the results! Let's go! And before he goes out to see his family, we're gonna do something a little different and jump forward in time to show you his full transformation. Here it is. After half a year. Wait… Yo! Bro! I might get married. I might get married! 178 days in this circle. Take your hand off your eyes. We brought your family out! Oh, I love you, mom! You know, without Coach Wall I wouldn't have been able to do this. And he said it would be so cool that we get to do this together. And today is that day that we get to do this together. Thank you guys for watching!",0.028210328519069582,0.5136251082001628,1,Video,1
897gvApD6V4,Will a Zebra Subscribe to me?,20260401,@MrBeast,MrBeast,8,True,619079799,2961174,19000,https://i.ytimg.com/vi_webp/897gvApD6V4/maxresdefault.webp,https://www.youtube.com/watch?v=897gvApD6V4,American Humane Society monitored the animal action.  No animals were harmed® (AH 14134),"This is product the zebra, and if she can subscribe, so can you. That's one step closer to 500 million. Come on. Hit the subscribe button.",0.004813876991001608,0.5031226883757108,2,Short,1
_JUlWtSCNbs,Who's The Strongest Streamer?,20260403,@MrBeast,MrBeast,26,True,358058433,5401565,16000,https://i.ytimg.com/vi_webp/_JUlWtSCNbs/maxresdefault.webp,https://www.youtube.com/watch?v=_JUlWtSCNbs,,"This guy's done. &gt;&gt; Oh, gosh. &gt;&gt; [clears throat] &gt;&gt; Oh! There's no shot. &gt;&gt; Yo, SHUT UP. &gt;&gt; NO SHOT. I WANT TO SEE LUDWIG DO IT. NOT EVEN CLOSE. OH, GOD. I'm scared. No! That was pathetic. You're too weak. You can't do it. I'll force him to it. Oh!",0.015130393535515473,0.44224504447069996,3,Short,2
VEGq2Du_HCw,"Subscribe for $10,000",20260501,@MrBeast,MrBeast,13,True,503156448,3113297,50000,https://i.ytimg.com/vi_webp/VEGq2Du_HCw/maxresdefault.webp,https://www.youtube.com/watch?v=VEGq2Du_HCw,"New subscribers will receive an entry for a chance to win by subscribing to the MrBeast YouTube channel between May 1 - May 28, 2026. YouTube account must be set to public and include a valid email address. No purchase necessary. Must be 18+. Full rules at https://bit.ly/mrbeastbowandarrow

Subscribe! We are contributing cash towards the wish of your choosing. Rules and conditions apply. Please visit https://bit.ly/MrB_Birthday_YT for additional rules and details.","Whatever subscriber I shoot wins 10 grand. Who did I hit? Right over here. Antonio Safari, you just won $10,000 and you need to hit the subscribe button because in a month I'm going to do this again and your name could end up on that wall. Hit subscribe.",0.006286905419922195,0.4401410673574528,4,Short,3
6Zy5VLcEbZc,"I Stranded 100 People In The Wilderness For $250,000",20260502,@MrBeast,MrBeast,2220,False,99732018,2224789,1300000,https://i.ytimg.com/vi_webp/6Zy5VLcEbZc/maxresdefault.webp,https://www.youtube.com/watch?v=6Zy5VLcEbZc,"what wins in a battle of survival, knowledge or resources?

Thanks to Bass Pro Shops for providing these teams with some awesome gear. Shop here: https://www.basspro.com/home

Disclaimer: We are contributing cash towards the wish of your choosing. Rules and conditions apply. Please visit https://bit.ly/MrB_Birthday_YT for additional rules and details.

The survivalists were told they’d be in a MrBeast Survival video so they packed for that. They were also given a small limited amount of food and gear like rice, beans, fishing gear, first aid kits, and a few tarps.

SUBSCRIBE OR I TAKE YOUR DOG
╔═╦╗╔╦╗╔═╦═╦╦╦╦╗╔═╗
║╚╣║║║╚╣╚╣╔╣╔╣║╚╣═╣ 
╠╗║╚╝║║╠╗║╚╣║║║║║═╣
╚═╩══╩═╩═╩═╩╝╚╩═╩═╝

For any questions or inquiries regarding this video, please reach out to chucky@mrbeastbusiness.com

Music Provided by https://www.extrememusic.com
----------------------------------------------------------------
Follow all of these or I will kick you
• Facebook - https://www.facebook.com/MrBeast/
• Twitter - https://twitter.com/MrBeast
•  Instagram - https://www.instagram.com/mrbeast
•  Im Hiring! - https://www.mrbeastjobs.com/
--------------------------------------------------------------------","Style: ::cue(c.color000000) { color: rgb(0,0,0); } ::cue(c.color00BCE7) { color: rgb(0,188,231); } ::cue(c.color0229FF) { color: rgb(2,41,255); } ::cue(c.color1367F9) { color: rgb(19,103,249); } ::cue(c.color1391F9) { color: rgb(19,145,249); } ::cue(c.color13F4F9) { color: rgb(19,244,249); } ::cue(c.color13F9D0) { color: rgb(19,249,208); } ::cue(c.color16E98E) { color: rgb(22,233,142); } ::cue(c.color1752EA) { color: rgb(23,82,234); } ::cue(c.color1768EA) { color: rgb(23,104,234); } ::cue(c.color1775EA) { color: rgb(23,117,234); } ::cue(c.color178FEA) { color: rgb(23,143,234); } ::cue(c.color17EADE) { color: rgb(23,234,222); } ::cue(c.color18CD4E) { color: rgb(24,205,78); } ::cue(c.color1CE8B5) { color: rgb(28,232,181); } ::cue(c.color1CF218) { color: rgb(28,242,24); } ::cue(c.color1CF316) { color: rgb(28,243,22); } ::cue(c.color25F9E0) { color: rgb(37,249,224); } ::cue(c.color2DD28B) { color: rgb(45,210,139); } ::cue(c.color31F247) { color: rgb(49,242,71); } ::cue(c.color7015F9) { color: rgb(112,21,249); } ::cue(c.color8715F9) { color: rgb(135,21,249); } ::cue(c.color9FF500) { color: rgb(159,245,0); } ::cue(c.colorA0AAB4) { color: rgb(160,170,180); } ::cue(c.colorA3FF66) { color: rgb(163,255,102); } ::cue(c.colorBA25F9) { color: rgb(186,37,249); } ::cue(c.colorC259F3) { color: rgb(194,89,243); } ::cue(c.colorC430F2) { color: rgb(196,48,242); } ::cue(c.colorC94EFF) { color: rgb(201,78,255); } ::cue(c.colorCCF911) { color: rgb(204,249,17); } ::cue(c.colorCCF913) { color: rgb(204,249,19); } ::cue(c.colorD676F9) { color: rgb(214,118,249); } ::cue(c.colorDC30F2) { color: rgb(220,48,242); } ::cue(c.colorDFF230) { color: rgb(223,242,48); } ::cue(c.colorE64783) { color: rgb(230,71,131); } ::cue(c.colorEA4917) { color: rgb(234,73,23); } ::cue(c.colorEA6F17) { color: rgb(234,111,23); } ::cue(c.colorEA7C17) { color: rgb(234,124,23); } ::cue(c.colorEA9617) { color: rgb(234,150,23); } ::cue(c.colorEAA317) { color: rgb(234,163,23); } ::cue(c.colorEAC217) { color: rgb(234,194,23); } ::cue(c.colorEADB17) { color: rgb(234,219,23); } ::cue(c.colorEC4174) { color: rgb(236,65,116); } ::cue(c.colorED13F9) { color: rgb(237,19,249); } ::cue(c.colorF2304E) { color: rgb(242,48,78); } ::cue(c.colorF2305A) { color: rgb(242,48,90); } ::cue(c.colorF23071) { color: rgb(242,48,113); } ::cue(c.colorF2308D) { color: rgb(242,48,141); } ::cue(c.colorF230B1) { color: rgb(242,48,177); } ::cue(c.colorF230BD) { color: rgb(242,48,189); } ::cue(c.colorF230D8) { color: rgb(242,48,216); } ::cue(c.colorF230E8) { color: rgb(242,48,232); } ::cue(c.colorF23A30) { color: rgb(242,58,48); } ::cue(c.colorF24E30) { color: rgb(242,78,48); } ::cue(c.colorF26230) { color: rgb(242,98,48); } ::cue(c.colorF27130) { color: rgb(242,113,48); } ::cue(c.colorF28130) { color: rgb(242,129,48); } ::cue(c.colorF28D30) { color: rgb(242,141,48); } ::cue(c.colorF29930) { color: rgb(242,153,48); } ::cue(c.colorF2A530) { color: rgb(242,165,48); } ::cue(c.colorF2B130) { color: rgb(242,177,48); } ::cue(c.colorF2BD30) { color: rgb(242,189,48); } ::cue(c.colorF2D830) { color: rgb(242,216,48); } ::cue(c.colorF2EC30) { color: rgb(242,236,48); } ::cue(c.colorF485DC) { color: rgb(244,133,220); } ::cue(c.colorF4A010) { color: rgb(244,160,16); } ::cue(c.colorF74214) { color: rgb(247,66,20); } ::cue(c.colorF84413) { color: rgb(248,68,19); } ::cue(c.colorF913BF) { color: rgb(249,19,191); } ::cue(c.colorF913EE) { color: rgb(249,19,238); } ::cue(c.colorF9159A) { color: rgb(249,21,154); } ::cue(c.colorF915BC) { color: rgb(249,21,188); } ::cue(c.colorF92413) { color: rgb(249,36,19); } ::cue(c.colorF924D2) { color: rgb(249,36,210); } ::cue(c.colorF9252C) { color: rgb(249,37,44); } ::cue(c.colorF9253D) { color: rgb(249,37,61); } ::cue(c.colorF92564) { color: rgb(249,37,100); } ::cue(c.colorF9257E) { color: rgb(249,37,126); } ::cue(c.colorF9259C) { color: rgb(249,37,156); } ::cue(c.colorF94513) { color: rgb(249,69,19); } ::cue(c.colorF96F13) { color: rgb(249,111,19); } ::cue(c.colorF99425) { color: rgb(249,148,37); } ::cue(c.colorF99E13) { color: rgb(249,158,19); } ::cue(c.colorF9B725) { color: rgb(249,183,37); } ::cue(c.colorF9D713) { color: rgb(249,215,19); } ::cue(c.colorF9DB15) { color: rgb(249,219,21); } ::cue(c.colorF9E913) { color: rgb(249,233,19); } ::cue(c.colorF9F313) { color: rgb(249,243,19); } ::cue(c.colorFB00FF) { color: rgb(251,0,255); } ::cue(c.colorFE0100) { color: rgb(254,1,0); } ::cue(c.colorFF5E5B) { color: rgb(255,94,91); } ::cue(c.colorFF9500) { color: rgb(255,149,0); } ::cue(c.colorFFD93D) { color: rgb(255,217,61); } ::cue(c.red) { color: red; } ## ​​​ ​I just stranded these 100 people ​ ​​ ​​ ​in the middle of the wilderness.​ ​​ ​​​ ​I just stranded these 100 people ​ ​​ ​​ ​in the middle of the wilderness.​ ​​ ​​​ ​And whichever team has ​ ​​ ​​ ​the most people here​ ​​ ​​​ ​And whichever team has ​ ​​ ​​ ​the most people here​ ​​ ​​​ ​when help arrives, splits that ​ ​​ ​​ ​two hundred fifty thousand dollars.​ ​​ ​​​ ​when help arrives, splits that ​ ​​ ​​ ​two hundred fifty thousand dollars.​ ​​ ​​​ ​The people wearing blue ​ ​​ ​​ ​are a team of survival experts,​ ​​ ​​​ ​The people wearing blue ​ ​​ ​​ ​are a team of survival experts,​ ​​ ​​​ ​and the people wearing red ​ ​​ ​​ ​are amateurs​ ​​ ​​​ ​and the people wearing red ​ ​​ ​​ ​are amateurs​ ​​ ​​​ ​who might not be cut out ​ ​​ ​​ ​for the wilderness.​ ​​ ​​​ ​who might not be cut out ​ ​​ ​​ ​for the wilderness.​ ​​ ​​​ ​Blue Team, grab your bags ​ ​​ ​​ ​and follow me.​ ​​ ​​​ ​Blue Team, grab your bags ​ ​​ ​​ ​and follow me.​ ​​ ​​​ ​What's the longest you’ve spent ​ ​​ ​​ ​in the woods?​ ​​ ​​​ ​What's the longest you’ve spent ​ ​​ ​​ ​in the woods?​ ​​ ​​​ ​Longest…​ ​​ ​​​ ​Three months!​ ​​ ​​​ ​Like for fun?​ ​​ ​​​ ​Yeah!​ ​​ ​​​ ​Oh, my gosh.​ ​​ ​​​ ​Hah haha ha ha​ ​​ ​​​ ​How many of you have been ​ ​​ ​​ ​camping before?​ ​​ ​​​ ​How many of you have been ​ ​​ ​​ ​camping before?​ ​​ ​​​ ​Mmm…​ ​​ ​​​ ​How many of you could survive ​ ​​ ​​ ​a month out here?​ ​​ ​​​ ​How many of you could survive ​ ​​ ​​ ​a month out here?​ ​​ ​​​ ​Oh, my gosh, they're ​ ​​ ​​ ​COOKED over there.​ ​​ ​​​ ​Oh, my gosh, they're ​ ​​ ​​ ​COOKED over there.​ ​​ ​​​ ​I knew the Blue Team would ​ ​​ ​​ ​have an advantage.​ ​​ ​​​ ​I knew the Blue Team would ​ ​​ ​​ ​have an advantage.​ ​​ ​​​ ​WOOOOOOO!​ ​​ ​​​ ​So before we started,​ ​​ ​​​ ​I told the Red Team the challenge ​ ​​ ​​ ​and even brought them to a store​ ​​ ​​​ ​I told the Red Team the challenge ​ ​​ ​​ ​and even brought them to a store​ ​​ ​​​ ​to get anything they needed ​ ​​ ​​ ​to help them survive.​ ​​ ​​​ ​to get anything they needed ​ ​​ ​​ ​to help them survive.​ ​​ ​​​ ​Okay, show me what you’ve packed.​ ​​ ​​​ ​I have rope.​ ​​ ​​​ ​I have this tarp here ​ ​​ ​​ ​on the floor.​ ​​ ​​​ ​I have this tarp here ​ ​​ ​​ ​on the floor.​ ​​ ​​​ ​Woah, did you buy a giant ​ ​​ ​​ ​24 pack of water?​ ​​ ​​​ ​Woah, did you buy a giant ​ ​​ ​​ ​24 pack of water?​ ​​ ​​​ ​ABSOLUTELY!​ ​​ ​​​ ​I just went ahead and ​ ​​ ​​ ​went straight for the lighter.​ ​​ ​​​ ​I just went ahead and ​ ​​ ​​ ​went straight for the lighter.​ ​​ ​​​ ​Yep! That one.​ ​​ ​​​ ​SMART!​ ​​ ​​​ ​Aha ha​ ​​ ​​​ ​Okay!​ ​​ ​​​ ​But the Blue Team was told​ ​​ ​​​ ​that they were competing ​ ​​ ​​ ​in a MrBeast video.​ ​​ ​​​ ​that they were competing ​ ​​ ​​ ​in a MrBeast video.​ ​​ ​​​ ​I didn't know what to pack for, ​ ​​ ​​ ​so I packed for any climate.​ ​​ ​​​ ​I didn't know what to pack for, ​ ​​ ​​ ​so I packed for any climate.​ ​​ ​​​ ​I thought you were gonna fly us to Alaska.​ ​​ ​​​ ​For shelters, we're gonna be building ​ ​​ ​​ ​simple debris shelters.​ ​​ ​​​ ​For shelters, we're gonna be building ​ ​​ ​​ ​simple debris shelters.​ ​​ ​​​ ​We just have to have ​ ​​ ​​ ​a good layer of insulation.​ ​​ ​​​ ​We just have to have ​ ​​ ​​ ​a good layer of insulation.​ ​​ ​​​ ​I've been practicing these skills ​ ​​ ​​ ​for about a decade,​ ​​ ​​​ ​I've been practicing these skills ​ ​​ ​​ ​for about a decade,​ ​​ ​​​ ​but I’ll need a team of ten people ​ ​​ ​​ ​to start gathering.​ ​​ ​​​ ​but I’ll need a team of ten people ​ ​​ ​​ ​to start gathering.​ ​​ ​​​ ​You guys are gonna build. ​ ​​ ​​ ​It'll be better for morale.​ ​​ ​​​ ​You guys are gonna build. ​ ​​ ​​ ​It'll be better for morale.​ ​​ ​​​ ​We ended up with a kids tent.​ ​​ ​​​ ​Luckily, I'm only like five foot five.​ ​​ ​​​ ​With all the perks your team has,​ ​​ ​​​ ​do you think you'll beat the Blue Team?​ ​​ ​​​ ​Yeah.​ ​​ ​​​ ​Even though they're professionals?​ ​​ ​​​ ​We don't care.​ ​​ ​​​ ​We're professionals in our own way.​ ​​ ​​​ ​Yeah…​ ​​ ​​​ ​Yeah.​ ​​ ​​​ ​AYEEEE!​ ​​ ​​​ ​AYYYEEEEE!!​ ​​ ​​​ ​I GOT SOMETHINGGG!!​ ​​ ​​​ ​I'm just doing what ​ ​​ ​​ ​I've seen in the movies.​ ​​ ​​​ ​I'm just doing what ​ ​​ ​​ ​I've seen in the movies.​ ​​ ​​​ ​These people do this… for fun???​ ​​ ​​​ ​How many nights are you guys staying?​ ​​ ​​​ ​All the nights. ​ ​​ ​​ ​I can stay here till Christmas.​ ​​ ​​​ ​All the nights. ​ ​​ ​​ ​I can stay here till Christmas.​ ​​ ​​​ ​Till they tell us we have to leave.​ ​​ ​​​ ​Their hobby…​ ​​ ​​​ ​is SUFFERING…​ ​​ ​​​ ​in the woods…​ ​​ ​​​ ​Good niiiight.​ ​​ ​​​ ​*mwah*​ ​​ ​​​ ​And during the first night, it was ​ ​​ ​​ ​very clear​ ​​ ​​​ ​And during the first night, it was ​ ​​ ​​ ​very clear​ ​​ ​​​ ​that the Red Team's advantage​ ​​ ​​​ ​was making it easier for them.​ ​​ ​​​ ​But the experts struggled to keep ​ ​​ ​​ ​their eyes shut​ ​​ ​​​ ​But the experts struggled to keep ​ ​​ ​​ ​their eyes shut​ ​​ ​​​ ​as the temperature dropped drastically.​ ​​ ​​​ ​I'm so exhausted and dehydrated​ ​​ ​​​ ​and wondering why I'm here.​ ​​ ​​​ ​I physically couldn't sleep.​ ​​ ​​​ ​The ground was SO cold, everything was wet.​ ​​ ​​​ ​And the only way out ​ ​​ ​​ ​of this challenge​ ​​ ​​​ ​And the only way out ​ ​​ ​​ ​of this challenge​ ​​ ​​​ ​is to light your flare ​ ​​ ​​ ​and wait to be rescued.​ ​​ ​​​ ​is to light your flare ​ ​​ ​​ ​and wait to be rescued.​ ​​ ​​​ ​We just had our first person tap out.​ ​​ ​​​ ​One down…​ ​​ ​​​ ​Forty nine to go.​ ​​ ​​​ ​But that wasn't the only one…​ ​​ ​​​ ​Sorry, guys.​ ​​ ​​​ ​I'm 66 years old.​ ​​ ​​​ ​I had a double knee replacement.​ ​​ ​​​ ​I'm SO sorry.​ ​​ ​​​ ​Shockingly, the first two eliminations​ ​​ ​​​ ​are experts from the Blue Team.​ ​​ ​​​ ​While the Red Team was ​ ​​ ​​ ​using their resources​ ​​ ​​​ ​While the Red Team was ​ ​​ ​​ ​using their resources​ ​​ ​​​ ​to sleep outside in style.​ ​​ ​​​ ​It's a beautiful morniiing!!​ ​​ ​​​ ​The sun is shining.​ ​​ ​​​ ​So lucky to be out here.​ ​​ ​​​ ​It's nice to just uhhh​ ​​ ​​​ ​take a break from the world sometimes.​ ​​ ​​​ ​Meanwhile, the experts knew​ ​​ ​​​ ​they needed to fix their shelters fast,​ ​​ ​​​ ​or they'd quickly lose even more people.​ ​​ ​​​ ​These shelters were never meant to be ​ ​​ ​​ ​just a pile of sticks and that's it.​ ​​ ​​​ ​These shelters were never meant to be ​ ​​ ​​ ​just a pile of sticks and that's it.​ ​​ ​​​ ​You want to pile on leaves about a ​ ​​ ​​ ​foot thick.​ ​​ ​​​ ​You want to pile on leaves about a ​ ​​ ​​ ​foot thick.​ ​​ ​​​ ​It's gonna take some work from everybody.​ ​​ ​​​ ​The leaves when we start getting rain, ​ ​​ ​​ ​it keeps you dry.​ ​​ ​​​ ​The leaves when we start getting rain, ​ ​​ ​​ ​it keeps you dry.​ ​​ ​​​ ​Oh, all three of you sleep over there?​ ​​ ​​​ ​Yeaahh!!​ ​​ ​​​ ​Ohhh, yeah!​ ​​ ​​​ ​Bro, their fort is MASSIVE.​ ​​ ​​​ ​Do you think this will hold up ​ ​​ ​​ ​well in the rain?​ ​​ ​​​ ​Do you think this will hold up ​ ​​ ​​ ​well in the rain?​ ​​ ​​​ ​There’s only one way to find out.​ ​​ ​​​ ​We're gonna make our shelter, ​ ​​ ​​ ​and then that way,​ ​​ ​​​ ​We're gonna make our shelter, ​ ​​ ​​ ​and then that way,​ ​​ ​​​ ​we're not gonna be ​ ​​ ​​ ​sleeping under the rain.​ ​​ ​​​ ​we're not gonna be ​ ​​ ​​ ​sleeping under the rain.​ ​​ ​​​ ​So we're making a roof.​ ​​ ​​​ ​We just need to keep ​ ​​ ​​ ​the food safe and dry.​ ​​ ​​​ ​We just need to keep ​ ​​ ​​ ​the food safe and dry.​ ​​ ​​​ ​You built this???​ ​​ ​​​ ​Yeah!​ ​​ ​​​ ​We got-- we gotta take pointers ​ ​​ ​​ ​next time we do a survival video.​ ​​ ​​​ ​We got-- we gotta take pointers ​ ​​ ​​ ​next time we do a survival video.​ ​​ ​​​ ​Yeah, I know.​ ​​ ​​​ ​You can just give me a call.​ ​​ ​​​ ​We might need to.​ ​​ ​​​ ​And while the experts ​ ​​ ​​ ​were using the most​ ​​ ​​​ ​And while the experts ​ ​​ ​​ ​were using the most​ ​​ ​​​ ​of their limited resources,​ ​​ ​​​ ​the amateurs were burning through​ ​​ ​​​ ​their advantage quickly.​ ​​ ​​​ ​This is all you've done?​ ​​ ​​​ ​heh hahaa haaa…​ ​​ ​​​ ​Ummm…​ ​​ ​​​ ​Just promise me none of you are gonna die.​ ​​ ​​​ ​We promise. We’re good.​ ​​ ​​​ ​Promise!​ ​​ ​​​ ​As the day turned to night,​ ​​ ​​​ ​the amateurs continued to recklessly waste.​ ​​ ​​​ ​I know they're still working hard,​ ​​ ​​​ ​using all their energy,​ ​​ ​​​ ​'cuz they're not gonna last.​ ​​ ​​​ ​But the experts' hard work​ ​​ ​​​ ​was already paying off.​ ​​ ​​​ ​Look at this! ​ ​​ ​​ ​This is better than Four Seasons.​ ​​ ​​​ ​Look at this! ​ ​​ ​​ ​This is better than Four Seasons.​ ​​ ​​​ ​I think we're gonna have a much more ​ ​​ ​​ ​comfortable night… personally.​ ​​ ​​​ ​I think we're gonna have a much more ​ ​​ ​​ ​comfortable night… personally.​ ​​ ​​​ ​We’re-- we’re out in the woods.​ ​​ ​​​ ​Slept like a BABY.​ ​​ ​​​ ​Woooww!​ ​​ ​​​ ​Just because we built a great shelter.​ ​​ ​​​ ​It was warm.​ ​​ ​​​ ​The Red Team, ​ ​​ ​​ ​they probably got tents.​ ​​ ​​​ ​The Red Team, ​ ​​ ​​ ​they probably got tents.​ ​​ ​​​ ​they got sleeping bags…​ ​​ ​​​ ​We got this.​ ​​ ​​​ ​You know, we're all out here ​ ​​ ​​ ​not eatin' and havin' a blast!​ ​​ ​​​ ​You know, we're all out here ​ ​​ ​​ ​not eatin' and havin' a blast!​ ​​ ​​​ ​Backflip, bro!​ ​​ ​​​ ​While the experts started their day ​ ​​ ​​ ​fully rested and full of energy.​ ​​ ​​​ ​While the experts started their day ​ ​​ ​​ ​fully rested and full of energy.​ ​​ ​​​ ​THAT'S WHAT I'M TALKIN' ABOUT!!​ ​​ ​​​ ​The amateurs started theirs ​ ​​ ​​ ​facing the hardest part of survival…​ ​​ ​​​ ​The amateurs started theirs ​ ​​ ​​ ​facing the hardest part of survival…​ ​​ ​​​ ​An empty stomach.​ ​​ ​​​ ​Do you have any snaaaacks?​ ​​ ​​​ ​I WISH!​ ​​ ​​​ ​The Red Team spent ​ ​​ ​​ ​their first two days​ ​​ ​​​ ​The Red Team spent ​ ​​ ​​ ​their first two days​ ​​ ​​​ ​absolutely destroying their snacks.​ ​​ ​​​ ​And now…​ ​​ ​​​ ​We're all so huuungryy.​ ​​ ​​​ ​Hunger is really settin' in today.​ ​​ ​​​ ​So we're about to go explore ​ ​​ ​​ ​for food and water.​ ​​ ​​​ ​So we're about to go explore ​ ​​ ​​ ​for food and water.​ ​​ ​​​ ​Meanwhile…​ ​​ ​​​ ​Foraging class starting now!​ ​​ ​​​ ​With the knowledge of ​ ​​ ​​ ​wilderness survivalist Seth,​ ​​ ​​​ ​With the knowledge of ​ ​​ ​​ ​wilderness survivalist Seth,​ ​​ ​​​ ​Blue Team was able to turn ​ ​​ ​​ ​their forest into a grocery store.​ ​​ ​​​ ​Blue Team was able to turn ​ ​​ ​​ ​their forest into a grocery store.​ ​​ ​​​ ​You can always pick it and ​ ​​ ​​ ​eat it as a trail nibble.​ ​​ ​​​ ​You can always pick it and ​ ​​ ​​ ​eat it as a trail nibble.​ ​​ ​​​ ​He even built a fish trap out of sticks ​ ​​ ​​ ​to put into the nearby river.​ ​​ ​​​ ​He even built a fish trap out of sticks ​ ​​ ​​ ​to put into the nearby river.​ ​​ ​​​ ​Meanwhile, the amateurs tried out ​ ​​ ​​ ​their fishing gear​ ​​ ​​​ ​Meanwhile, the amateurs tried out ​ ​​ ​​ ​their fishing gear​ ​​ ​​​ ​but only had the skills to catch trash.​ ​​ ​​​ ​AH ha haaa heee!​ ​​ ​​​ ​But by Day 4,​ ​​ ​​​ ​the snack situation​ ​​ ​​​ ​was no laughing matter.​ ​​ ​​​ ​How much food do we have, do you know?​ ​​ ​​​ ​We don't have any food.​ ​​ ​​​ ​I'm 'bouta be snacking on this ALL NIGHT.​ ​​ ​​​ ​So because party mix lasts ​ ​​ ​​ ​45 minutes at best…​ ​​ ​​​ ​So because party mix lasts ​ ​​ ​​ ​45 minutes at best…​ ​​ ​​​ ​OOOH! What’s this?​ ​​ ​​​ ​I also had a plan for that.​ ​​ ​​​ ​BEETS!!!​ ​​ ​​​ ​APPLES!!​ ​​ ​​​ ​I planted food caches all around the forest.​ ​​ ​​​ ​DUDE!​ ​​ ​​​ ​Whaaaaat!​ ​​ ​​​ ​With the minimum amount of food ​ ​​ ​​ ​to survive​ ​​ ​​​ ​With the minimum amount of food ​ ​​ ​​ ​to survive​ ​​ ​​​ ​IF they manage it right.​ ​​ ​​​ ​I bet there's all kinds of stuff ​ ​​ ​​ ​in these woods.​ ​​ ​​​ ​I bet there's all kinds of stuff ​ ​​ ​​ ​in these woods.​ ​​ ​​​ ​We just gotta walk around.​ ​​ ​​​ ​I just found a TON of food in the woods.​ ​​ ​​​ ​Oh, we're eating good tonight!​ ​​ ​​​ ​Both teams established community pantries ​ ​​ ​​ ​to ration out the food.​ ​​ ​​​ ​Both teams established community pantries ​ ​​ ​​ ​to ration out the food.​ ​​ ​​​ ​So I think we're gonna be all right ​ ​​ ​​ ​for a little while.​ ​​ ​​​ ​So I think we're gonna be all right ​ ​​ ​​ ​for a little while.​ ​​ ​​​ ​As long as we work together as a team.​ ​​ ​​​ ​I think that's important that nobody starts, ​ ​​ ​​ ​like, turning on anybody.​ ​​ ​​​ ​I think that's important that nobody starts, ​ ​​ ​​ ​like, turning on anybody.​ ​​ ​​​ ​Duuude…​ ​​ ​​​ ​But over at the Blue Team, ​ ​​ ​​ ​Julia had a different plan.​ ​​ ​​​ ​But over at the Blue Team, ​ ​​ ​​ ​Julia had a different plan.​ ​​ ​​​ ​I don't want them to have control of it.​ ​​ ​​​ ​They're gonna go crazy on the food,​ ​​ ​​​ ​and there's not gonna be ​ ​​ ​​ ​anything left for us​ ​​ ​​​ ​and there's not gonna be ​ ​​ ​​ ​anything left for us​ ​​ ​​​ ​that are willing to starve for a week​ ​​ ​​​ ​and people that aren't willing to.​ ​​ ​​​ ​Using the food from the caches, ​ ​​ ​​ ​the experts cooked up a large dinner.​ ​​ ​​​ ​Using the food from the caches, ​ ​​ ​​ ​the experts cooked up a large dinner.​ ​​ ​​​ ​Yayyyyyyy!​ ​​ ​​​ ​woo!​ ​​ ​​​ ​And tensions came to a boil.​ ​​ ​​​ ​We are doing the best we can.​ ​​ ​​​ ​Not everybody's gonna be happy,​ ​​ ​​​ ​but we can't make you happy ​ ​​ ​​ ​if you don't communicate with us.​ ​​ ​​​ ​but we can't make you happy ​ ​​ ​​ ​if you don't communicate with us.​ ​​ ​​​ ​PFFFFTT!​ ​​ ​​​ ​Ahaa hahahahaaa!​ ​​ ​​​ ​EHH HEH HEH!!​ ​​ ​​​ ​Whe-- Where is their shed, Chelsea?​ ​​ ​​​ ​Randy's suspicions revealed ​ ​​ ​​ ​a new obstacle in this challenge…​ ​​ ​​​ ​Randy's suspicions revealed ​ ​​ ​​ ​a new obstacle in this challenge…​ ​​ ​​​ ​No waayyy. Are you for real?​ ​​ ​​​ ​Potatoes!​ ​​ ​​​ ​their own teammates.​ ​​ ​​​ ​Look at this!​ ​​ ​​​ ​This is the stash we found​ ​​ ​​​ ​IN THEIR SHED when they left!​ ​​ ​​​ ​They weren't contributing ​ ​​ ​​ ​to the group then I gotta say…​ ​​ ​​​ ​They weren't contributing ​ ​​ ​​ ​to the group then I gotta say…​ ​​ ​​​ ​I'm glad they're gone.​ ​​ ​​​ ​The other side of the coin is ​ ​​ ​​ ​we need people to stay!!​ ​​ ​​​ ​The other side of the coin is ​ ​​ ​​ ​we need people to stay!!​ ​​ ​​​ ​Because we gotta win this game!​ ​​ ​​​ ​Randy is right.​ ​​ ​​​ ​The team with the most members left ​ ​​ ​​ ​at the end of this competition​ ​​ ​​​ ​The team with the most members left ​ ​​ ​​ ​at the end of this competition​ ​​ ​​​ ​will win and divide up ​ ​​ ​​ ​the $250,000 prize.​ ​​ ​​​ ​will win and divide up ​ ​​ ​​ ​the $250,000 prize.​ ​​ ​​​ ​We've lost fiiiive people.​ ​​ ​​​ ​So listen…​ ​​ ​​​ ​NONE of us ELIMINATE tomorrow!​ ​​ ​​​ ​Woo!!​ ​​ ​​​ ​OKAY?​ ​​ ​​​ ​WOO!!​ ​​ ​​​ ​WOOOOOOO!!!!​ ​​ ​​​ ​YEAHHH!​ ​​ ​​​ ​But despite Randy's pep talk,​ ​​ ​​​ ​Never been in a game where ​ ​​ ​​ ​I can't trust my own teammates.​ ​​ ​​​ ​Never been in a game where ​ ​​ ​​ ​I can't trust my own teammates.​ ​​ ​​​ ​MARCO!!​ ​​ ​​​ ​Don't do it!​ ​​ ​​​ ​The self eliminations kept coming.​ ​​ ​​​ ​CLEAR!!​ ​​ ​​​ ​And so did the arguments.​ ​​ ​​​ ​You can't decide what other people ​ ​​ ​​ ​are gonna eat.​ ​​ ​​​ ​You can't decide what other people ​ ​​ ​​ ​are gonna eat.​ ​​ ​​​ ​There's 11 people here,​ ​​ ​​​ ​so one person could get an apple?​ ​​ ​​​ ​Ridiculous.​ ​​ ​​​ ​You have 50 ""Survivalists,"" ​ ​​ ​​ ​aka Control Freaks,​ ​​ ​​​ ​You have 50 ""Survivalists,"" ​ ​​ ​​ ​aka Control Freaks,​ ​​ ​​​ ​Type A people all trying ​ ​​ ​​ ​to be in charge.​ ​​ ​​​ ​Type A people all trying ​ ​​ ​​ ​to be in charge.​ ​​ ​​​ ​At least for me…​ ​​ ​​​ ​I'm leaving.​ ​​ ​​​ ​I'm out.​ ​​ ​​​ ​It's only Day 5,​ ​​ ​​​ ​and with the experts down by nine,​ ​​ ​​​ ​they're going to have to learn ​ ​​ ​​ ​to get along​ ​​ ​​​ ​they're going to have to learn ​ ​​ ​​ ​to get along​ ​​ ​​​ ​to survive this game.​ ​​ ​​​ ​Come EAAAATT!​ ​​ ​​​ ​I know you haven't gotten an apple yet!​ ​​ ​​​ ​Red Team's strategy to come together ​ ​​ ​​ ​and share resources​ ​​ ​​​ ​Red Team's strategy to come together ​ ​​ ​​ ​and share resources​ ​​ ​​​ ​was helping them survive.​ ​​ ​​​ ​Please only have one.​ ​​ ​​​ ​We're sharing, we share here.​ ​​ ​​​ ​Thank you.​ ​​ ​​​ ​I'm used to eating six eggs ​ ​​ ​​ ​in the morning,​ ​​ ​​​ ​I'm used to eating six eggs ​ ​​ ​​ ​in the morning,​ ​​ ​​​ ​and now I'm just eating an apple.​ ​​ ​​​ ​But... for the money…​ ​​ ​​​ ​But not everyone was willing to live ​ ​​ ​​ ​on an apple a day.​ ​​ ​​​ ​But not everyone was willing to live ​ ​​ ​​ ​on an apple a day.​ ​​ ​​​ ​Not much foooood…​ ​​ ​​​ ​Energy's loooow.​ ​​ ​​​ ​Very low.​ ​​ ​​​ ​I have not been feeling well today, ​ ​​ ​​ ​got a really bad headache.​ ​​ ​​​ ​I have not been feeling well today, ​ ​​ ​​ ​got a really bad headache.​ ​​ ​​​ ​I just want a Waffle House buffet.​ ​​ ​​​ ​Why do you gotta start talking, brooo…​ ​​ ​​​ ​Huh haha ha ha haaa​ ​​ ​​​ ​Dude, I'm thinking about it now.​ ​​ ​​​ ​And the hunger cost the Red Team ​ ​​ ​​ ​their first six eliminations.​ ​​ ​​​ ​And the hunger cost the Red Team ​ ​​ ​​ ​their first six eliminations.​ ​​ ​​​ ​Waffle House BETTER be ready, dude.​ ​​ ​​​ ​What's the hardest part for all of you?​ ​​ ​​​ ​THE FOOD!​ ​​ ​​​ ​And the sun.​ ​​ ​​​ ​And the bugs.​ ​​ ​​​ ​Basically everything.​ ​​ ​​​ ​What are we working on over here?​ ​​ ​​​ ​I got, like, the mansion in here.​ ​​ ​​​ ​There's four of us in here.​ ​​ ​​​ ​How's sleep been?​ ​​ ​​​ ​We've gotten progressively better,​ ​​ ​​​ ​but I think that's because ​ ​​ ​​ ​our standards have lowered.​ ​​ ​​​ ​but I think that's because ​ ​​ ​​ ​our standards have lowered.​ ​​ ​​​ ​How do you think your shelter ​ ​​ ​​ ​compares to the professionals?​ ​​ ​​​ ​How do you think your shelter ​ ​​ ​​ ​compares to the professionals?​ ​​ ​​​ ​Oh, my God, 100% better.​ ​​ ​​​ ​I think it's better.​ ​​ ​​​ ​You're not concerned it might ever rainnnn,​ ​​ ​​​ ​and water 'cuz you're ​ ​​ ​​ ​on a decline will--​ ​​ ​​​ ​and water 'cuz you're ​ ​​ ​​ ​on a decline will--​ ​​ ​​​ ​I think I'm delusionally--​ ​​ ​​​ ​I don't know about them…​ ​​ ​​​ ​I'm delusionally positive.​ ​​ ​​​ ​Should be an easy video for them!​ ​​ ​​​ ​Uh-- ha ha ha!​ ​​ ​​​ ​Well, I don’t know about that, Jimmy!​ ​​ ​​​ ​JIMMMYYYY!!​ ​​ ​​​ ​How do you think your experience ​ ​​ ​​ ​compares to the professionals?​ ​​ ​​​ ​How do you think your experience ​ ​​ ​​ ​compares to the professionals?​ ​​ ​​​ ​I think most of them ​ ​​ ​​ ​have gone home already.​ ​​ ​​​ ​I think most of them ​ ​​ ​​ ​have gone home already.​ ​​ ​​​ ​If all of them are experts,​ ​​ ​​​ ​they're all probably butting heads ​ ​​ ​​ ​on, like, what to do​ ​​ ​​​ ​they're all probably butting heads ​ ​​ ​​ ​on, like, what to do​ ​​ ​​​ ​because they think ​ ​​ ​​ ​their way is the best way.​ ​​ ​​​ ​because they think ​ ​​ ​​ ​their way is the best way.​ ​​ ​​​ ​And she wasn't far off.​ ​​ ​​​ ​We shouldn't be eating today.​ ​​ ​​​ ​This will not last 50 people long.​ ​​ ​​​ ​It's the community choice, like…​ ​​ ​​​ ​If we want to even make it to the end,​ ​​ ​​​ ​we need to really start sticking to ​ ​​ ​​ ​something a little bit more rigorous.​ ​​ ​​​ ​we need to really start sticking to ​ ​​ ​​ ​something a little bit more rigorous.​ ​​ ​​​ ​This is not comfort.​ ​​ ​​​ ​I know…​ ​​ ​​​ ​This is survival.​ ​​ ​​​ ​And the eliminations kept coming ​ ​​ ​​ ​from both teams.​ ​​ ​​​ ​And the eliminations kept coming ​ ​​ ​​ ​from both teams.​ ​​ ​​​ ​I'll eat enough for ALL of y'all.​ ​​ ​​​ ​So to stop the eliminations,​ ​​ ​​​ ​the next morning, ​ ​​ ​​ ​the Red Team's chef, Brittany,​ ​​ ​​​ ​the next morning, ​ ​​ ​​ ​the Red Team's chef, Brittany,​ ​​ ​​​ ​tried her hand at cooking breakfast.​ ​​ ​​​ ​Come GET it!​ ​​ ​​​ ​Oooooohh, nooo…​ ​​ ​​​ ​OHH!​ ​​ ​​​ ​Yaarrrrr…​ ​​ ​​​ ​Sorry, guys.​ ​​ ​​​ ​And the food reviews were, well…​ ​​ ​​​ ​Trashhh.​ ​​ ​​​ ​Not great.​ ​​ ​​​ ​Now I’m sick to my stomach, ​ ​​ ​​ ​and I don't want to eat any more.​ ​​ ​​​ ​Now I’m sick to my stomach, ​ ​​ ​​ ​and I don't want to eat any more.​ ​​ ​​​ ​I wanna go hooooOOOoomme!!​ ​​ ​​​ ​Exactly, girlfriend.​ ​​ ​​​ ​Help.​ ​​ ​​​ ​*dun dun dun dun dun dun*​ ​​ ​​​ ​After days of tension,​ ​​ ​​​ ​ooohh-ooOOH! OOooohh!​ ​​ ​​​ ​Blue Team started the morning ​ ​​ ​​ ​by letting loose.​ ​​ ​​​ ​Blue Team started the morning ​ ​​ ​​ ​by letting loose.​ ​​ ​​​ ​YAAYYY!​ ​​ ​​​ ​YEAHHH HAH HAH!​ ​​ ​​​ ​But not even a drum circle ​ ​​ ​​ ​could stop the infighting.​ ​​ ​​​ ​But not even a drum circle ​ ​​ ​​ ​could stop the infighting.​ ​​ ​​​ ​I understand,​ ​​ ​​​ ​but if we can wipe down ​ ​​ ​​ ​the counter before we cook--​ ​​ ​​​ ​but if we can wipe down ​ ​​ ​​ ​the counter before we cook--​ ​​ ​​​ ​Okay, hold on one second.​ ​​ ​​​ ​Okay, let's just--​ ​​ ​​​ ​Let's just squash this ​ ​​ ​​ ​just for a quick second.​ ​​ ​​​ ​Let's just squash this ​ ​​ ​​ ​just for a quick second.​ ​​ ​​​ ​I’m just gonna take a walk.​ ​​ ​​​ ​No, you should stay and listen.​ ​​ ​​​ ​I mean…​ ​​ ​​​ ​How about don't tell me what to do.​ ​​ ​​​ ​Oh!​ ​​ ​​​ ​I find it really difficult to ​ ​​ ​​ ​be a part of a team.​ ​​ ​​​ ​I find it really difficult to ​ ​​ ​​ ​be a part of a team.​ ​​ ​​​ ​I'm, like, naturally oppositionally defiant.​ ​​ ​​​ ​And once again, it led to ​ ​​ ​​ ​even more eliminations.​ ​​ ​​​ ​And once again, it led to ​ ​​ ​​ ​even more eliminations.​ ​​ ​​​ ​Let them eat apples!​ ​​ ​​​ ​My heart's not in it.​ ​​ ​​​ ​And over at the Red Team,​ ​​ ​​​ ​We're out of fruit,​ ​​ ​​​ ​so we don't have breakfast anymore.​ ​​ ​​​ ​And the loss of breakfast was too much ​ ​​ ​​ ​for two more Red Team members.​ ​​ ​​​ ​And the loss of breakfast was too much ​ ​​ ​​ ​for two more Red Team members.​ ​​ ​​​ ​Noooo…​ ​​ ​​​ ​Don't do it, don't do it, don't do it.​ ​​ ​​​ ​No, no, no-no-no-no!​ ​​ ​​​ ​AHHHHHHH!!!​ ​​ ​​​ ​I miss milkshakes, ah-heh…​ ​​ ​​​ ​I want a milkshake SO bad.​ ​​ ​​​ ​And just like they don't know​ ​​ ​​​ ​how many are left on ​ ​​ ​​ ​the opposing team,​ ​​ ​​​ ​how many are left on ​ ​​ ​​ ​the opposing team,​ ​​ ​​​ ​until the end of this video, ​ ​​ ​​ ​YOU won't either.​ ​​ ​​​ ​until the end of this video, ​ ​​ ​​ ​YOU won't either.​ ​​ ​​​ ​What we're about to do will ​ ​​ ​​ ​fundamentally change the video.​ ​​ ​​​ ​What we're about to do will ​ ​​ ​​ ​fundamentally change the video.​ ​​ ​​​ ​OHHH, my gosh.​ ​​ ​​​ ​What's happening?? ​ ​​ ​​ ​What do you see????​ ​​ ​​​ ​What's happening?? ​ ​​ ​​ ​What do you see????​ ​​ ​​​ ​It's Jimmy?​ ​​ ​​​ ​Ohh, thank GOD.​ ​​ ​​​ ​He’s going kind of fast.​ ​​ ​​​ ​I’m scared…​ ​​ ​​​ ​DELIVERYYYY!​ ​​ ​​​ ​SPECIAL DELIVERY!!​ ​​ ​​​ ​AHHH!​ ​​ ​​​ ​OH, MY GOSH!!​ ​​ ​​​ ​GO! Go, go, go!!!​ ​​ ​​​ ​YOO!!!!​ ​​ ​​​ ​Whaaaaat???!​ ​​ ​​​ ​GO!!!!​ ​​ ​​​ ​OH, GOSHHH!​ ​​ ​​​ ​Now, let’s hook up the professionals.​ ​​ ​​​ ​Uh, I think that's Jimmy's hat.​ ​​ ​​​ ​Is that? Yeah.​ ​​ ​​​ ​They've got a sack of food.​ ​​ ​​​ ​HEYY, everybody!​ ​​ ​​​ ​HEEEYYYYYYYY!!​ ​​ ​​​ ​WOOOO!!​ ​​ ​​​ ​WOOOOOOOOO!!!!​ ​​ ​​​ ​WOooO!​ ​​ ​​​ ​RRrrrrRRRrrRRRRrrrr​ ​​ ​​​ ​AYE AYE AYEee AYEee AYEeeee!​ ​​ ​​​ ​We're about to find out if ​ ​​ ​​ ​they can work together as a team,​ ​​ ​​​ ​We're about to find out if ​ ​​ ​​ ​they can work together as a team,​ ​​ ​​​ ​or if this is gonna drive them apart.​ ​​ ​​​ ​What does it say?​ ​​ ​​​ ​All right.​ ​​ ​​​ ​Both teams have 50 cans of food.​ ​​ ​​​ ​Whichever team gives me back ​ ​​ ​​ ​the most unopened cans​ ​​ ​​​ ​Whichever team gives me back ​ ​​ ​​ ​the most unopened cans​ ​​ ​​​ ​in 72 hours wins a reward.​ ​​ ​​​ ​If both teams are tied,​ ​​ ​​​ ​neither wins anything.​ ​​ ​​​ ​neither team wins.​ ​​ ​​​ ​I say we eat it ALLLLLLL!​ ​​ ​​​ ​YEAHHHHHH!!!​ ​​ ​​​ ​But here's the deal, ​ ​​ ​​ ​they're gonna think​ ​​ ​​​ ​But here's the deal, ​ ​​ ​​ ​they're gonna think​ ​​ ​​​ ​that we're gonna open ​ ​​ ​​ ​the food 'cuz we're starvin'.​ ​​ ​​​ ​that we're gonna open ​ ​​ ​​ ​the food 'cuz we're starvin'.​ ​​ ​​​ ​They think we're starvin'.​ ​​ ​​​ ​We just bury the thing or somethin'…​ ​​ ​​​ ​Yeah, let's bury the whole thing!​ ​​ ​​​ ​WE GOTTA be disciplined.​ ​​ ​​​ ​NO ONE touches food.​ ​​ ​​​ ​NO ONE'S sneaky on this one.​ ​​ ​​​ ​Here's the deal: ​ ​​ ​​ ​We do not touch it​ ​​ ​​​ ​Here's the deal: ​ ​​ ​​ ​We do not touch it​ ​​ ​​​ ​because we have enough rations ​ ​​ ​​ ​to get us through for 72 hours.​ ​​ ​​​ ​because we have enough rations ​ ​​ ​​ ​to get us through for 72 hours.​ ​​ ​​​ ​Can I just have ONE?!​ ​​ ​​​ ​No, ma'am.​ ​​ ​​​ ​So we're hiding the cans in the woods​ ​​ ​​​ ​so that only a few of us ​ ​​ ​​ ​have access to them.​ ​​ ​​​ ​so that only a few of us ​ ​​ ​​ ​have access to them.​ ​​ ​​​ ​I’m really stressed about food ​ ​​ ​​ ​and the fishing situation.​ ​​ ​​​ ​I’m really stressed about food ​ ​​ ​​ ​and the fishing situation.​ ​​ ​​​ ​I think we just have to be patient.​ ​​ ​​​ ​Do I think that some people ​ ​​ ​​ ​might leave after today?​ ​​ ​​​ ​Do I think that some people ​ ​​ ​​ ​might leave after today?​ ​​ ​​​ ​If they know that ​ ​​ ​​ ​we're not gonna​ ​​ ​​​ ​If they know that ​ ​​ ​​ ​we're not gonna​ ​​ ​​​ ​be able to open up ​ ​​ ​​ ​some of those cans?​ ​​ ​​​ ​be able to open up ​ ​​ ​​ ​some of those cans?​ ​​ ​​​ ​Absolutely.​ ​​ ​​​ ​NooOOOOOO!!​ ​​ ​​​ ​AaaWOOOOOOOOO!​ ​​ ​​​ ​Sun’s coming up.​ ​​ ​​​ ​Day 8.​ ​​ ​​​ ​It's a nice overcast day. ​ ​​ ​​ ​I'll show you.​ ​​ ​​​ ​It's a nice overcast day. ​ ​​ ​​ ​I'll show you.​ ​​ ​​​ ​So, we found this old charcoal grill ​ ​​ ​​ ​in the woods.​ ​​ ​​​ ​So, we found this old charcoal grill ​ ​​ ​​ ​in the woods.​ ​​ ​​​ ​Which for now kept spirits pretty high.​ ​​ ​​​ ​It's remarkable what a little food​ ​​ ​​​ ​and a change in the weather ​ ​​ ​​ ​will do to willpower.​ ​​ ​​​ ​and a change in the weather ​ ​​ ​​ ​will do to willpower.​ ​​ ​​​ ​But unfortunately, the Blue Team ​ ​​ ​​ ​wasn't doing as well.​ ​​ ​​​ ​But unfortunately, the Blue Team ​ ​​ ​​ ​wasn't doing as well.​ ​​ ​​​ ​Poison ivy is kind of spreading.​ ​​ ​​​ ​Maaan, the hunger is REAL.​ ​​ ​​​ ​Day 8 and there's nothing ​ ​​ ​​ ​in the traps yet.​ ​​ ​​​ ​Day 8 and there's nothing ​ ​​ ​​ ​in the traps yet.​ ​​ ​​​ ​I’m so hungry I’m about to ​ ​​ ​​ ​eat my toothpaste.​ ​​ ​​​ ​I’m so hungry I’m about to ​ ​​ ​​ ​eat my toothpaste.​ ​​ ​​​ ​How one of those canned goods ​ ​​ ​​ ​tastes right about now…​ ​​ ​​​ ​How one of those canned goods ​ ​​ ​​ ​tastes right about now…​ ​​ ​​​ ​I'm not gonna lie, ​ ​​ ​​ ​I would dig into a can o' beef.​ ​​ ​​​ ​I'm not gonna lie, ​ ​​ ​​ ​I would dig into a can o' beef.​ ​​ ​​​ ​The fact that we have ​ ​​ ​​ ​50 canned goods up there​ ​​ ​​​ ​The fact that we have ​ ​​ ​​ ​50 canned goods up there​ ​​ ​​​ ​with beef, peas, corn…​ ​​ ​​​ ​Tskk, blows my mind.​ ​​ ​​​ ​OhhHHHHH!!​ ​​ ​​​ ​WWWOOOOO!!​ ​​ ​​​ ​But by the end of the day,​ ​​ ​​​ ​the wind for both teams ​ ​​ ​​ ​began to shift.​ ​​ ​​​ ​the wind for both teams ​ ​​ ​​ ​began to shift.​ ​​ ​​​ ​Whooo!​ ​​ ​​​ ​So change of the day,​ ​​ ​​​ ​there's, like, a massive storm comin'.​ ​​ ​​​ ​We gotta go, guys!​ ​​ ​​​ ​Gotta get to my shelter!​ ​​ ​​​ ​WHOOO, we’re about to get…​ ​​ ​​​ ​Yeah, a-ha!​ ​​ ​​​ ​CRRRAAAACKKKK!​ ​​ ​​​ ​The rain has finally come.​ ​​ ​​​ ​Everyone is heading towards their shelter.​ ​​ ​​​ ​That storm is blowing in hard.​ ​​ ​​​ ​So that means it's nap time.​ ​​ ​​​ ​If I had to guess, ​ ​​ ​​ ​I think this rain​ ​​ ​​​ ​If I had to guess, ​ ​​ ​​ ​I think this rain​ ​​ ​​​ ​is gonna be a breaking point ​ ​​ ​​ ​for a lot of people.​ ​​ ​​​ ​is gonna be a breaking point ​ ​​ ​​ ​for a lot of people.​ ​​ ​​​ ​This just made the challenge ​ ​​ ​​ ​a LOT more interesting.​ ​​ ​​​ ​This just made the challenge ​ ​​ ​​ ​a LOT more interesting.​ ​​ ​​​ ​Like, whaaat is happening…​ ​​ ​​​ ​Debating going to the plane,​ ​​ ​​​ ​but I think most everyone else ​ ​​ ​​ ​is in there.​ ​​ ​​​ ​but I think most everyone else ​ ​​ ​​ ​is in there.​ ​​ ​​​ ​Now hopefully, 250 grand is enough ​ ​​ ​​ ​for them to push through.​ ​​ ​​​ ​Now hopefully, 250 grand is enough ​ ​​ ​​ ​for them to push through.​ ​​ ​​​ ​This sucks.​ ​​ ​​​ ​I’m really losing it.​ ​​ ​​​ ​I just keep going back to, ​ ​​ ​​ ​when things get hard, I'm like,​ ​​ ​​​ ​I just keep going back to, ​ ​​ ​​ ​when things get hard, I'm like,​ ​​ ​​​ ​“I'm literally in a MrBeast video ​ ​​ ​​ ​competing for a lot of money.""​ ​​ ​​​ ​“I'm literally in a MrBeast video ​ ​​ ​​ ​competing for a lot of money.""​ ​​ ​​​ ​""You need to be here for that.”​ ​​ ​​​ ​All right…​ ​​ ​​​ ​I don't hear rain anymore.​ ​​ ​​​ ​The temperature dropped like craaaazy.​ ​​ ​​​ ​It got cooold.​ ​​ ​​​ ​Time to climb out, ​ ​​ ​​ ​see how everybody's doin'.​ ​​ ​​​ ​Time to climb out, ​ ​​ ​​ ​see how everybody's doin'.​ ​​ ​​​ ​So last night was the coldest night ​ ​​ ​​ ​we've been out here.​ ​​ ​​​ ​So last night was the coldest night ​ ​​ ​​ ​we've been out here.​ ​​ ​​​ ​Uhhh, as you can see from ​ ​​ ​​ ​the frost on the leaves,​ ​​ ​​​ ​Uhhh, as you can see from ​ ​​ ​​ ​the frost on the leaves,​ ​​ ​​​ ​the money box, ​ ​​ ​​ ​the trees…​ ​​ ​​​ ​the money box, ​ ​​ ​​ ​the trees…​ ​​ ​​​ ​Uhh… It was freezing!​ ​​ ​​​ ​FREEZING last night.​ ​​ ​​​ ​Get me up outta here.​ ​​ ​​​ ​Did you ever think you'd see ​ ​​ ​​ ​an airplane chair frozen outside?​ ​​ ​​​ ​Did you ever think you'd see ​ ​​ ​​ ​an airplane chair frozen outside?​ ​​ ​​​ ​That's craaazy, right?​ ​​ ​​​ ​I'm miserableee.​ ​​ ​​​ ​I'm starvinggg.​ ​​ ​​​ ​I don't think I can do ​ ​​ ​​ ​another night like that.​ ​​ ​​​ ​I don't think I can do ​ ​​ ​​ ​another night like that.​ ​​ ​​​ ​But the good news is, ​ ​​ ​​ ​if we're really cold,​ ​​ ​​​ ​But the good news is, ​ ​​ ​​ ​if we're really cold,​ ​​ ​​​ ​that means the Red Team ​ ​​ ​​ ​is also really cold.​ ​​ ​​​ ​that means the Red Team ​ ​​ ​​ ​is also really cold.​ ​​ ​​​ ​It's like a complete FLOOD through hereeee.​ ​​ ​​​ ​That was our fire pit!!!​ ​​ ​​​ ​It was, like, SO hot yesterday.​ ​​ ​​​ ​What's going on here, heh?!​ ​​ ​​​ ​The rain made this challenge ​ ​​ ​​ ​excruciatingly more difficult…​ ​​ ​​​ ​The rain made this challenge ​ ​​ ​​ ​excruciatingly more difficult…​ ​​ ​​​ ​I'm FREE!​ ​​ ​​​ ​causing six people from the Red Team…​ ​​ ​​​ ​Ahhhh…​ ​​ ​​​ ​MrBeast,​ ​​ ​​​ ​we are NEVER going camping again.​ ​​ ​​​ ​we are never going camping again.​ ​​ ​​​ ​and two from the Blue Team…​ ​​ ​​​ ​Y'all better WIN it!​ ​​ ​​​ ​to head home.​ ​​ ​​​ ​Let's just hope that the storm ​ ​​ ​​ ​was enough of a distraction​ ​​ ​​​ ​Let's just hope that the storm ​ ​​ ​​ ​was enough of a distraction​ ​​ ​​​ ​to not eat the canned food.​ ​​ ​​​ ​Just patiently awaiting tonight​ ​​ ​​​ ​to find out if we won the challengggeee.​ ​​ ​​​ ​Every single one of us would loooove ​ ​​ ​​ ​to eat that food.​ ​​ ​​​ ​Every single one of us would loooove ​ ​​ ​​ ​to eat that food.​ ​​ ​​​ ​What's on the agenda today, guys?​ ​​ ​​​ ​I can do pottery with some people.​ ​​ ​​​ ​If we don't win it, it's not gonna ​ ​​ ​​ ​be a good day for Red Team.​ ​​ ​​​ ​If we don't win it, it's not gonna ​ ​​ ​​ ​be a good day for Red Team.​ ​​ ​​​ ​Bag secure.​ ​​ ​​​ ​Hello, everybody!​ ​​ ​​​ ​YAYYYYY!!​ ​​ ​​​ ​Woaaah!​ ​​ ​​​ ​There's not many of you left!​ ​​ ​​​ ​Can I have your unopened cans?​ ​​ ​​​ ​As promised…​ ​​ ​​​ ​All right. Thank you for the cans.​ ​​ ​​​ ​Here's a walkie.​ ​​ ​​​ ​I'll tell you the results​ ​​ ​​​ ​when I get their cans.​ ​​ ​​​ ​All right, now let's check in ​ ​​ ​​ ​on the professionals.​ ​​ ​​​ ​All right, now let's check in ​ ​​ ​​ ​on the professionals.​ ​​ ​​​ ​Let's goooo!​ ​​ ​​​ ​YOOOO!!​ ​​ ​​​ ​Oh, they're-- they're still underground?​ ​​ ​​​ ​Awh, yeah!​ ​​ ​​​ ​Ohh!​ ​​ ​​​ ​Okay…​ ​​ ​​​ ​Patrick, do you mind ​ ​​ ​​ ​helping me carry it?​ ​​ ​​​ ​Patrick, do you mind ​ ​​ ​​ ​helping me carry it?​ ​​ ​​​ ​You're very strong, yeahhh.​ ​​ ​​​ ​Okay! Here you go.​ ​​ ​​​ ​Yayyy!​ ​​ ​​​ ​Blue Team, is there anything ​ ​​ ​​ ​you'd like to say to the Red Team?​ ​​ ​​​ ​Blue Team, is there anything ​ ​​ ​​ ​you'd like to say to the Red Team?​ ​​ ​​​ ​AHHHHHHHHHHHHH!!!!!!!​ ​​ ​​​ ​aaahhhhhh​ ​​ ​​​ ​OHHHHHH!!!​ ​​ ​​​ ​AHA HA HAAA!​ ​​ ​​​ ​Let's GOoo!​ ​​ ​​​ ​All right.​ ​​ ​​​ ​How many cans did you eat?​ ​​ ​​​ ​Wouldn't you like to know?​ ​​ ​​​ ​Mmhhmm.​ ​​ ​​​ ​So, it's so…Yeah.​ ​​ ​​​ ​See? They think they're doin' something.​ ​​ ​​​ ​Actually…​ ​​ ​​​ ​Exactly why I asked, Blue Team.​ ​​ ​​​ ​You sound hungry and cranky over there.​ ​​ ​​​ ​oooOOOOHHHH…​ ​​ ​​​ ​Red Team and Blue Team, the results of ​ ​​ ​​ ​the 50-can challenge are in.​ ​​ ​​​ ​Red Team and Blue Team, the results of ​ ​​ ​​ ​the 50-can challenge are in.​ ​​ ​​​ ​In front of me are two bags.​ ​​ ​​​ ​I say we start off by revealing ​ ​​ ​​ ​the Blue side's results.​ ​​ ​​​ ​I say we start off by revealing ​ ​​ ​​ ​the Blue side's results.​ ​​ ​​​ ​Blue Team just gave me back…​ ​​ ​​​ ​The hunger is real.​ ​​ ​​​ ​How one of those canned goods ​ ​​ ​​ ​tastes right about now.​ ​​ ​​​ ​How one of those canned goods ​ ​​ ​​ ​tastes right about now.​ ​​ ​​​ ​The fact that we have ​ ​​ ​​ ​50 canned goods up there.​ ​​ ​​​ ​The fact that we have ​ ​​ ​​ ​50 canned goods up there.​ ​​ ​​​ ​Blows my mind.​ ​​ ​​​ ​50 cans of food.​ ​​ ​​​ ​WOOOOOO!!!!​ ​​ ​​​ ​YESSS!​ ​​ ​​​ ​I dropped two…​ ​​ ​​​ ​But 50!​ ​​ ​​​ ​And Red Team…​ ​​ ​​​ ​The amateurs…​ ​​ ​​​ ​Also gave me 50 cans of food back.​ ​​ ​​​ ​Meaning neither side ​ ​​ ​​ ​will be getting a reward.​ ​​ ​​​ ​Meaning neither side ​ ​​ ​​ ​will be getting a reward.​ ​​ ​​​ ​Noooo…​ ​​ ​​​ ​Aghhhh…​ ​​ ​​​ ​Shocker!​ ​​ ​​​ ​Flare.​ ​​ ​​​ ​FLARE!​ ​​ ​​​ ​Flare.​ ​​ ​​​ ​No, literally, flare.​ ​​ ​​​ ​Blue Team seems fine.​ ​​ ​​​ ​Red Team seems VERY angry ​ ​​ ​​ ​about that result.​ ​​ ​​​ ​Red Team seems VERY angry ​ ​​ ​​ ​about that result.​ ​​ ​​​ ​Oh, my GOSH-- Wait!​ ​​ ​​​ ​I literally just revealed the results​ ​​ ​​​ ​and three people just got out!!​ ​​ ​​​ ​It's been REAALLLLL!​ ​​ ​​​ ​Oh, they are falling apart. ​ ​​ ​​ ​I need to go over there.​ ​​ ​​​ ​Oh, they are falling apart. ​ ​​ ​​ ​I need to go over there.​ ​​ ​​​ ​What the HECK just happened?!​ ​​ ​​​ ​Oh, wait, are you about to light it?​ ​​ ​​​ ​My mama heart’s telling me to goooo.​ ​​ ​​​ ​Woaahh!​ ​​ ​​​ ​That is FIVE.​ ​​ ​​​ ​wooooOOOOOO!​ ​​ ​​​ ​You ended up getting ​ ​​ ​​ ​no food out of it.​ ​​ ​​​ ​You ended up getting ​ ​​ ​​ ​no food out of it.​ ​​ ​​​ ​Do you regret not eating the cans?​ ​​ ​​​ ​Yeah…​ ​​ ​​​ ​That was… a gut punch.​ ​​ ​​​ ​Uhhh, the morale​ ​​ ​​​ ​I ADORE each and every one of y'all…​ ​​ ​​​ ​but I'm just-- ​ ​​ ​​ ​I'm ready to go home.​ ​​ ​​​ ​but I'm just-- ​ ​​ ​​ ​I'm ready to go home.​ ​​ ​​​ ​WOO!!​ ​​ ​​​ ​OHH!!​ ​​ ​​​ ​YEAHHH!​ ​​ ​​​ ​Things are starting to ​ ​​ ​​ ​be a little grim…​ ​​ ​​​ ​Things are starting to ​ ​​ ​​ ​be a little grim…​ ​​ ​​​ ​Oh, morale’s pretty tough ​ ​​ ​​ ​for the Blue beast this morning.​ ​​ ​​​ ​Oh, morale’s pretty tough ​ ​​ ​​ ​for the Blue beast this morning.​ ​​ ​​​ ​We lost three last night.​ ​​ ​​​ ​The sleep deprivation is REAL.​ ​​ ​​​ ​The hunger is REAL.​ ​​ ​​​ ​Uhh, we are struggling with, ​ ​​ ​​ ​uhhhh, some food stuff.​ ​​ ​​​ ​Uhh, we are struggling with, ​ ​​ ​​ ​uhhhh, some food stuff.​ ​​ ​​​ ​I ammm foreverrr starvingggg.​ ​​ ​​​ ​tweeeeee toooot twee tooo wheeeeee​ ​​ ​​​ ​And while Seth was trying ​ ​​ ​​ ​to cheer up the camp,​ ​​ ​​​ ​And while Seth was trying ​ ​​ ​​ ​to cheer up the camp,​ ​​ ​​​ ​not everyone was in a good mood.​ ​​ ​​​ ​tooot tooo wheee toolee wheeeee​ ​​ ​​​ ​Quite honestly, guys,​ ​​ ​​​ ​I'd rather one of you kick me ​ ​​ ​​ ​in the nuts than hear that.​ ​​ ​​​ ​I'd rather one of you kick me ​ ​​ ​​ ​in the nuts than hear that.​ ​​ ​​​ ​We could all be here for weeks and weeks.​ ​​ ​​​ ​I have a wife and daughter ​ ​​ ​​ ​I have to get back to.​ ​​ ​​​ ​I have a wife and daughter ​ ​​ ​​ ​I have to get back to.​ ​​ ​​​ ​Patrick and Malik are having ​ ​​ ​​ ​a pretty hard hug right now,​ ​​ ​​​ ​Patrick and Malik are having ​ ​​ ​​ ​a pretty hard hug right now,​ ​​ ​​​ ​and I'm just hoping that it's not ​ ​​ ​​ ​another conversation about leavin'.​ ​​ ​​​ ​and I'm just hoping that it's not ​ ​​ ​​ ​another conversation about leavin'.​ ​​ ​​​ ​YOOOOO!!​ ​​ ​​​ ​I'm gonna miss you all.​ ​​ ​​​ ​Maaan…​ ​​ ​​​ ​Hey everybody, I'm leaving today.​ ​​ ​​​ ​Do you realize the value you've ​ ​​ ​​ ​brought to this team?​ ​​ ​​​ ​Do you realize the value you've ​ ​​ ​​ ​brought to this team?​ ​​ ​​​ ​I do.​ ​​ ​​​ ​I taught everybody how to make ​ ​​ ​​ ​shelters that'll withstand the elements.​ ​​ ​​​ ​I taught everybody how to make ​ ​​ ​​ ​shelters that'll withstand the elements.​ ​​ ​​​ ​I tried really hard to set ​ ​​ ​​ ​everybody up for success.​ ​​ ​​​ ​I tried really hard to set ​ ​​ ​​ ​everybody up for success.​ ​​ ​​​ ​And I think Blue Team's gonna win.​ ​​ ​​​ ​I'm out of time I can be away ​ ​​ ​​ ​from my business.​ ​​ ​​​ ​I'm out of time I can be away ​ ​​ ​​ ​from my business.​ ​​ ​​​ ​There’s no joy in leaving.​ ​​ ​​​ ​Gotta put my business first, though.​ ​​ ​​​ ​We love you Seth!​ ​​ ​​​ ​Love you, Seth.​ ​​ ​​​ ​The GOAT!​ ​​ ​​​ ​Man, you're the ultimate survivalist.​ ​​ ​​​ ​Seth just lit a flare.​ ​​ ​​​ ​He taught everyone so much.​ ​​ ​​​ ​But it's also hard 'cuz we don't know ​ ​​ ​​ ​what's going on, on the other side.​ ​​ ​​​ ​But it's also hard 'cuz we don't know ​ ​​ ​​ ​what's going on, on the other side.​ ​​ ​​​ ​I can tell that I'm losing weight ​ ​​ ​​ ​every day,​ ​​ ​​​ ​I can tell that I'm losing weight ​ ​​ ​​ ​every day,​ ​​ ​​​ ​and I don't have much ​ ​​ ​​ ​weight to lose​ ​​ ​​​ ​and I don't have much ​ ​​ ​​ ​weight to lose​ ​​ ​​​ ​until my body ​ ​​ ​​ ​starts shutting down.​ ​​ ​​​ ​until my body ​ ​​ ​​ ​starts shutting down.​ ​​ ​​​ ​It’s starting to physically ​ ​​ ​​ ​hurt my body.​ ​​ ​​​ ​It’s starting to physically ​ ​​ ​​ ​hurt my body.​ ​​ ​​​ ​Like, my hips hurt. I'm sick.​ ​​ ​​​ ​Oh, you ready to go!! Ah-ha!​ ​​ ​​​ ​I'm READY to gooo.​ ​​ ​​​ ​Rest in peace, Mona. ​ ​​ ​​ ​Always in our hearts.​ ​​ ​​​ ​Rest in peace, Mona. ​ ​​ ​​ ​Always in our hearts.​ ​​ ​​​ ​thuuuUUHHH​ ​​ ​​​ ​She didn't die.​ ​​ ​​​ ​aHA HAA!​ ​​ ​​​ ​It’s good that more people ​ ​​ ​​ ​are dropping because…​ ​​ ​​​ ​It’s good that more people ​ ​​ ​​ ​are dropping because…​ ​​ ​​​ ​Ka-ching, ka-ching! HA!​ ​​ ​​​ ​Every time someone leaves...​ ​​ ​​​ ​the pot gets bigger.​ ​​ ​​​ ​And with less people,​ ​​ ​​​ ​the Red Team was forced to ​ ​​ ​​ ​take on more responsibilities.​ ​​ ​​​ ​the Red Team was forced to ​ ​​ ​​ ​take on more responsibilities.​ ​​ ​​​ ​Our group has something in them to prove.​ ​​ ​​​ ​I think they're gonna step up.​ ​​ ​​​ ​Since our chef Brittany left, ​ ​​ ​​ ​I gotta fill in half the role.​ ​​ ​​​ ​Since our chef Brittany left, ​ ​​ ​​ ​I gotta fill in half the role.​ ​​ ​​​ ​The girlies chopped up ​ ​​ ​​ ​chives and carrots,​ ​​ ​​​ ​The girlies chopped up ​ ​​ ​​ ​chives and carrots,​ ​​ ​​​ ​and I feel like it came ​ ​​ ​​ ​out good, like…​ ​​ ​​​ ​and I feel like it came ​ ​​ ​​ ​out good, like…​ ​​ ​​​ ​We can manage!! We can manage.​ ​​ ​​​ ​I’ve proven that I can do a lot more ​ ​​ ​​ ​than even I thought I could do.​ ​​ ​​​ ​I’ve proven that I can do a lot more ​ ​​ ​​ ​than even I thought I could do.​ ​​ ​​​ ​Because it's my birthday,​ ​​ ​​​ ​I'm buying random people ​ ​​ ​​ ​who subscribe whatever they want.​ ​​ ​​​ ​I'm buying random people ​ ​​ ​​ ​who subscribe whatever they want.​ ​​ ​​​ ​It could be a car, a dream vacation, ​ ​​ ​​ ​or even just paying off your rent.​ ​​ ​​​ ​It could be a car, a dream vacation, ​ ​​ ​​ ​or even just paying off your rent.​ ​​ ​​​ ​All you have to do is click subscribe ​ ​​ ​​ ​and comment what you want,​ ​​ ​​​ ​All you have to do is click subscribe ​ ​​ ​​ ​and comment what you want,​ ​​ ​​​ ​and I'll be picking random winners ​ ​​ ​​ ​over the next 30 days.​ ​​ ​​​ ​and I'll be picking random winners ​ ​​ ​​ ​over the next 30 days.​ ​​ ​​​ ​Good luck!​ ​​ ​​​ ​We have a big storm coming in,​ ​​ ​​​ ​and a lot of people could ​ ​​ ​​ ​end up leaving tonight.​ ​​ ​​​ ​and a lot of people could ​ ​​ ​​ ​end up leaving tonight.​ ​​ ​​​ ​This is the Airbn-Beast.​ ​​ ​​​ ​Yeah, this is the entrance. ​ ​​ ​​ ​It blocks the wind.​ ​​ ​​​ ​Yeah, this is the entrance. ​ ​​ ​​ ​It blocks the wind.​ ​​ ​​​ ​Woaahhhh!​ ​​ ​​​ ​Oh, the rain's starting to pick up!!​ ​​ ​​​ ​Do you think this is rain proof?​ ​​ ​​​ ​I think it's rain resistant.​ ​​ ​​​ ​Rain is coming in, and so, ​ ​​ ​​ ​I'm beefing up my door,​ ​​ ​​​ ​Rain is coming in, and so, ​ ​​ ​​ ​I'm beefing up my door,​ ​​ ​​​ ​and I just need all this holly in ​ ​​ ​​ ​to fill in those gaps.​ ​​ ​​​ ​and I just need all this holly in ​ ​​ ​​ ​to fill in those gaps.​ ​​ ​​​ ​But right after I left,​ ​​ ​​​ ​heavy rain poured in...​ ​​ ​​​ ​for hours upon hours.​ ​​ ​​​ ​We've been dealing with nonstop rain ​ ​​ ​​ ​for about five hours.​ ​​ ​​​ ​We've been dealing with nonstop rain ​ ​​ ​​ ​for about five hours.​ ​​ ​​​ ​Everybody's shoes are soaked,​ ​​ ​​​ ​socks are soaked, ​ ​​ ​​ ​clothes are soaked.​ ​​ ​​​ ​socks are soaked, ​ ​​ ​​ ​clothes are soaked.​ ​​ ​​​ ​Where we were planning to sleep is soaked.​ ​​ ​​​ ​I think we're all getting to ​ ​​ ​​ ​the end of our wits here.​ ​​ ​​​ ​I think we're all getting to ​ ​​ ​​ ​the end of our wits here.​ ​​ ​​​ ​Our camp is absolutely soaked. ​ ​​ ​​ ​This has to end soon.​ ​​ ​​​ ​Our camp is absolutely soaked. ​ ​​ ​​ ​This has to end soon.​ ​​ ​​​ ​I'm just hoping Red Team had to go ​ ​​ ​​ ​through something similar.​ ​​ ​​​ ​I'm just hoping Red Team had to go ​ ​​ ​​ ​through something similar.​ ​​ ​​​ ​Have to refill my water.​ ​​ ​​​ ​Then I'm gonna go sit in my tent, ​ ​​ ​​ ​read, and nap.​ ​​ ​​​ ​Then I'm gonna go sit in my tent, ​ ​​ ​​ ​read, and nap.​ ​​ ​​​ ​These days are the easiest days. ​ ​​ ​​ ​These are filler days to us.​ ​​ ​​​ ​These days are the easiest days. ​ ​​ ​​ ​These are filler days to us.​ ​​ ​​​ ​And while Red was happily ​ ​​ ​​ ​waiting out the rain,​ ​​ ​​​ ​And while Red was happily ​ ​​ ​​ ​waiting out the rain,​ ​​ ​​​ ​my Day 14 challenge might affect ​ ​​ ​​ ​who will reign supreme next.​ ​​ ​​​ ​my Day 14 challenge might affect ​ ​​ ​​ ​who will reign supreme next.​ ​​ ​​​ ​EVERYONE, gather round!!​ ​​ ​​​ ​GATHER AROUND THE BOXES!​ ​​ ​​​ ​Blue Team, how are we doin'?​ ​​ ​​​ ​WOOOOOOO!!​ ​​ ​​​ ​YEAHH!​ ​​ ​​​ ​All riiiight.​ ​​ ​​​ ​An identical set of boxes​ ​​ ​​​ ​has been placed in front of both teams.​ ​​ ​​​ ​We will be opening them one at a time,​ ​​ ​​​ ​revealing a crucial survival item.​ ​​ ​​​ ​If both teams reject it, only then ​ ​​ ​​ ​will the next item be revealed.​ ​​ ​​​ ​If both teams reject it, only then ​ ​​ ​​ ​will the next item be revealed.​ ​​ ​​​ ​And whichever team hits ​ ​​ ​​ ​their button first,​ ​​ ​​​ ​And whichever team hits ​ ​​ ​​ ​their button first,​ ​​ ​​​ ​will be able to keep the item.​ ​​ ​​​ ​If you guys decide to take that box, ​ ​​ ​​ ​they get nothing.​ ​​ ​​​ ​If you guys decide to take that box, ​ ​​ ​​ ​they get nothing.​ ​​ ​​​ ​Does that make sense?​ ​​ ​​​ ​Yeah.​ ​​ ​​​ ​Majd, Tareq...​ ​​ ​​​ ​REVEAL THE FIRST BOX!!​ ​​ ​​​ ​Box number one!​ ​​ ​​​ ​Fishing gear.​ ​​ ​​​ ​There's no FISH in that river!​ ​​ ​​​ ​We can't catch fish. ​ ​​ ​​ ​It's really useless…​ ​​ ​​​ ​We can't catch fish. ​ ​​ ​​ ​It's really useless…​ ​​ ​​​ ​We passing on this?​ ​​ ​​​ ​HARD pass!​ ​​ ​​​ ​Is anyone gonna push that button?​ ​​ ​​​ ​I'm ready to tackle somebody ​ ​​ ​​ ​for hitting that button.​ ​​ ​​​ ​I'm ready to tackle somebody ​ ​​ ​​ ​for hitting that button.​ ​​ ​​​ ​Are you guys sure?​ ​​ ​​​ ​YESSS!!​ ​​ ​​​ ​YEAAAH!​ ​​ ​​​ ​You guys said no to the first box.​ ​​ ​​​ ​Tareq, reveal the second box.​ ​​ ​​​ ​Cast iron pots and pans.​ ​​ ​​​ ​Cast iron cookin'.​ ​​ ​​​ ​Chef, what do you think?​ ​​ ​​​ ​I feel like we have everything else, no???​ ​​ ​​​ ​Maybe we should just click it ​ ​​ ​​ ​so they don't get anything.​ ​​ ​​​ ​Maybe we should just click it ​ ​​ ​​ ​so they don't get anything.​ ​​ ​​​ ​Now, reminder, if the other team takes it, ​ ​​ ​​ ​you guys get nothing.​ ​​ ​​​ ​Now, reminder, if the other team takes it, ​ ​​ ​​ ​you guys get nothing.​ ​​ ​​​ ​And if both teams reject every box,​ ​​ ​​​ ​then both teams get everything.​ ​​ ​​​ ​We can have it ALL. ​ ​​ ​​ ​DON'T HIT IT!!​ ​​ ​​​ ​We can have it ALL. ​ ​​ ​​ ​DON'T HIT IT!!​ ​​ ​​​ ​We could get all five boxes…​ ​​ ​​​ ​But then they have five boxes.​ ​​ ​​​ ​Okay, yes or no?​ ​​ ​​​ ​No.​ ​​ ​​​ ​No?​ ​​ ​​​ ​They passed up on box number TWO.​ ​​ ​​​ ​That was dumbbb. ​ ​​ ​​ ​We don’t need anything else!​ ​​ ​​​ ​That was dumbbb. ​ ​​ ​​ ​We don’t need anything else!​ ​​ ​​​ ​Reveal box number three.​ ​​ ​​​ ​Feastables peanut butter cups.​ ​​ ​​​ ​oooHHHHH!​ ​​ ​​​ ​Look how many FEASTABLESSS!!​ ​​ ​​​ ​LOOK AT THAT!​ ​​ ​​​ ​AWHHH!​ ​​ ​​​ ​This is CRUEL. This is just CRUEL.​ ​​ ​​​ ​Peanut butter cups, nooo!​ ​​ ​​​ ​The peanut butter… ​ ​​ ​​ ​The milk chocolate…​ ​​ ​​​ ​The peanut butter… ​ ​​ ​​ ​The milk chocolate…​ ​​ ​​​ ​My mouth is SALIVATING right now.​ ​​ ​​​ ​AHAAA HA HA​ ​​ ​​​ ​The other team might press it!!​ ​​ ​​​ ​The other team might hit it, guys.​ ​​ ​​​ ​Don’t do it, Carlosss!​ ​​ ​​​ ​Put yo hand down.​ ​​ ​​​ ​PLEASE hit it.​ ​​ ​​​ ​I'm saying no.​ ​​ ​​​ ​wooo woo woOO WOOO​ ​​ ​​​ ​Three, two, one…​ ​​ ​​​ ​WAHHHHH!!​ ​​ ​​​ ​Close that box!!​ ​​ ​​​ ​It's gone!​ ​​ ​​​ ​That was difficult. That was difficult.​ ​​ ​​​ ​Open the fourth box.​ ​​ ​​​ ​Building supplies.​ ​​ ​​​ ​NOOOO!! No!​ ​​ ​​​ ​NO!​ ​​ ​​​ ​No, nooo!​ ​​ ​​​ ​You guys can build more shelter.​ ​​ ​​​ ​WE ALREADY BUILT IT!​ ​​ ​​​ ​That's an EAAASYYY pass.​ ​​ ​​​ ​So far, both teams have passed ​ ​​ ​​ ​on every box.​ ​​ ​​​ ​So far, both teams have passed ​ ​​ ​​ ​on every box.​ ​​ ​​​ ​I would really think hard ​ ​​ ​​ ​about the next one.​ ​​ ​​​ ​I would really think hard ​ ​​ ​​ ​about the next one.​ ​​ ​​​ ​If no one hits the button on both sides, ​ ​​ ​​ ​you guys get everything.​ ​​ ​​​ ​If no one hits the button on both sides, ​ ​​ ​​ ​you guys get everything.​ ​​ ​​​ ​But if they hit the button ​ ​​ ​​ ​on this last box,​ ​​ ​​​ ​But if they hit the button ​ ​​ ​​ ​on this last box,​ ​​ ​​​ ​you guys get nothin'.​ ​​ ​​​ ​I don't think they're gonna push the button.​ ​​ ​​​ ​I think they will.​ ​​ ​​​ ​You think they will?​ ​​ ​​​ ​Yeah.​ ​​ ​​​ ​Why do you think that?​ ​​ ​​​ ​If they press no button, ​ ​​ ​​ ​we're all even again.​ ​​ ​​​ ​If they press no button, ​ ​​ ​​ ​we're all even again.​ ​​ ​​​ ​That is true.​ ​​ ​​​ ​Why would they want to help someone ​ ​​ ​​ ​that doesn't have as much stuff,​ ​​ ​​​ ​Why would they want to help someone ​ ​​ ​​ ​that doesn't have as much stuff,​ ​​ ​​​ ​get allllll the things?​ ​​ ​​​ ​So I think the strategy is​ ​​ ​​​ ​you don't want to give them something ​ ​​ ​​ ​that they might need.​ ​​ ​​​ ​you don't want to give them something ​ ​​ ​​ ​that they might need.​ ​​ ​​​ ​Question! Is there a world ​ ​​ ​​ ​where you do it?​ ​​ ​​​ ​Question! Is there a world ​ ​​ ​​ ​where you do it?​ ​​ ​​​ ​Noooo!​ ​​ ​​​ ​We gotta see what's in that box first.​ ​​ ​​​ ​Yeah, but then we both get it anyway.​ ​​ ​​​ ​They don't want us to take it!! ​ ​​ ​​ ​So they're gonna hit the last button.​ ​​ ​​​ ​They don't want us to take it!! ​ ​​ ​​ ​So they're gonna hit the last button.​ ​​ ​​​ ​That's what I think.​ ​​ ​​​ ​They're gonna hit it just 'cuz ​ ​​ ​​ ​they don't want us to take it.​ ​​ ​​​ ​They're gonna hit it just 'cuz ​ ​​ ​​ ​they don't want us to take it.​ ​​ ​​​ ​That's fine because we don't need anything!​ ​​ ​​​ ​That's fine.​ ​​ ​​​ ​This might be more advantageous ​ ​​ ​​ ​for them to win.​ ​​ ​​​ ​This might be more advantageous ​ ​​ ​​ ​for them to win.​ ​​ ​​​ ​That's why we should click it ​ ​​ ​​ ​for this next box.​ ​​ ​​​ ​That's why we should click it ​ ​​ ​​ ​for this next box.​ ​​ ​​​ ​Majd, Tareq! Reveal the last box.​ ​​ ​​​ ​Steaks, Jack Links, and seasonings ​ ​​ ​​ ​for your entire team.​ ​​ ​​​ ​Steaks, Jack Links, and seasonings ​ ​​ ​​ ​for your entire team.​ ​​ ​​​ ​Oh, my GOOODD.​ ​​ ​​​ ​WHAAT!​ ​​ ​​​ ​AHHH!​ ​​ ​​​ ​I’m pressing the button!!​ ​​ ​​​ ​HEY! Wait, wait, wait, wait--​ ​​ ​​​ ​WAIT, wait--​ ​​ ​​​ ​No!​ ​​ ​​​ ​NOOO!!!​ ​​ ​​​ ​NOO!​ ​​ ​​​ ​NOO!!​ ​​ ​​​ ​You guys not doing it?​ ​​ ​​​ ​huuUUH!​ ​​ ​​​ ​Did he?​ ​​ ​​​ ​NO!​ ​​ ​​​ ​Did you press it?​ ​​ ​​​ ​He pressed it IMMEDIATELY!​ ​​ ​​​ ​Blue Team pressed the button!​ ​​ ​​​ ​What?​ ​​ ​​​ ​Blue Team pressed it immediately.​ ​​ ​​​ ​Wait, WHAATT?​ ​​ ​​​ ​AGHHH!​ ​​ ​​​ ​WHAT ARE YOU DOINGGG??​ ​​ ​​​ ​Blue Team hit the button, and…​ ​​ ​​​ ​You guys got nothing.​ ​​ ​​​ ​No one had the guts to press the button?​ ​​ ​​​ ​'Cuz everybody had to taaaalk about it.​ ​​ ​​​ ​Well, y’all said noooo.​ ​​ ​​​ ​Don’t hit the button yet!​ ​​ ​​​ ​Ohhh, I don't-- ​ ​​ ​​ ​I don't wanna be here anymore.​ ​​ ​​​ ​Ohhh, I don't-- ​ ​​ ​​ ​I don't wanna be here anymore.​ ​​ ​​​ ​And though Patrick's quick thinking ​ ​​ ​​ ​gave him the advantage,​ ​​ ​​​ ​And though Patrick's quick thinking ​ ​​ ​​ ​gave him the advantage,​ ​​ ​​​ ​the disregard for their input ​ ​​ ​​ ​immediately created a rift.​ ​​ ​​​ ​the disregard for their input ​ ​​ ​​ ​immediately created a rift.​ ​​ ​​​ ​You're really not listening, are you?!​ ​​ ​​​ ​I'M VEGETARIAN!!​ ​​ ​​​ ​Who cares?!​ ​​ ​​​ ​Whether discouraged ​ ​​ ​​ ​by losing the challenge…​ ​​ ​​​ ​Whether discouraged ​ ​​ ​​ ​by losing the challenge…​ ​​ ​​​ ​You know, losing really sucks.​ ​​ ​​​ ​We didn’t press the button.​ ​​ ​​​ ​Or by simply not being listened to.​ ​​ ​​​ ​I promise you, you're losing ​ ​​ ​​ ​more people than me.​ ​​ ​​​ ​I promise you, you're losing ​ ​​ ​​ ​more people than me.​ ​​ ​​​ ​Then get the HELL outta here!!!​ ​​ ​​​ ​waahhhhh…​ ​​ ​​​ ​Both Red Team​ ​​ ​​​ ​and Blue Team​ ​​ ​​​ ​lost multiple players.​ ​​ ​​​ ​But for the Blues who remain,​ ​​ ​​​ ​this was the first time they gained ​ ​​ ​​ ​a resource over their rivals.​ ​​ ​​​ ​this was the first time they gained ​ ​​ ​​ ​a resource over their rivals.​ ​​ ​​​ ​YAAAAASSS!!​ ​​ ​​​ ​WAHOOO!!​ ​​ ​​​ ​And for the first time ​ ​​ ​​ ​in over two weeks,​ ​​ ​​​ ​And for the first time ​ ​​ ​​ ​in over two weeks,​ ​​ ​​​ ​the Blue Team got ​ ​​ ​​ ​a little slice of heaven.​ ​​ ​​​ ​the Blue Team got ​ ​​ ​​ ​a little slice of heaven.​ ​​ ​​​ ​Who wants to cook their steak now?​ ​​ ​​​ ​The steaks are looking really good.​ ​​ ​​​ ​♪ Haaaallelujah ♪​ ​​ ​​​ ​Better than Christmas Day! ​ ​​ ​​ ​Better than Thanksgiving.​ ​​ ​​​ ​Better than Christmas Day! ​ ​​ ​​ ​Better than Thanksgiving.​ ​​ ​​​ ​♪ Haaaallelujah ♪​ ​​ ​​​ ​♪ Hallelujah, hallelujah ♪​ ​​ ​​​ ​YUM!!​ ​​ ​​​ ​♪ Halleeeluuujaah! ♪​ ​​ ​​​ ​I have energy because we had protein.​ ​​ ​​​ ​It's all coming together how we need it.​ ​​ ​​​ ​But things weren't as great ​ ​​ ​​ ​with the Red Team.​ ​​ ​​​ ​But things weren't as great ​ ​​ ​​ ​with the Red Team.​ ​​ ​​​ ​The pots would've been nice.​ ​​ ​​​ ​I was, like, Isaiah, please just trust me.​ ​​ ​​​ ​Literally, we have BLACK STUFF ​ ​​ ​​ ​in our food now​ ​​ ​​​ ​Literally, we have BLACK STUFF ​ ​​ ​​ ​in our food now​ ​​ ​​​ ​because they didn’t wanna ​ ​​ ​​ ​press the button for them pans.​ ​​ ​​​ ​because they didn’t wanna ​ ​​ ​​ ​press the button for them pans.​ ​​ ​​​ ​I’m over it. ​ ​​ ​​ ​I'm SO mad.​ ​​ ​​​ ​I’m over it. ​ ​​ ​​ ​I'm SO mad.​ ​​ ​​​ ​But once the meat was gone, ​ ​​ ​​ ​Blue Team ran into a new problem.​ ​​ ​​​ ​But once the meat was gone, ​ ​​ ​​ ​Blue Team ran into a new problem.​ ​​ ​​​ ​It's about​ ​​ ​​​ ​MONEY!!​ ​​ ​​​ ​I'm not a people person…​ ​​ ​​​ ​We just want more money!​ ​​ ​​​ ​But now that so many people have left, ​ ​​ ​​ ​it's a LOT of money.​ ​​ ​​​ ​But now that so many people have left, ​ ​​ ​​ ​it's a LOT of money.​ ​​ ​​​ ​And now that more and more ​ ​​ ​​ ​people are leaving,​ ​​ ​​​ ​And now that more and more ​ ​​ ​​ ​people are leaving,​ ​​ ​​​ ​their share of the $250,000, ​ ​​ ​​ ​if they win, is going up.​ ​​ ​​​ ​their share of the $250,000, ​ ​​ ​​ ​if they win, is going up.​ ​​ ​​​ ​You don't know how much it is​ ​​ ​​​ ​because you don't know ​ ​​ ​​ ​how many people are left.​ ​​ ​​​ ​because you don't know ​ ​​ ​​ ​how many people are left.​ ​​ ​​​ ​But trust me, it's starting to become ​ ​​ ​​ ​A LOT of money.​ ​​ ​​​ ​But trust me, it's starting to become ​ ​​ ​​ ​A LOT of money.​ ​​ ​​​ ​Thousands of dollars…​ ​​ ​​​ ​So Trinh hatched a plan to increase ​ ​​ ​​ ​her share of the money.​ ​​ ​​​ ​So Trinh hatched a plan to increase ​ ​​ ​​ ​her share of the money.​ ​​ ​​​ ​Are we ever gonna leave this PLAAAACE?!​ ​​ ​​​ ​♪ haaaaAAAHHH ♪​ ​​ ​​​ ​Trinhy is really starting ​ ​​ ​​ ​to get on my nerves.​ ​​ ​​​ ​Trinhy is really starting ​ ​​ ​​ ​to get on my nerves.​ ​​ ​​​ ​I'M IN A MRBEAST VIDEOOO!!!​ ​​ ​​​ ​I think the survival aspect of it ​ ​​ ​​ ​isn’t the hardest part anymore.​ ​​ ​​​ ​I think the survival aspect of it ​ ​​ ​​ ​isn’t the hardest part anymore.​ ​​ ​​​ ​You're selfish for taking the tarp!​ ​​ ​​​ ​I didn't take it, did Sonny take it?​ ​​ ​​​ ​Okay, so how about we take ​ ​​ ​​ ​the tarp so we can make ​ ​​ ​​ ​a shelter for everyone to use…​ ​​ ​​​ ​Okay, so how about we take ​ ​​ ​​ ​the tarp so we can make ​ ​​ ​​ ​a shelter for everyone to use…​ ​​ ​​​ ​So you’re gonna rip down ​ ​​ ​​ ​the shelter that we moved into ​ ​​ ​​ ​that someone else built?​ ​​ ​​​ ​So you’re gonna rip down ​ ​​ ​​ ​the shelter that we moved into ​ ​​ ​​ ​that someone else built?​ ​​ ​​​ ​Dude you’re WIIILD right now.​ ​​ ​​​ ​I can't even believe that you, of all ​ ​​ ​​ ​people can say that I'm selfish.​ ​​ ​​​ ​I can't even believe that you, of all ​ ​​ ​​ ​people can say that I'm selfish.​ ​​ ​​​ ​You can keep talking over me.​ ​​ ​​​ ​Yeah, my career is based around ​ ​​ ​​ ​good energy, good vibes,​ ​​ ​​​ ​Yeah, my career is based around ​ ​​ ​​ ​good energy, good vibes,​ ​​ ​​​ ​I don't believe in bad days,​ ​​ ​​​ ​when I see team mates are down,​ ​​ ​​​ ​I either try to make them laugh, ​ ​​ ​​ ​I do a backflip.​ ​​ ​​​ ​I either try to make them laugh, ​ ​​ ​​ ​I do a backflip.​ ​​ ​​​ ​I really felt like I'd done enough to win.​ ​​ ​​​ ​WOOO!​ ​​ ​​​ ​OHHHH!!​ ​​ ​​​ ​My bad, y’all…​ ​​ ​​​ ​We think somebody flared because​ ​​ ​​​ ​we heard them screaming ​ ​​ ​​ ​and then, you know, the clap--​ ​​ ​​​ ​we heard them screaming ​ ​​ ​​ ​and then, you know, the clap--​ ​​ ​​​ ​It was like screaming, clapping.​ ​​ ​​​ ​Someone definitely flared.​ ​​ ​​​ ​Their team is probably getting ready ​ ​​ ​​ ​to break off,​ ​​ ​​​ ​Their team is probably getting ready ​ ​​ ​​ ​to break off,​ ​​ ​​​ ​especially after getting that steak, ​ ​​ ​​ ​and now it's, like, gone…​ ​​ ​​​ ​especially after getting that steak, ​ ​​ ​​ ​and now it's, like, gone…​ ​​ ​​​ ​Yeah.​ ​​ ​​​ ​We can win for sure.​ ​​ ​​​ ​I want some sweet potatoes.​ ​​ ​​​ ​You ate a lunch, no one else got lunch.​ ​​ ​​​ ​I'm gonna EAT if I'm hungry.​ ​​ ​​​ ​I don't need to answer to you.​ ​​ ​​​ ​I don't need to answer to anyone here.​ ​​ ​​​ ​She's like the least team player vibes.​ ​​ ​​​ ​That last little bit of toxicity…​ ​​ ​​​ ​Thanks guys, that's exactly what we need ​ ​​ ​​ ​and now we can get outta here.​ ​​ ​​​ ​Thanks guys, that's exactly what we need ​ ​​ ​​ ​and now we can get outta here.​ ​​ ​​​ ​I didn't like him.​ ​​ ​​​ ​But the Red Team genuinely liked each other.​ ​​ ​​​ ​If we all just work together, ​ ​​ ​​ ​we can still-- We can win this!!!​ ​​ ​​​ ​If we all just work together, ​ ​​ ​​ ​we can still-- We can win this!!!​ ​​ ​​​ ​We can-- We can beat ​ ​​ ​​ ​the Blue Team, hopefullyyy!!!​ ​​ ​​​ ​We can-- We can beat ​ ​​ ​​ ​the Blue Team, hopefullyyy!!!​ ​​ ​​​ ​Thank you.​ ​​ ​​​ ​No problem.​ ​​ ​​​ ​Ohhhh, my God…​ ​​ ​​​ ​NOOOO!!​ ​​ ​​​ ​You have to work as a team ​ ​​ ​​ ​and be selfless.​ ​​ ​​​ ​You have to work as a team ​ ​​ ​​ ​and be selfless.​ ​​ ​​​ ​Everyone's willing to put up a fight.​ ​​ ​​​ ​We're still in this to win this, so…​ ​​ ​​​ ​We have a really strong team.​ ​​ ​​​ ​But the Blue Team maybe ​ ​​ ​​ ​didn't feel the same way.​ ​​ ​​​ ​But the Blue Team maybe ​ ​​ ​​ ​didn't feel the same way.​ ​​ ​​​ ​If we start breakin' apart one by one, ​ ​​ ​​ ​like losing Patrick…​ ​​ ​​​ ​If we start breakin' apart one by one, ​ ​​ ​​ ​like losing Patrick…​ ​​ ​​​ ​Is what it is.​ ​​ ​​​ ​And we all unanimously agreed ​ ​​ ​​ ​she could have some rice.​ ​​ ​​​ ​And we all unanimously agreed ​ ​​ ​​ ​she could have some rice.​ ​​ ​​​ ​I didn't hear that conversation.​ ​​ ​​​ ​We literally had the conversation ​ ​​ ​​ ​yesterday about the rice.​ ​​ ​​​ ​We literally had the conversation ​ ​​ ​​ ​yesterday about the rice.​ ​​ ​​​ ​I didn't hear it or participate.​ ​​ ​​​ ​I just want to leave with a WIN,​ ​​ ​​​ ​and I feel like I'm gonna leave with ​ ​​ ​​ ​this bitter taste in my mouth.​ ​​ ​​​ ​and I feel like I'm gonna leave with ​ ​​ ​​ ​this bitter taste in my mouth.​ ​​ ​​​ ​It really sucks, ​ ​​ ​​ ​and I don't wanna be bitter.​ ​​ ​​​ ​It really sucks, ​ ​​ ​​ ​and I don't wanna be bitter.​ ​​ ​​​ ​Really sorry, Joel.​ ​​ ​​​ ​Awhhh…​ ​​ ​​​ ​WOOO!!​ ​​ ​​​ ​I'm really glad that they're gone.​ ​​ ​​​ ​You hear that right then?​ ​​ ​​​ ​I heard what I think is ​ ​​ ​​ ​the Blue Team cheering.​ ​​ ​​​ ​I heard what I think is ​ ​​ ​​ ​the Blue Team cheering.​ ​​ ​​​ ​Yeahh, that sounded like ​ ​​ ​​ ​a small amount of guys.​ ​​ ​​​ ​Yeahh, that sounded like ​ ​​ ​​ ​a small amount of guys.​ ​​ ​​​ ​I heard it just then too!​ ​​ ​​​ ​huuUUH! Two people flared, you think?​ ​​ ​​​ ​We are, liiike, stuck here for life.​ ​​ ​​​ ​We know we're not! ​ ​​ ​​ ​We have the flares.​ ​​ ​​​ ​We know we're not! ​ ​​ ​​ ​We have the flares.​ ​​ ​​​ ​But also then, we lose.​ ​​ ​​​ ​And I don't lose.​ ​​ ​​​ ​We're gonna win this.​ ​​ ​​​ ​I don't know how. ​ ​​ ​​ ​I don't know when.​ ​​ ​​​ ​I don't know how. ​ ​​ ​​ ​I don't know when.​ ​​ ​​​ ​But we are gonna WIN this.​ ​​ ​​​ ​The less people we have, ​ ​​ ​​ ​the lower our chances of winning get.​ ​​ ​​​ ​The less people we have, ​ ​​ ​​ ​the lower our chances of winning get.​ ​​ ​​​ ​It's getting harder to stay.​ ​​ ​​​ ​I started to think that maybe ​ ​​ ​​ ​this was getting easier…​ ​​ ​​​ ​I started to think that maybe ​ ​​ ​​ ​this was getting easier…​ ​​ ​​​ ​It's not.​ ​​ ​​​ ​While the Blue Team was falling apart,​ ​​ ​​​ ​the Red Team was coming together so well.​ ​​ ​​​ ​They weren't just surviving, ​ ​​ ​​ ​they were thriving.​ ​​ ​​​ ​They weren't just surviving, ​ ​​ ​​ ​they were thriving.​ ​​ ​​​ ​It's relaxation time, guys.​ ​​ ​​​ ​Gonna have a quick little river day.​ ​​ ​​​ ​Sometimes you just gotta find ​ ​​ ​​ ​the good in the bad.​ ​​ ​​​ ​Sometimes you just gotta find ​ ​​ ​​ ​the good in the bad.​ ​​ ​​​ ​You literally SO fake! ​ ​​ ​​ ​You are so fake, it's WILD!!!​ ​​ ​​​ ​You literally SO fake! ​ ​​ ​​ ​You are so fake, it's WILD!!!​ ​​ ​​​ ​You literally SUCK, it's craaazy, like, ​ ​​ ​​ ​you--​ ​​ ​​​ ​You literally SUCK, it's craaazy, like, ​ ​​ ​​ ​you--​ ​​ ​​​ ​Are you gonna let me talk?!​ ​​ ​​​ ​You literally don't do ​ ​​ ​​ ​anything to contribute​ ​​ ​​​ ​You literally don't do ​ ​​ ​​ ​anything to contribute​ ​​ ​​​ ​outside of cooking food ​ ​​ ​​ ​that has NO taste AT all.​ ​​ ​​​ ​outside of cooking food ​ ​​ ​​ ​that has NO taste AT all.​ ​​ ​​​ ​It's CRAP food, honestly.​ ​​ ​​​ ​And I'm sorry, but I gotta say, it.​ ​​ ​​​ ​You gonna be okay?​ ​​ ​​​ ​No, I'm not.​ ​​ ​​​ ​You wanna take a walk?​ ​​ ​​​ ​*sniffff*​ ​​ ​​​ ​Yeah.​ ​​ ​​​ ​*sniff*​ ​​ ​​​ ​I mean, they're just such bullies.​ ​​ ​​​ ​Did he catch something?​ ​​ ​​​ ​OOHHHHHH!!​ ​​ ​​​ ​YEEES!​ ​​ ​​​ ​He looks BIIIIG too! ​ ​​ ​​ ​Good job!!!​ ​​ ​​​ ​He looks BIIIIG too! ​ ​​ ​​ ​Good job!!!​ ​​ ​​​ ​OHHH! sorry…​ ​​ ​​​ ​OHH!!​ ​​ ​​​ ​AGHH!!​ ​​ ​​​ ​AH HAHA!​ ​​ ​​​ ​We cleaned it as a team, ​ ​​ ​​ ​and we're cookin' it up now.​ ​​ ​​​ ​We cleaned it as a team, ​ ​​ ​​ ​and we're cookin' it up now.​ ​​ ​​​ ​!!!!!​ ​​ ​​​ ​They're just literally bullies.​ ​​ ​​​ ​They're mean girls.​ ​​ ​​​ ​I wanna leave today.​ ​​ ​​​ ​At the end of the day, I didn't win ​ ​​ ​​ ​a MrBeast challenge,​ ​​ ​​​ ​At the end of the day, I didn't win ​ ​​ ​​ ​a MrBeast challenge,​ ​​ ​​​ ​but I did my best.​ ​​ ​​​ ​Doesn’t matter, you stayed so long.​ ​​ ​​​ ​*sniff sniffff*​ ​​ ​​​ ​Anybody want a fork?​ ​​ ​​​ ​That's really good.​ ​​ ​​​ ​That tastes GOOD!!​ ​​ ​​​ ​Really?​ ​​ ​​​ ​Mhmm…​ ​​ ​​​ ​Yeah!!​ ​​ ​​​ ​Mhmm…​ ​​ ​​​ ​When something's right for you, ​ ​​ ​​ ​you'll have peace.​ ​​ ​​​ ​When something's right for you, ​ ​​ ​​ ​you'll have peace.​ ​​ ​​​ ​And I don't have peace ​ ​​ ​​ ​being here any longer.​ ​​ ​​​ ​And I don't have peace ​ ​​ ​​ ​being here any longer.​ ​​ ​​​ ​Ohhhhh…​ ​​ ​​​ ​Get me outta here!​ ​​ ​​​ ​YooOOO!​ ​​ ​​​ ​WOOOOOOO!!!!​ ​​ ​​​ ​AWOO AWOO AWOOOOO!​ ​​ ​​​ ​But just because you have the training ​ ​​ ​​ ​to survive by yourself in the wilderness​ ​​ ​​​ ​But just because you have the training ​ ​​ ​​ ​to survive by yourself in the wilderness​ ​​ ​​​ ​doesn't mean you can survive as a group.​ ​​ ​​​ ​We GOT THIS!!!​ ​​ ​​​ ​WOOOO!!​ ​​ ​​​ ​We are now five days in a row ​ ​​ ​​ ​with zero flares.​ ​​ ​​​ ​We are now five days in a row ​ ​​ ​​ ​with zero flares.​ ​​ ​​​ ​Amelia's gone, and I think ​ ​​ ​​ ​Trinh is very selfish.​ ​​ ​​​ ​Amelia's gone, and I think ​ ​​ ​​ ​Trinh is very selfish.​ ​​ ​​​ ​If we're one short, because of Red ​ ​​ ​​ ​beat us by one person​ ​​ ​​​ ​If we're one short, because of Red ​ ​​ ​​ ​beat us by one person​ ​​ ​​​ ​wooooo!!!​ ​​ ​​​ ​and you're cheering over here?​ ​​ ​​​ ​It's your money that you're losing, too.​ ​​ ​​​ ​There's just so many less bodies.​ ​​ ​​​ ​At one point, there were FIFTY survivalists.​ ​​ ​​​ ​Hopefully tomorrow is challenge day ​ ​​ ​​ ​or extraction day.​ ​​ ​​​ ​Hopefully tomorrow is challenge day ​ ​​ ​​ ​or extraction day.​ ​​ ​​​ ​But we need something.​ ​​ ​​​ ​THREE WEEKS in the woods!!​ ​​ ​​​ ​Let's see how they're doin'!​ ​​ ​​​ ​Hello, everyone!!​ ​​ ​​​ ​Do y’all want a challenge?!​ ​​ ​​​ ​YEAHHH!​ ​​ ​​​ ​Hell yeah!!​ ​​ ​​​ ​ahaha ha!​ ​​ ​​​ ​Amateurs, why do you think I have this?​ ​​ ​​​ ​Is that where rescue is?​ ​​ ​​​ ​This…​ ​​ ​​​ ​is a map of the Red camp.​ ​​ ​​​ ​And this is a flare gun.​ ​​ ​​​ ​You're gonna mark where ​ ​​ ​​ ​you wanna hide this flare gun​ ​​ ​​​ ​You're gonna mark where ​ ​​ ​​ ​you wanna hide this flare gun​ ​​ ​​​ ​in their camp.​ ​​ ​​​ ​aahhhHHH!​ ​​ ​​​ ​OHHHH!​ ​​ ​​​ ​Whichever side finds the flare gun first,​ ​​ ​​​ ​will decide when the video ​ ​​ ​​ ​ends by firing it.​ ​​ ​​​ ​will decide when the video ​ ​​ ​​ ​ends by firing it.​ ​​ ​​​ ​You can end the game today.​ ​​ ​​​ ​You can end it in five days,​ ​​ ​​​ ​ten days, whenever you want.​ ​​ ​​​ ​And the other team will have ​ ​​ ​​ ​no control over it.​ ​​ ​​​ ​And the other team will have ​ ​​ ​​ ​no control over it.​ ​​ ​​​ ​Oooh, I just got chills.​ ​​ ​​​ ​If you pop that flare, ​ ​​ ​​ ​there is the world, you still lose.​ ​​ ​​​ ​If you pop that flare, ​ ​​ ​​ ​there is the world, you still lose.​ ​​ ​​​ ​So you just gotta remember that.​ ​​ ​​​ ​What if they hold on to it ​ ​​ ​​ ​for two weeks?​ ​​ ​​​ ​What if they hold on to it ​ ​​ ​​ ​for two weeks?​ ​​ ​​​ ​Then they're messed up ​ ​​ ​​ ​and SICK in the head.​ ​​ ​​​ ​Then they're messed up ​ ​​ ​​ ​and SICK in the head.​ ​​ ​​​ ​ahahaha ha ha haaa​ ​​ ​​​ ​They're gonna walk the boundary at that.​ ​​ ​​​ ​Yeah…​ ​​ ​​​ ​So we'll bring it in more.​ ​​ ​​​ ​Let's make them work for it so ​ ​​ ​​ ​they burn a bunch of calories.​ ​​ ​​​ ​Let's make them work for it so ​ ​​ ​​ ​they burn a bunch of calories.​ ​​ ​​​ ​Yeah.​ ​​ ​​​ ​Yeahhh.​ ​​ ​​​ ​So definitely somewhere far away.​ ​​ ​​​ ​ahh-AHHHHHH!​ ​​ ​​​ ​Ohhh, my God…​ ​​ ​​​ ​X marks the spot then!​ ​​ ​​​ ​Here we go.​ ​​ ​​​ ​Yeah? Good??​ ​​ ​​​ ​It’s happening.​ ​​ ​​​ ​This is it.​ ​​ ​​​ ​This is exactly where ​ ​​ ​​ ​they marked on the map.​ ​​ ​​​ ​This is exactly where ​ ​​ ​​ ​they marked on the map.​ ​​ ​​​ ​Their flare is now here.​ ​​ ​​​ ​Let's see if they find it first.​ ​​ ​​​ ​First team to find a flare​ ​​ ​​​ ​will decide when THIS VIDEO ENDS!​ ​​ ​​​ ​ARE YOU READY??!​ ​​ ​​​ ​YEAHHHH!!​ ​​ ​​​ ​YEAAAHHHH!​ ​​ ​​​ ​Three…​ ​​ ​​​ ​Two…​ ​​ ​​​ ​ONE!​ ​​ ​​​ ​Take off your blindfolds!​ ​​ ​​​ ​GOOD LUCK!​ ​​ ​​​ ​It’s time to go!​ ​​ ​​​ ​GO FIND IT!!​ ​​ ​​​ ​OHHH, my God!!​ ​​ ​​​ ​Oh, my GODDD!​ ​​ ​​​ ​All right, what's the--​ ​​ ​​​ ​What's the plan, amateurs?!​ ​​ ​​​ ​WHAT'S THE PLAN??!​ ​​ ​​​ ​I CAN'T SEE!​ ​​ ​​​ ​What, hey-- What's-- ​ ​​ ​​ ​What's the plan?!​ ​​ ​​​ ​What, hey-- What's-- ​ ​​ ​​ ​What's the plan?!​ ​​ ​​​ ​We all gridded it out.​ ​​ ​​​ ​So did y'all talk about what you were ​ ​​ ​​ ​gonna go separately already?​ ​​ ​​​ ​So did y'all talk about what you were ​ ​​ ​​ ​gonna go separately already?​ ​​ ​​​ ​I'm going to the very far back woods.​ ​​ ​​​ ​Hey, guys!! Guys, WAIT!​ ​​ ​​​ ​OKAY, where we going?! ​ ​​ ​​ ​I'm going--​ ​​ ​​​ ​OKAY, where we going?! ​ ​​ ​​ ​I'm going--​ ​​ ​​​ ​Wait, before we go off!​ ​​ ​​​ ​Wait, you guys didn't figure up ​ ​​ ​​ ​a plan while you're blindfolded?​ ​​ ​​​ ​Wait, you guys didn't figure up ​ ​​ ​​ ​a plan while you're blindfolded?​ ​​ ​​​ ​This is a MESS!​ ​​ ​​​ ​WAIT!​ ​​ ​​​ ​Red Team is a mess.​ ​​ ​​​ ​They all have a plan.​ ​​ ​​​ ​They are determined to be ​ ​​ ​​ ​the ones that find this flare.​ ​​ ​​​ ​They are determined to be ​ ​​ ​​ ​the ones that find this flare.​ ​​ ​​​ ​I’m going to the furthest corner.​ ​​ ​​​ ​You go towards the docks, ​ ​​ ​​ ​I'll go the other way!​ ​​ ​​​ ​You go towards the docks, ​ ​​ ​​ ​I'll go the other way!​ ​​ ​​​ ​GO FIND THE FLARE!!​ ​​ ​​​ ​I gotta get my water right over here.​ ​​ ​​​ ​What if the Blue Team finds it ​ ​​ ​​ ​when you're getting water?​ ​​ ​​​ ​What if the Blue Team finds it ​ ​​ ​​ ​when you're getting water?​ ​​ ​​​ ​*guuullp*​ ​​ ​​​ ​Taking his time…​ ​​ ​​​ ​which is fine.​ ​​ ​​​ ​Surely the Blue Team-- ​ ​​ ​​ ​The Blue Team's not even close.​ ​​ ​​​ ​Surely the Blue Team-- ​ ​​ ​​ ​The Blue Team's not even close.​ ​​ ​​​ ​So right now, I'm actually really ​ ​​ ​​ ​close to the border.​ ​​ ​​​ ​So right now, I'm actually really ​ ​​ ​​ ​close to the border.​ ​​ ​​​ ​I'm under the border.​ ​​ ​​​ ​All right, I'm down here searching ​ ​​ ​​ ​for the flare.​ ​​ ​​​ ​All right, I'm down here searching ​ ​​ ​​ ​for the flare.​ ​​ ​​​ ​I'm gonna find it!!​ ​​ ​​​ ​I'm gonna find it.​ ​​ ​​​ ​Awhh, man.​ ​​ ​​​ ​We are DEEP in the woods!!​ ​​ ​​​ ​All right, he found his teammate.​ ​​ ​​​ ​Nobody entered that back corner. ​ ​​ ​​ ​They went right.​ ​​ ​​​ ​Nobody entered that back corner. ​ ​​ ​​ ​They went right.​ ​​ ​​​ ​So if you're gonna go that way, ​ ​​ ​​ ​I'm gonna go that way.​ ​​ ​​​ ​So if you're gonna go that way, ​ ​​ ​​ ​I'm gonna go that way.​ ​​ ​​​ ​I'm gonna head down by the dock.​ ​​ ​​​ ​You can literally see all around here.​ ​​ ​​​ ​Now, you just gotta scan.​ ​​ ​​​ ​I can see…​ ​​ ​​​ ​inward.​ ​​ ​​​ ​Dude, I really wanna find this flare.​ ​​ ​​​ ​We're all so focused ​ ​​ ​​ ​on finding this flare gun.​ ​​ ​​​ ​We're all so focused ​ ​​ ​​ ​on finding this flare gun.​ ​​ ​​​ ​I didn't have a cameraman follow me, ​ ​​ ​​ ​so maybe a sign I'm not in the right area.​ ​​ ​​​ ​I didn't have a cameraman follow me, ​ ​​ ​​ ​so maybe a sign I'm not in the right area.​ ​​ ​​​ ​But I hope we find this flare first.​ ​​ ​​​ ​Can see pretty much the whole…​ ​​ ​​​ ​field down there, ​ ​​ ​​ ​and I don't see it.​ ​​ ​​​ ​field down there, ​ ​​ ​​ ​and I don't see it.​ ​​ ​​​ ​I also don't see it here.​ ​​ ​​​ ​You see anything?!​ ​​ ​​​ ​Nope! Not here.​ ​​ ​​​ ​Neither do I!!!​ ​​ ​​​ ​So go look out!​ ​​ ​​​ ​OH, I think I see it!​ ​​ ​​​ ​Don't mess with me.​ ​​ ​​​ ​I'm just kidding.​ ​​ ​​​ ​Awhh, man.​ ​​ ​​​ ​I think I hit it pretty much everything.​ ​​ ​​​ ​I don't… I think we’d see it.​ ​​ ​​​ ​*huff huff*​ ​​ ​​​ ​Wait…​ ​​ ​​​ ​*huff huuufff*​ ​​ ​​​ ​Whhhat is that?​ ​​ ​​​ ​*huuuufff*​ ​​ ​​​ ​BERRRRRRR​ ​​ ​​​ ​BERRRRRRR BERRRRRRR​ ​​ ​​​ ​Someone found a flare.​ ​​ ​​​ ​DID Y'ALL FIND IT??​ ​​ ​​​ ​The horn is going off.​ ​​ ​​​ ​Our team might've found it.​ ​​ ​​​ ​Hopefully, that means we found it.​ ​​ ​​​ ​These contestants have spent the last ​ ​​ ​​ ​20 days in the woods​ ​​ ​​​ ​These contestants have spent the last ​ ​​ ​​ ​20 days in the woods​ ​​ ​​​ ​losing teammates…​ ​​ ​​​ ​Get me outta here!!​ ​​ ​​​ ​There's no joy in leaving.​ ​​ ​​​ ​alliances pushing themselves ​ ​​ ​​ ​to their limits…​ ​​ ​​​ ​alliances pushing themselves ​ ​​ ​​ ​to their limits…​ ​​ ​​​ ​Is that thunder?​ ​​ ​​​ ​Here comes the rain!!!​ ​​ ​​​ ​For this moment, right here.​ ​​ ​​​ ​I found it, I FOUND IT!!!​ ​​ ​​​ ​I got it, I GOT IT!!!​ ​​ ​​​ ​I got it, I got it, I got it--​ ​​ ​​​ ​This is Taylor, I GOT IT!!​ ​​ ​​​ ​I GOT IT!​ ​​ ​​​ ​I GOT it!!​ ​​ ​​​ ​YESSS!​ ​​ ​​​ ​I got it!​ ​​ ​​​ ​woo!!​ ​​ ​​​ ​WOOOOOOO!!​ ​​ ​​​ ​They found it. ​ ​​ ​​ ​They found it first.​ ​​ ​​​ ​They found it. ​ ​​ ​​ ​They found it first.​ ​​ ​​​ ​How many people do you think are left ​ ​​ ​​ ​on the amateurs?​ ​​ ​​​ ​How many people do you think are left ​ ​​ ​​ ​on the amateurs?​ ​​ ​​​ ​Nine!​ ​​ ​​​ ​Eight!​ ​​ ​​​ ​I hope that they think, ​ ​​ ​​ ​“Oh, well we got this in the bag.”​ ​​ ​​​ ​I hope that they think, ​ ​​ ​​ ​“Oh, well we got this in the bag.”​ ​​ ​​​ ​I hope that they blow the flare ​ ​​ ​​ ​and we have more people.​ ​​ ​​​ ​I hope that they blow the flare ​ ​​ ​​ ​and we have more people.​ ​​ ​​​ ​Is there any world where ​ ​​ ​​ ​there's more than you?​ ​​ ​​​ ​Is there any world where ​ ​​ ​​ ​there's more than you?​ ​​ ​​​ ​Maybe, but…​ ​​ ​​​ ​We don't think so.​ ​​ ​​​ ​What if you waited till tomorrow?​ ​​ ​​​ ​Nahhh, we waited TWENTY days!​ ​​ ​​​ ​Yeahh…​ ​​ ​​​ ​SHOOT THE FLARE!!​ ​​ ​​​ ​After 20 days, it all comes down to this.​ ​​ ​​​ ​The side with the most contestants ​ ​​ ​​ ​is winning that money.​ ​​ ​​​ ​The side with the most contestants ​ ​​ ​​ ​is winning that money.​ ​​ ​​​ ​Three!​ ​​ ​​​ ​Two!​ ​​ ​​​ ​One!​ ​​ ​​​ ​Take off your blindfolds!!!​ ​​ ​​​ ​WOOO!!!​ ​​ ​​​ ​WOOOOO!​ ​​ ​​​ ​That is correct.​ ​​ ​​​ ​There's 11 left on the Blue Team,​ ​​ ​​​ ​but only 9 left on the Red Team.​ ​​ ​​​ ​Blue Team you just won $250,000!!​ ​​ ​​​ ​YAAYYYY!!!​ ​​ ​​​ ​WOO-HOO!!​ ​​ ​​​ ​Oh, my GOD!!​ ​​ ​​​ ​They're going CRAAAZY!​ ​​ ​​​ ​It's emotional, but… *sniff*​ ​​ ​​​ ​Umm…​ ​​ ​​​ ​What can I say? ​ ​​ ​​ ​They're survival experts,​ ​​ ​​​ ​What can I say? ​ ​​ ​​ ​They're survival experts,​ ​​ ​​​ ​and I'm just proud ​ ​​ ​​ ​we made it this far.​ ​​ ​​​ ​and I'm just proud ​ ​​ ​​ ​we made it this far.​ ​​ ​​​ ​We're gonna give each of you $4,000 ​ ​​ ​​ ​for spending time out here.​ ​​ ​​​ ​We're gonna give each of you $4,000 ​ ​​ ​​ ​for spending time out here.​ ​​ ​​​ ​They're not going home empty handed.​ ​​ ​​​ ​YAYYYYY!!​ ​​ ​​​ ​They each are walking home with $22,000!!​ ​​ ​​​ ​Whether you have skill or ​ ​​ ​​ ​a bunch of resources,​ ​​ ​​​ ​Whether you have skill or ​ ​​ ​​ ​a bunch of resources,​ ​​ ​​​ ​I think in the end the thing ​ ​​ ​​ ​that matters most​ ​​ ​​​ ​I think in the end the thing ​ ​​ ​​ ​that matters most​ ​​ ​​​ ​is working together!!!​ ​​ ​​​ ​Thank you guys for watching!​ ​​",0.035342601811185655,0.43546586604382137,5,Video,2
B9LizOAAoLg,I’m Granting Wishes For My Subscribers,20260507,@MrBeast,MrBeast,16,True,233699822,2420322,915000,https://i.ytimg.com/vi_webp/B9LizOAAoLg/maxresdefault.webp,https://www.youtube.com/watch?v=B9LizOAAoLg,Disclaimer: We are contributing cash towards the wish of your choosing. Rules and conditions apply. Please visit https://bit.ly/MrB_Birthday_YT for additional rules and details.,"To celebrate my birthday, I want to grant your biggest wish. Like going to a World Cup, no way. &gt;&gt; Paying off your college tuition, maybe giving you gear to start a YouTube career. Whatever it is, comment down below your biggest wish and subscribe for a chance to win it. Cuz I want to give back to you guys like you've given to me. Dude, I'm going to the World Cup.",0.014271820883115606,0.3844999033897508,6,Short,4
4l97aNza_Zc,"Survive 30 Days Chained To Your Ex, Win $250,000",20250913,@MrBeast,MrBeast,2224,False,230657167,4127799,68000,https://i.ytimg.com/vi_webp/4l97aNza_Zc/maxresdefault.webp,https://www.youtube.com/watch?v=4l97aNza_Zc,"I can’t believe they chose to do that
Sign up for Current 👉  http://current.com/beast?utm_source=inf&utm_campaign=beast&utm_adgroup=Beast_2025-09-13&utm_creative=description with the code BEAST to get $1! Get paid faster, qualify for an advance up to $750, save smarter, and build credit all in one app. CurrentPartner

Go find the NEW Feastables Chocolate Milk and Sour Strikes Gummies at a store near you 👉 https://fstbls.com/5mj6dv FeastablesPartner

SUBSCRIBE OR I TAKE YOUR DOG
╔═╦╗╔╦╗╔═╦═╦╦╦╦╗╔═╗
║╚╣║║║╚╣╚╣╔╣╔╣║╚╣═╣ 
╠╗║╚╝║║╠╗║╚╣║║║║║═╣
╚═╩══╩═╩═╩═╩╝╚╩═╩═╝

For any questions or inquiries regarding this video, please reach out to chucky@mrbeastbusiness.com

Music Provided by https://www.extrememusic.com

----------------------------------------------------------------
follow all of these or i will kick you
• Facebook - https://www.facebook.com/MrBeast/
• Twitter - https://twitter.com/MrBeast
•  Instagram - https://www.instagram.com/mrbeast
•  Im Hiring! - https://www.mrbeastjobs.com/
--------------------------------------------------------------------

Current is a financial technology company, not an FDIC-insured bank. Banking services provided by Choice Bank and/or Cross River Bank, both FDIC insured. Terms and conditions apply. See https://current.com/legal_disclaimers for details.","Take off your blindfolds! These two people used to date. They had a four-year romantic relationship and now they're exes. And if they spend 30 days chained together… I will give them $250,000. How long ago did you two date? Three years ago. She broke up with me. He's salty. I can't force you guys to do it, but once you clip on the handcuffs, the 30 day challenge has begun. I’m locked in. - Oh, gosh. - They're both handcuffed. From this point forward, if either of you decide to quit by crossing this red line, I will instantly unhandcuff both of you. The video is over, but neither of you wins anything. Have fun, you two. My ex-boyfriend? Really, Jimmy? Bro, what? - What’s up, dude? - Hi. Can I give you a-- Oh. Oh. Where are we? This is your happy home for the next 30 days. This is the kitchen. You can hang out. You can workout. You have separate beds. There's a question mark door, we'll worry about that later. And most importantly, you're probably wondering, since you two are handcuffed together, how do you use the bathroom? Oh, no. Someone go in the bathroom. Stop it! I have to shower with this on? Yeah, if you take it off at any point, the video is over. Slide the handcuffs in there. Wait. You guys are cruel! Boom! Hey, she needs more slack. But what if she has to use the toilet. Hey! Wait, I can't believe I'm in the same room as you right now. - Yeah, and you're kinda stuck with me. - Yeah. - Wait, am I stuck with you? - Oh, gosh. Actually, Suzie has been through this kind of challenge before when she lasted 100 days in a room with a complete stranger. But this time, she's trapped with someone she knows a little too well. One thing to decide, do we even wanna be eating together? I don't know. Ok, Josh is showering right now so I feel like it's time to get my honest thoughts out there. I'm nervous for this challenge. We dated four years. We're broken up for three, and now we're locked together in a box. At some point, someone's gonna have to start saying something. Ay, ay, ay. - Jeez. - Sorry. Well, you might as well leave it on now. It's the morning of day two, and our exes are still trying to find their own rhythm. You fed me. That equals happy woman. With this 60-foot chain, they can live their own separate lives. And that's exactly what they're choosing to do. I was picturing like if we were actually chained close together and I was feeling a little scared. Are you scared to be close to me? She really should be. Because this chain will shrink, and these two exes will be forced to confront each other. Get me out of here! You make me wanna die. But for now, just living together is proving to be pretty difficult. - You get wet? - Uh, huh. Oh, sorry! With the disgusting pan grease all over me. Sorry. On that note, I'm gonna go lock myself away in the shower. Here's the deal. I've been pretty rough on her today. She deserves it. You broke up with me. I feel like we should talk about our problems eventually. I want to acclimate a little bit more before just yapping. It's been a few days since we've seen Jimmy in here. I'm ready for some action 'cause right now, this is the vibe. Silence at all times. Things are so bad between them I wonder if a shorter chain would bring them closer together, or tear them apart. It's day five, and time for the first offer. Happy day five! Wait why are you guys on opposite sides of the room? 'Cause we can be. Well, come on over. You're coming up on a week. How's it been? It's just like, I'm getting kind of used to her being here. It's hard to even like, really talk about things. - Oh. - Yeah. To celebrate five days of being chained together, you're being served a very special offer. Your chain is about to shrink no matter what. Bro. Offer #1 is a 50 foot chain, 10 feet shorter than what you currently have. - Mhm. - Ok. Offer #2 is a 30 foot chain, your current chain cut in half. And if you choose this one, we will add $25,000 to your prize pool. If you guys wanna make $25,000 while sitting around in here then you would choose this 30 foot chain. No, that's so short. If you choose this chain, you'll have to live a lot closer to each other. I mean I was around you for four years for free. I mean, I can be a little closer for-- That's crazy. An extra 10K. Do you want your chain cut in half? I'm saying yes. I'm with it. Let's do it. Ok. Nolan, let's cut the chain in half! Oh, gosh. Their chain has officially been cut in half. Good luck to the two of you. Cheers. I'm not regretful of taking more money. Well we still have 25 days, but we also haven't really figured out that this is shorter yet. Like, we haven't bumped into the issue of it being too short yet. It'll probably happen in a very short amount of time. Ohh! Like right now! Oh! Not even 24 hours into the chain being half the length. We are already having problems. Even right now, Josh is showering while I'm sitting at the table. I would love to be on my bed right now, but the chain doesn't reach the bed anymore. At 4 a.m. got woken up by Josh to go to the bathroom. I need to go to the bathroom. [groans] The chain being shorter, it's very uncomfortable in here. My God, 6 feet distance at all times please. Ew! You just got your sweat all over my forehead. Hey, I’m kind of walking! I’m Josh, I'm immature. [mocking voice] My name is Suzie. You're looking pretty gross. Thanks! D-Bag. I think this challenge might be easier if it was with a stranger. I know you're working on it. I know you're trying your absolute best, but you're absolutely insane. [gasps] You're being disrespectful to me. - It's not disrespect. - You're being mean. This morning I started with a comment, and then we kept having an issue about it. To be real, the problem with the comment was that you're like, making fun of me in hopes that people would join in. To also point fun at me. Bro, you're actually delusional. Suzie in the psych ward. I really don't know how I'm gonna feel about you at the end of this. It's been an absolute fiasco. It feels like she escalates it when it's like, ""No, no. Just a comment. I'm not hating on you."" - You know what’s crazy? - You. Funny. Let's see if we go one day without Josh pissing me off. Pardon? You keep saying things to embarrass me, and I don't appreciate it. It's literally a joke. No, that's so embarrassing to do to another person when who knows how many people are watching us! Oh, like ""that's disrespectful"" thing has turned it into a bit. I'm not thinking in bits right now, I'm thinking in how I feel I'm being treated. - Everything's about you. - It's not. You're the star and I'm the accessory. It's not all about me at all. It's-- we're equal partners. Josh is the one who did it. Josh pissed me off. It's Josh's fault. Because I feel like you're saying things that make me wanna die. I apologize, it's totally understandable. But the only way that we're gonna kill that now is to let that be yesterday. I wanna make it 30 days and be done. I'm certain that you do as well. Yeah. This is more rough than I thought it was gonna be. We're not gonna survive this if it keeps going like today did. But I think we should try. Absolutely, I think we should try. We're just in here to survive, win money, and then never speak again. Fresh start? Sure. And though they agreed to get along for the sake of the challenge, I wanted to see just how committed they were on the next check-in day. It's day 10! Yeah! To celebrate, we’re going to-- Oh, no. Shrink your chain by 10 feet! - Woohoo! - Yay! For free. Oh. But before we do that, obviously, shortening the chain last time led to some personal space issues. [groans] And because in the future days, the two of you will have an opportunity to make a lot of money, in exchange for shrinking your chain, for one time only, I'm gonna unbolt the furniture, let you guys move it around, and then bolt it back down permanently. Oh. But first, let's update your chain. Can't wait. And to help move things around… Alright, alright, alright! Here is your expert crew. Alright. You have until midnight tonight to move whatever you want around. Should we get to it? Yeah, rotate, rotate, rotate. After putting the boys to work, Suzie and Josh moved all the furniture within each area closer to each other, with an emphasis on one area in particular. This is our bathroom and our bed. What we have tonight is what we will have for 20 more days. It's survivable. And to sweeten the deal, I gave them one more surprise. - Suzie, Josh. - Chandler. We got a fridge full of our brand new Feastables! - No way! - Let’s go! Sorry, guys. This is our first time revealing our chocolate milk. Oh! Cheers! Cheers. That's good. It's also made with real whole milk and loaded with vitamins A, D, and potassium. You took the words right out of my mouth. It tastes amazing. Go find Feastables chocolate milk at Walmart, 7-Eleven, and Speedway locations nationwide. This is the best part of the whole challenge. Even though the chain got shorter, moving the furniture put Josh and Suzie in a better mood. The chain shrunk 10 feet, and so far today we haven't had any problems with it. Is there anything you're concerned about? Being too close. Ok. Even though their fighting continued, the chain was actually starting to bring them closer. And over time, they were becoming friends again. We're super bored today and we've eaten a lot of Lunchly, so we're gonna put it up on the wall in a heart shape. And now I present to you the first Lunchly heart in the world. Josh wanted to lay down and journal at the same time as I wanted to walk on the treadmill. This is our compromise. Thank you, Josh. We should be working together to get out of here. Yeah, we have to get through everything. - Friends? - Friends. But now that they were finally getting along, Josh couldn't help but wonder, why didn't they work out in the first place? Hey Suzie, can we talk? We didn't have a bad breakup. You wanted to go do other things that didn't line up with what I was doing. Like, a reoccurring thing in the past was, I felt as if I had to be sharing with you what I wanted all the time. Honestly, I think if I were to entertain something again… I would need to feel that it's like, very different than before. What did you do after we broke up? Bawling my eyes out because I was so alone. What’d you do when we broke up? I started crying. Like not following you but never forgetting your Instagram handle. Searching it up every other week. But it was weird like watching your life in third person after being a part of it for so long. Felt like my heart split in two. Don't cry. I was still madly in love with you when I broke up with you. I didn't want to break up. I never wanted to do that. [chuckling] I don't think I ever like fully stopped loving you. What? So what do we do? I feel like this challenge is allowing me to see Josh in a whole new light. It has been… eye opening. The only problem is, what happens in this room is not a good representation of what life is in the real world. Even though Josh and Suzie were making breakthroughs in their relationship, this was still a 30-day challenge, and the isolation from the outside world was starting to get to Josh. Literally gave up my entire life outside of here to be here. And it's just now really setting in. Bro, I haven’t been outside in two weeks. My whole life is outside. If I had to pay to get outside access, I would not do that. I just want to be outside, bro! What's up? I don't feel well. Mentally. And that's why on day 15, we had the perfect solution to their biggest problem. For day 15, we wanted to offer you guys an outdoor space. I'm giving you the chance to unlock the outdoors and double your space. That means full access to the entire yard whenever you want. But here's the catch: you guys wanna keep this outdoor area, you're gonna have to switch to a 10-foot chain. I've been missing the outside. We might have a better view of like the sunset or even sunrise. Yeah but I don't think that's worth losing half our chain. If we take this off for just getting to go outside, we're always this close. We shouldn't do it, and we can easily sacrifice not having sunlight. I just don't want it to be a missed opportunity further down the line. I’m very tempted to take this. Ten feet halfway through though means who knows how much wiggle room we'll have, though? You guys have had time to talk about it. Are you taking the day 15 offer? Yeah, no. Alright well, go back inside. We’re just gonna enjoy it for one more minute. Yeah, there's a 10 second timer. - I'm up. I’m in, I’m in. - 10, 9, 8, 7… 6-5-4-3-2-1! See ya in a few days. Alright. Do you feel regretful now that we jumped inside? I don't know. I do miss the outside. Turning down the day 15 offer really took a toll on Josh. And the next day, the thought of going outside was still eating at him. It’s a little bit, um, depressing today. You just woke up. Thinking it was Mystery Door and not. Having nothing change about our daily life. This is the longest month of my life. The day that we were expecting something big to happen, nothing happened. Why has today felt so long? Well hopefully the Mystery Door whatever it is, it’s something good. Do you have any new thoughts on what's in that room? Oh my gosh, there's Teslas back there. That'd be crazy. Here's the thing, this isn't the first time Suzie has faced a mystery challenge. In a previous video, she turned down a mystery box that had $50,000 and her favorite car, a Tesla. And it crushed her. Oh, I wanna cry. That's literally my dream. They got us Teslas! If it's a Tesla behind those doors, we have to take it, just for my redemption arc. Come on. But for Josh, the excitement of the Mystery Door still wasn't enough to bring him out of his funk. [groan] Feelin’ like I'm going crazy. Violence, bro. [grumbling] It's like, get me home! Josh was having a hard time today, and sometimes you have to be the one to continue pulling your partner along when they're having a bad day. So Josh is still sleeping, but I decided to make him breakfast this morning because Josh was just feeling really down. For you! Whoa! You made a heart out of bacon and eggs? Yeah. - Wow. A heart? - Mhm. Friendship? Friendship. Part of me is wondering what that meant. tryna figure that out. Like, you don’t just make someone breakfast in bed. Josh was so confused and desperate to understand Suzie's gesture that he did something so drastic, so unthinkable. I mean, the one thing that he hated most in the entire world… I guess I'm gonna have to read “The Man's Guide to Women.” “When it comes to the intricate dance that men and women do when they're attracted to each other, the women are in control. Their actions were often subtle. All were definitive signals that a woman was interested and approachable.” While Josh was wondering what was behind Suzie's act of kindness, Suzie was wondering what was behind the Mystery Door. I can't see anything. What if it's a little Tessy? Maybe we should make Jimmy some banana bread. Good job. I'm proud of you. Thanks. Thanks? - Bye. - What? Can't wait for the chapter of my “Men's Guide to Women” to explain what that was. The book says if she wants you, these are the signals: Direct eye contact, a smile, repeatedly glancing at you. Here's my guess… She likes me. Is that the ring from me? Yeah. You still wear it? Every once in a while. I never was able to throw away a single thing from our relationship. One thing in particular, I had to sell. What do you mean? The night before we leave here is when I’ll tell you. I don't think I ever told her. I was too scared. He kept most of the stuff from when we dated, except something that he's been holding from me this whole time. Let's just say there's a big reason it's a secret. I gotta say, I'm dying to know that secret. If there's anything keeping me here ‘til the end of this challenge, it's that information. It's day 20, and it's time to spice things up a little bit. Happy day 20! How's it goin’? In front of you are five ways you can open this Mystery Door. - Ooh! - Oh my gosh. Now, here's the thing: I'll be going from right to left, revealing an offer under each platter. If you say yes to an offer, whatever's behind the Mystery Door is yours. If you say no, only then does the next offer get revealed. But just remember, you might be saying no to the best deal on the table. Oh, that's messed up! Option #1, you pay $50,000. They hope that I take this one 'cause I'm all nervous. - What do you think? - I think we say no to this. Ok. Offer #2, $100,000 out of your prize pool. Ugh! It's probably the last platter that's better. I think we get rid of this again. The third offer… Ooh! Minus 25,000, and your chain goes to 5 feet. This is how close you'll be. You still have 10 days left in this challenge. Oh, God. Oh… If they say no, they only have two offers left. Oh, this is hard! If they say yes, they will win whatever's behind that question mark. Before you make a decision, do you remember the last video you were in, where you said no to the mystery box and a Tesla? Yep. What do you think is behind that door? I have no idea. I can't see anything. Put your head on the ground. What if it's a little Tessy? I just wanna see the door! Let's take this… for you. - Yes. - Yeah, we'll take this one. Alright, they have officially accepted the offer! My next offer was minus 25,000, but your chain stays the same length. The final offer… Free. It's ok. They shrunk their chain to 5 feet, they paid 25,000… What if they put two Teslas? Tesla, Tesla, Tesla… Teslas! You both won brand new Teslas! [screaming] Jimmy!! Come on in! I’m actually gonna cry! I know it's just a car, but I’m actually so grateful! This is a $40,000 car. - Can I give you a hug? - Of course. Oh, watch out for Josh. It's like a redemption arc! Exactly. I'm so excited!! She's excited. I'm excited because we just launched our brand new creation for Feastables: Sour Strike Gummies! I literally can't believe this. Absolutely insane. They have no artificial dyes or sweeteners. Just clean, high quality ingredients. I literally feel like I'm in a dream! Sour Strike Gummies are now available at Target, 7-Eleven, and Speedway locations nationwide. This is the best day of my life! But don't forget these Teslas do come at a cost. Let's see how the bathroom works now that their chain is only 5 feet. Alright. Go to the shower. Alright. Oh! This chain can't get shorter. Oh… it can. We made you a Feastables banana bread. That actually looks good. I think the best way to wash this down is with some Feastables chocolate milk now available in all these retailers you see on screen. It tastes phenomenal. Has 13 grams of protein. It’s in stores now. Go try the new Feastables chocolate milk. I'll see you in 5 days to shrink your chain again. - Great. - Wow. Can’t wait. I look forward to it. Oh. See you guys. Good morning. Ok, gentle movements. I can't even wash my hands. Suzie and I have discovered the fun reality that a 5 foot chain sucks. This chain is really annoying. I can't even bring my hand up. Yeah it's pissing me off. [groaning] Yeah, right. You're gonna sit down. This 5-foot chain does not allow us to do two different tasks at the same time. - Ow! - Ah! [groaning] This is gonna get old real fast. - Hey! - I need the chain! Bro! It doesn’t reach in the shower. And that's my new reality. As he patiently waited outside the bathroom, his mind wandered back to the book. ""Be a gentleman. Pull out her chair…"" Which inspired a change in his behavior throughout the day. ""Open doors. Put the woman at the center of any conversation…"" What's the name of your car right now? It's Suzie. ""Briefly touch her forearm when you ask her to dance… ""Ask open ended questions…"" What the heck are we gonna do when we get out of here? I don’t know. We're gonna wanna just be handcuffed again. [laughing] But it was the final chapter that focused on their key issue. If you don't plan a date that makes her feel special and important. That's where I completely screwed my entire relationship. I had to be sharing with you the smallest of expectations. Like we haven't gone on a date in 3 months. I didn't continue planning dates that made her feel special and important, and I didn't pay attention to what she wanted. I think she wants a date. So when Josh asked to speak to a producer in private about a date, I knew I had to make it happen. Aw! You do look handsome. Yeah. You look really beautiful. Thanks. We got candles. They got real candles. You did good. I gotta admit. Aw, this is so nice. Please have a seat. Thank you, sir. I kinda like this, like being on a date. We are emotionally getting closer again. It’s true. I think it's scary 'cause how it ended the first time. I think this is a step in the right direction though. Can I take you on a real date when we leave? Like, outside of here? Yeah. Yeah. I'd love to go on an actual date. Ok. Wanna cheers with our Feastables chocolate milk? Cheers. To our MrBeast date. Yes. This has been a good time to reconcile. Like is there makeup anywhere? Kind of figure out the other person again. No. Hi. The idea of him intrigues me. I'm glad to just have a date for the first time in 3 years. It was probably one of the most fun days that we've had in here. Perfect end to our date. I'm feeling real nervous 'cause I don't know what is gonna come next. It's day 25. Oh gosh. We're about to fundamentally change this entire video and the change is under this platter. Yeah, I hate this. My heart is beating. Reveal what's under the platter. That's all you. I brought each of you the keys to your handcuffs. Up until this point, unhandcuffing yourself meant you'd both lose. And if at any point between now and the end of the video you take your handcuff off, you actually get all $250,000 and both Teslas. [laughing] Grab your key. If you take your handcuff off, you get everything and the other person gets $0. Are you gonna do it? I'm actually scared now. I'm gonna always be on edge. I thought I was going to be like a foot away from you. Oh and on top of this, every single day going forward we are shrinking your chain by a foot. Oh. On day 30, you two will be this far apart. Oh, gosh. But you don't have to do that. Because now you can take the handcuffs off at any point. That's crazy. This is wild, actually. You probably wanna know what's truly going on in his mind. And you probably wanna know what's truly going on in her mind. Bring in the lie detector. Are you kidding me? Nope. We brought in a lie detecting professional. One of you might be taking the handcuffs off. This is where the video gets fun. Josh, you are up first in the hot seat. We combed through your vlog footage and crafted questions that will really help her decide if she should stick it out in this video or leave today. - Whenever you're ready. - Ok. Have you ever doubted my loyalty to you? No. Even though she broke up with you? No. True. Wow. He really trusts you. Whoa! Right. Brace yourself. Yeah, right. Since being here, have you thought you might be better off single? No. - No? - No. Really? - Oh, great. - Uh oh. We're not giving you that one, buddy. That's literally a Mount Everest on the graph. So it's a lie? It is a lie. Oh, ok. Let's keep going! The questions get better as we go! Would you steal the entire $250,000? I don't think so. Yeah, you reacted a little bit to that one. You wanna think about that one? Mmm. We just need a yes or no. No. Is he telling the truth? I wouldn't give it to him completely. No. If there were no hard feelings… Of course there’d be hard feelings! Does that make you wanna take your chain off? It makes me question it more. How do you feel now that you got some hard hitting answers? Maybe a little bit scared. But then it was Josh's turn to ask Suzie some questions. Josh, are you ready? I'm ready. Have you hidden something from me you knew would hurt? Yeah. True. If you knew, like, how close I got with someone else while we were not together. Ok. Something to talk about. I get a vibe you don't wanna talk about it now? Nope. Ok. Next question. Do you believe that I hold you back in any way? Yes. - True. - The future outside of here… it's just hard to tell. Ok? It's hard to see that fully in this moment. In your perfect future. am I in it? Yes. True. It's funny how the answers don't coincide. You wanna elaborate on that? In a perfect future, I'm in it. Yet I still hold you back. So your perfect future, I'm holding you back? I feel like you’d have to show me how it is to, you know, date again. And what that would look like. We're getting some interesting answers over here. You have her hooked up. Anything you wanna know about her? Are you gonna unchain yourself? No. True. Did you stop loving me? No. True. Josh is taking full advantage of this moment! Boom! Alright, maybe we un-hook her. Josh is-- Yeah he’s grilling me! Alright, now you guys have a lot of things you need to discuss. Oh, gosh. I'll see you tomorrow to shrink the chain. The lie detector was pretty crazy. I think the one that I was like, “What?” was the one that you said yes to with taking the money. I mean, it's just an honest thing. Like, Suzie already won like 200 grand. So what? I'm still in here putting in the same amount. No, I know. It's just a thought, like take it. Let's get outta here quicker. Today, we were given a gift. I could literally leave this room with all the money. She broke up with me in the first place. That’d be the perfect revenge story! Hi! It’s day 26! - Bro. - Hi! - A 4-foot chain? - 4-foot chain! We actually have another surprise for you. Oh. Oh wow. What is this? This is a soundproof box. You guys are gonna be able to talk and say how you really feel. And the other person will not be able to hear you. Josh, let's have you go first. Oh, alright. Should I pull the chain? Bro! Josh? Ok! After last night Suzie, how are you feeling? It was tough in a way. When he said that he would take the money if he had hard feelings about the relationship and the whole breakup still, maybe he wants revenge in some way. Something else that I've been thinking about has been the option to take my cuff off right now. He was quick to say, yeah, he would take it as if he deserves it more or something. Alright, Suzie, your turn. - Bye! - Bye, bye [unintelligible] We are only a few days out from the end of this challenge, and Josh still hasn't told me this big secret that he's been talking about. You don't plan on walking outta here with 250 grand? It's a good question. Josh might literally steal the entire $250,000 prize pool. Well if he does, Current would be the perfect place to deposit all that money! I could live without working for 2 years, 3 years. Nolan, would you like the ability to get up to $750 of your next paycheck in advance? - Yes. - Then you should download Current! Do you want help building your credit score? - Yes. - Then you should download Current! I'm downloading it, Jimmy. If you use this QR code or the link in description: Current.com/beast and download Current right now, I will personally deposit $1 into your banking account. I wish I could just keep doing that. I've already given away hundreds of thousands of dollars through Current over the last 4 years. Current can help you with all your money needs. It's the #1 banking app for your paycheck. It's probably what I will do. Get this, if Josh steals the prize pool and you guys download Current and use code Beast, you will technically make more money off this video than Suzie will, and you didn't have to spend 30 days in a room. So download Current right now, there's never been a better time. I'll send you $1 right now. Download Current and I will pay you to do it! It's the best place for your paycheck. Alright guys, we're gonna leave this box in here for a little bit of privacy while we're gone. Bye guys, we’ll see you tomorrow. - Oh no. - Alright. The short chain was clearly getting to them, as both of them had a lot on their mind. I'm really trying to be patient. Suzanne, you’re slow, and it pisses me off sometimes. I am a little bit annoyed right now. Josh keeps making me do the activity he wants to do by literally picking me up and dragging me there. This isn't very nice. Good morning! Day 27. - From 4 feet-- - To 3 feet! The fact that I can’t do anything in here without Josh literally hovering over me at all times is driving me crazy. Oh my God! Josh! Stop that! Josh, let me out! Why are we in the kitchen? - Are you done? - I am now! - This man-- - I need water! Are you serious? I’m sorry. I just needed something to drink! So annoying, bro. Day 28! Ooh what? That's so short! Let me tell you right now, this 2 feet is tough to deal with. A little bump in the kitchen used to be, ""Oh sorry, my bad."" And now it's like every single little bump makes me wanna leave. I just wanna get out of here. That has nothing to do with what we were saying anyway. I could just leave! Josh today randomly brought up this thing where he said, ""Oh, I can just leave at any time."" He kind of made me a little concerned that he's just gonna walk out at any point. 24 hours remain! How you doing?! - Let’s go! - Woo! Yay! What's life been like with the short chain? Pretty rough. Yeah, sleep was awful last night. Before we shrink down to a foot… Josh, I don't know if this is the time to tell Suzie, if there's something you wanna bring up? One thing in particular I had to sell… Tell me! Ok, so the last 8 months of us dating… Ok. I was saving for an engagement ring, that I ended up buying. But my plan was on your family vacation, I was gonna propose under the waterfall. Are you serious? And we broke up before that happened. That makes me wanna cry. When we broke up, I sold the ring and I bought a motorcycle. Oh! [laughs] I actually don't know what to say. You had an engagement ring for me? Yeah. I'm sorry. It's ok. I mean, he got a motorcycle out of it. I got a motorcycle out of it. Exactly. Oh my God. This is a 1-foot chain. - And lastly… - Oh let's go! This is exactly how much time you have left. Yay! Well, have fun. Bye. It has been a day today. I finally found out the secret from Josh. It was that he had an engagement ring sitting there waiting for me at home! Now I know that his heart was in the right place the whole time. I do see that future with Josh again. Alright, let's sleep by the money tonight, shall we? Waah! Nice! 12 hours and 43 minutes. How does it make you feel? I think overall, the experience has been amazing. I’m probably more so dying to get out of here. I am scared for the next 24 hours. On the lie detector he asked me if I would take my cuff off early, and I said no. True. But I never got that true answer from him. So I have been scared the last few days that he might actually take his cuff off. Am I gonna take my cuff off? Well, it is a lot of money. $250,000 would be more so life changing than say half of that. When we broke up for a very long time, I felt very lost and alone. I think it'd be fair for me to take the money from her. We have the best view in the world tonight! Our countdown clock. So if we get a full 12 hours of sleep, we'll wake up with 17 minutes until Jimmy arrives. - You know what I've been thinking about? - What? Remember like 3 years ago when you broke up with me? Yes. And we like didn't talk for 3 years… Mhm. Because I could literally just take all the money and then we wouldn't talk ever again. Bro! I'm just saying! Three seconds on the clock. If Josh unchains himself before the time runs out, he wins the entire $250,000 and both of the Teslas. Ten minutes left on the timer! Let's see if someone steals everything. How's it going?! Oh God, I’m nervous! It's actually time. It feels fake. Suzie this could be your 125 grand, Josh that could be your 125 grand. Unless, one of you takes the handcuffs off. And just a reminder, this is what you said during the lie detector. Do you believe that I hold you back in any way? - Yes. - True. Would you steal the entire $250,000? I don't think so. You reacted a little bit to that one. A minute and 12 seconds. This is your last chance to steal the money! - Are you going to? - It’s the ultimate revenge. Oh my gosh. Is Josh playing the long game? Stop! Are you going to?! 16 seconds, you sure? Nah, he deserves half of it. I might deserve all of it. Woah! Josh! Is there anything you'd wanna say to Suzie for when this video airs? I never fully stopped loving you after we broke up. And I carried that with me everywhere I went. There was so much love left over for her in my heart that I couldn't move on and allow myself to love someone else. Can I take you on a real date when we leave? Yeah! Ok. It's a date. Ok. Nah, he’s messing! That looks like a guy who’s messing. I'm not gonna do it. 3, 2, 1… Time is up! Alright! I don't need that thing anymore! You are now free. Oh my gosh! Here's your $125,000! Suzie, Josh, what's next for the two of you? Oh! Oh woah! I was not expecting that! Ok! Looks like they're happy now! I hope you guys enjoyed. Subscribe.",0.01819062921205479,0.37340754290243217,7,Video,3
FWAdfuPpLOc,World's Fastest Car Vs Cheetah!,20250705,@MrBeast,MrBeast,1236,False,229209221,3502125,47000,https://i.ytimg.com/vi_webp/FWAdfuPpLOc/maxresdefault.webp,https://www.youtube.com/watch?v=FWAdfuPpLOc,"I still can't believe we got all these animals for this

Check out the latest Lenovo Legion Pro 7i with Intel® Core™ Ultra 9 Processor: https://www.lenovo.com/legion?cid=ww:display:334qnx LenovoParter ad 

The Cheetah is the most critically endangered cat in Africa and it is facing a #RaceforSurvival. You can help it win that race, find out more and donate here https://bit.ly/MrBeastCheetahsRaceforSurvival

51"" Inch Max Vertical (World Record) by Darius Clark (Credit: Dunkademics): https://youtu.be/m1Rgq65Okks

New Merch - https://mrbeast.store
Check out Viewstats! - https://www.viewstats.com/
SUBSCRIBE OR I TAKE YOUR DOG
╔═╦╗╔╦╗╔═╦═╦╦╦╦╗╔═╗
║╚╣║║║╚╣╚╣╔╣╔╣║╚╣═╣
╠╗║╚╝║║╠╗║╚╣║║║║║═╣
╚═╩══╩═╩═╩═╩╝╚╩═╩═╝
For any questions or inquiries regarding this video, please reach out to chucky@mrbeastbusiness.com
----------------------------------------------------------------
follow all of these or i will kick you
• Facebook - https://www.facebook.com/MrBeast/
• Twitter - https://twitter.com/MrBeast
•  Instagram - https://www.instagram.com/mrbeast
•  Im Hiring! - https://www.mrbeastjobs.com/
--------------------------------------------------------------------","Who's faster? A cheetah or one of the fastest cars in the world? Can a man beat a bear in a fight? Can a tiger beat the world-record high jumper? We're gonna answer all of these and more— starting with the strongest man in the world. And he's about to test his strength against a 500-pound lion in a game of tug-of-war. Any last words? It's go time. 3, 2, 1… Go! Alright and we’re off. Oh my gosh! Look at his mouth! Look at that brute strength. Oh my gosh. The lion’s literally holding the strongest man in the world back right now! Wait, what is he doing? Did that lion just turn around? It looks like he's trying to wear Brian out. Here's Brian pulling a literal plane. But right now, he cannot get this lion to budge. He’s starting to struggle! Brian's actually doing this! Oh, ok. Ok. You got like 3 feet left. You're almost there! Brian, you’re almost there! Brian won! Brian won, congrats! Yes! Brian just won! Did you have fun? Oh, ok. I just— I won't talk to him. That's fine. But that's just the first of seven challenges that will test man versus animal. Up next, we have the highest vertical leaper on the planet. No joke. That's his Guinness World Record. Of all 8 billion humans alive, none can jump higher than him. And he's gonna be going against this tiger to see who can jump higher… man or animal. Team Human. Let’s go. Look at that majestic beast. Do you actually think you can out-jump that? I’m not gonna lie. If she jumps 13, I’m jumping 13. Oh, look how she's looking at him. She's scoping you out. Is that a threat? She doesn't speak English. I say we get into it. They’re gonna use this meat to lure her and see if they can get her to jump. - Let me see what you got, Luna. - Oh, she wants it. Here it is. Here comes the jump. How high will the tiger jump? Oh my gosh! Now, if you can somehow jump higher than the tiger… I want it to be because you beat your own world record. So I'm not putting this at 10 ft, 9 in. I'm going to put it at 12 ft, 3 in. Exactly 1 inch higher than your Guinness World Record. If he manages to touch this, not only will he decimate the tiger, but he will set a new world record. I mean, I think I got it. 12' 3""? - Yeah. - I don't see why not. I’m gonna be honest, I think Darius is lying. I'm not gonna lie, I dang near think I'm lying. This does not seem humanly possible. For the world record attempt. Are you ready? Let’s get it. Let's see if you can set that world record! Luna, this is for you. Can he do it? Oh my gosh! Whoa, he crushed it! That was crazy! Luna, what are you gonna say to that? Bro, you just jumped higher than anyone in history. And you seem chill. Ah, I feel like I can go higher. - I'm not gonna lie to you. - Oh my gosh, this guy. I feel like I could go higher. You just set a world record. He's like, ""Oh, I could go higher."" Brian beat a lion. Darius beat a tiger. Animals need to start winning. Team Human. Let's go. I think Team Human is going to have a much harder time with this next competition. We are now in a bull arena with Bubba. Hello. - Bubba is a bull rider. - Yes, sir. We are gonna release 3 bulls in this arena. 3 bulls? You need to carry as many bags of money as you can all the way to the other side of the arena, with 3 bulls chasing you in the process. Every dollar you get in the bucket in the next 3 minutes, you keep. - I'm ready, Jimmy. - Good luck. Release the bulls! Here they come! Bubba, please don't die. They're through the gate, and they're coming right at him. Ok. Oh, they're chasin’ him! Oh! Oh, they went right past him. Take the money, Bubba! Keep going! Go! He lost his hat. He's already secured $10,000… Bubba! Behind you! …but how long can he stay clear of the bulls? Alright, here we go. He just got 2 more bags. - They're right behind you! - Run, Bubba, run! Oh my gosh. I'd be terrified to be anywhere near those bulls. Oh! They're coming right towards us. Wait, no. Go after him. Not me! Meanwhile, Bubba is somehow laughing while 3 bulls are barreling towards him. This guy's way too chill to be running around with 3 bulls that weigh 1,500 lbs each. ‘Bout to touch him right on the head. He's adopting a strategy of scaring the bulls away? This is hard! Note to self: don't do these things with professionals. He literally breezed through this challenge. - Woah, he did it! - There you go. You won! - Congrats on winning $50,000! - Thank you. What're you gonna spend the money on? Probably a new truck. Why am I not surprised? But what will surprise you is who wins the race later in this video. But this next challenge has 2 creatures built to shatter every bone in your body. Alright, Nick. Come through these doors. I'm terrified. This is Nick, who you might remember from his race against the fastest man on the planet where, even with a mile headstart, he still lost to Noah Lyles. And today, I'm gonna be giving him a second chance at something a little more deadly. In front of you. Just— I can't, bro. I can't touch, bro. - Trust me. - No, no. In front of you… - Bro… - Bro, bro— When you see this footage, you're gonna realize how dumb you're being. - What is it, bro? Ok? - It's literally $100,000. Ok. He lost against Noah Lyles, so he's not— he doesn't know what large sums of money feels like. I did. To win this $100,000, you must choose to survive 1 minute in the ring with either— Take off your blindfold. Ramy, a 500-lb professional sumo wrestler… Why are you doing— Why is he doing the… Or… Turn around. A minute in the ring with this bear. Oh my God— Bruh, yo! Ok. Why is he there? And if you think that this bear is harmless… don't. Because he can literally tear an average human to shreds. Thing’s big, bro. Tom, how you doing? He's— Ok, don't look at him too long. It's time for a decision. $100,000 on the line. You want to wrestle a sumo wrestler or a grizzly bear? Oh, he's coming towards you. He's excited. It's mobile now. Ok, I'm not going back to the bear. He's up. Jesus. Alright. Let's go with you, bro. You're picking him? I mean, I have to. What do you mean? It's a big grizzly bear. You have your life insurance with you? I don't. And so Nick doesn't literally die, I brought an actual sumo coach to suit him up for the match. See if you can bend your knees. Slide your feet. Are you ready? Step in the ring! Come on. You're good. Come here. Come to the middle. In order to win this challenge Nick, you'll have to wrestle Ramy for 1 minute without crossing over the red circle. If you get pushed outside of the circle before the minute is over, you will once again lose everything. Touch your fist to the ground to begin the match. Are you mentally stable? You're in too deep now, Nick. Let's do this. Oh my God… Did you hear that? Bro, he's making sounds worse than Tom! - Nick, touch the ground. - Wait up! Wait up. Touch the ground, Nick! Go! Ok, alright. Ok, ok. Alright, the timer's off. - Fight back, Nick. - Wait, one second. Nick! Fight back, Nick! Fight back! Go for his belt, Nick! Nick! He’s suffocating me! He's toying with him. It's nothing but a game. Nick, you made it 15 seconds. Are you just hugging him? What're you doing? 20 seconds! Nick, you're almost halfway done. Nick! No! Fight back, Nick. Nick, fight back! Fight back, Nick! 20 seconds! Nick! You’ve almost won the money, Nick! Oh my God, he's toying with him. It's a photo finish. 5 seconds! 3, 2, 1… He went over the line. Are you good? You literally grabbed the side and reached out before the minute ended. Bro, this guy's an animal looking like a human. You lost to the fastest man on earth. You've now lost to the best sumo wrestler on Earth. I feel bad. So… I'm gonna give him $10,000 for winning! Loser. Whoa! That's crazy. - Loser. Loser. - I want to see you outside. I say we jump into what might literally be the biggest challenge of this entire video. And to lighten things up, I decided to bring out comedian Trevor Wallace. Trevor, take off your blindfold! Are we gonna address the elephant in the room? This elephant is the best painting elephant on the planet. Which is exactly why, for our next challenge, we'll be doing a paint-off. Both of you will have 10 minutes to paint whatever creation you want. Whichever one of you draws a better painting will have your masterpiece hung up in an actual art museum. May the best— May the best elephant win. Hey, stop eating grass! If you don't want to mow your lawn, just buy an elephant. Oh. She just smacked me with her ear. She's trying to paint. Here, give us a second. She needs a head start. Go ahead and go to your painting. She can't wait to start. 3, 2, 1… Start the timer! This is the first time ever on this channel that we've had an elephant paint, so we're gonna hide the artwork until the end. Paint? Oh, not me. Jimmy, what do you want me to paint? A giant school. I got you. Ok, so we're going to start with a nice yellow, copper tone. That's the color you're going with? Dude, what colors are schools? Oh. There we go. Oh, she dropped it. We'll give her some motivation. Orange. How come the elephant gets fed, and you guys aren't feeding me? No Feastables, no nothing? Can we get some Feastables? Less talking, more painting. Eat this. I hope it’s not chocolate. I'm allergic. Huh? Alright. 5 minutes left, Trevor. Yes, yes! Can I get my Bob Ross wig? He's locking in. Bob Floss right here. Let's clutch up. Let's go. We can't lose to this guy. Oh, yes! Good girl! - How much time do I have? - Uh, 4 minutes. Hey, time's ticking, Bob Ross. Yeah. Right now, that is a yellow blob. No, no. It's a G-Wagon. Look at that! Alright, go! Paint! Oh! Not me. Paint that thing. And the road, the road. - You gotta get a sun going. - Here, gimme yellow. Whabam! Juilliard! We got 2 mins left so we'll clock in. Let's lock in. You're doing great. She did not like that paintbrush. Trevor, we’re running out of time. - Dude, this is so bad. - Believe in your art. These were supposed to be bricks, not windows. I’m gonna help you out. We're running out of time. I feel like a firefighter with the hose. Let's go. One minute left! We might actually win. You might actually lose to an elephant. I feel like I'm painting at a funeral. Now, this is her signature move that she puts on all her artwork. - Three… - Just keep going. - Two… - Oh! That was a mistake. That was a fumble. One! Time is up! No! He didn’t finish! But before we judge these works of art… Coming up, we have a literal cheetah racing one of the fastest cars in the world. But for now, I brought in a professional with over 30 years of experience to judge these paintings. And now, on a scale 1 to 10… One being bad. Ten being good— - Two. - Two? - Two. - Ok. It feels a little bit adolescent, so maybe someone's getting in touch with their inner child. Woah, ho-ho! Talk about the art, not the artist! Hey! No influencing the judge. And now to reveal the masterpiece of the world's best painting elephant… Are we really gonna grade this? This looks like a clown threw up. She painted this on her own. What are your thoughts on it? I feel a lot of joy in this particular painting, but I see that they're being honest to who they are. You can't separate the art from the artist. What do you rate this art piece out of 10? I would give her an 8 out of 10. Whoa! Trevor, you lost to an elephant. Whatever, man. Your competitor is literally hitting a Fortnite emote. How does that make you feel? Alright, you're good. Rest… Go back to Rainforest Cafe. And as promised, here's Isla’s painting hanging in a real art museum. Exquisite. I wonder if any of these people realize this was painted by an elephant. Anyway, for this next challenge, we have the most advanced soldiers on the planet. How long would it take you guys to kill me? - 30 seconds. - They're very scary men. And we're gonna see how long they can hide in this massive junkyard from Odin, one of the best search dogs on the planet. How long do you think they’ll last? Probably about 5 minutes. And if any of you can evade these dogs until morning, you'll split $50,000 - Yeah! - Let's go. Alright. 10 minutes to hide. 3, 2, 1… Go! Have fun! While these men spent half of their lives evading enemy capture, these dogs have been trained since birth to seek out humans. So I will be shocked if these guys can survive until morning. Get over to our hiding spot here. I just gotta evade these dogs the longest. These guys are running around like a bunch of fools. I'm not gonna sweat. Rub up on some of these vehicles just to get my scent. They’re all probably doing zigzags and rubbing up against as many vehicles as they can. While Johnny created false flags by rubbing up against cars. Carlos— I found some water! decided to mask his scent. Here we go! He literally dunked himself in the river hoping to throw them off. Now I’m going back to my hiding spot. Most of these guys had the same strategy. Create a diversion for the dog, then hide in a car. Gotta find the right spot. While one of them had a different idea. Hey, what's up? So I'm sitting up in a tree about 50 ft up. And the only tree in-play. Here's the whole yard where everybody's hiding. I just pray that God will hide my scent. Hopefully they don’t find me. The 10 minute timer is up! We're coming to find you. Here they go. You can hear the dog. 3, 2, 1… Release the hounds! - And they were off. Let's go. - Alright, we're good? Yep. Watch the dog and his behavior. You'll see it when he catches that odor. You’ll see his nose goes up. How can dogs smell this good? It's called their olfactors. The longer the snout, the more olfactors that these dogs have. It’s nice and windy up here so they shouldn’t be able to smell me. I know it’s a win for me because I’m not near the ground. Remember, this is a very large area. So the dog has to systematically decipher what odor is a person. And what's just somebody who walked through here earlier. Alert! Alright. Standby. Sage might’ve found something. Oh, the doors are unlocked. Yo! - They got me. - You're the first one found. Oh my God. The dog’s barking over there, so they must’ve found somebody. Yo! That's crazy. Sage might’ve scanned 4— 500 cars. This is the only car that Sage barked at, and he was in it! If it makes you feel better, everyone who gets found is getting a Lenovo Legion Pro 7i powered by Intel Core ultra 9. These laptops are beasts, but we still got 4 more people we need to find. Let's keep going. On our Lenovo Legion laptop powered by Intel, we have a map of the junkyard. We're gonna search over there. Go over to the bus, see if we find someone. - If not, rendezvous up. - Yep. Ok, we got a game plan. They’re coming my way, so I gotta kill the light. Oh, he's on the hunt. I’m gonna call an alert on this van! Oh, wait. Sage is barking at this car. Sage, is it this one? Step back. Alright, is anyone inside— - Oh! - You got me. You could’ve just opened the door. Two down. Sage is crushing! I'm sorry, but you've lost $50,000. But don't worry, you'll be able to overcome any obstacle with this brand new laptop. That's the power of Lenovo with Intel inside. Nice. Thank you. Alright. Let's keep hunting, Byron. Alright, #2 has been found, which was close to me, which could throw the dog off. I mean he may not find me because he just found somebody close to me. The dogs came super close to finding the marine. Becky and Sage just walked by. Oh my gosh, they walked beside the car. Didn’t find him. Holy cow! But then something completely unexpected happened. I don't know how they did it, but somehow the dogs could not find these guys. One of the guys threw a Redbull can in here. What we have here is a false find. Somebody came here and has left. Their trap worked. Thank you, Lenovo and Intel, for giving us these computers. And if you guys are interested in buying one for yourselves, just go to this website right here or click the link in the description. Even after searching for hours, it was like the soldiers disappeared. The dogs have been looking all night, and now the sun is coming up. We can't find these people. It’s 5:30 in the morning. It's obviously getting lighter out. There's about 3 of us still out here. But then, mere moments before we ended the challenge… Alright, they’re really close right now. Is he in there? Is there anybody in this truck? - Someone’s in the back! - We got somebody! Got me. You might be a little hungry. I actually got you a Feastables Peanut Butter Cup. Let me know what you think. Oh yeah. That's a 10 right there. Come on. And with the time finally up, the 2 winners emerged from their hiding spots. It's a good one. Oh, that was a long night. Congrats to them on splitting $50,000. And now, the moment you've all been waiting for. After the most insane man vs. animal competitions, it all comes down to this final challenge. This cheetah is gonna race the fastest car on earth. Let's see who wins— Oh, cheetah! Alright, I'll get it to come back. This cheetah reigns as the literal fastest land animal on the planet. Clocking speeds so intense, that humans need the speed of a Formula E race car to stand a chance. Which is exactly why I brought not just 1 but 3 cars to try and beat it. All starting with this golf cart vs. cheetah. Oh, look at that thing. Ready boys? - Let's do this. - Yup! 3, 2, 1… Send the cheetah! Oh my God, it's so fast! Oh, it's not even close. It's crushing us. We’re getting left in the dust! I can't even see it anymore, it's gone. The cheetah literally already finished, and we're still halfway through the race. This is embarrassing. Sir! Cheetah, you didn't even give us a fighting chance. We need something faster. Bring out the next car! We all knew a golf cart wasn't going to beat this cheetah. But for this next race, I spared no expense in acquiring one of the most beautiful cars in automotive history. Minivan vs. cheetah. Go! Oh, here we go. - Go, Jimmy! Drive! - Oh, what is this acceleration? - You gotta speed up faster! - What're you doing? I have literally gas all the way to the floor. It is gone! This thing does not accelerate. Why’d we choose a minivan? This is embarrassing. We already lost. What are we doing? Wait, cheetah! Cheetah! You're supposed to cross the finish line. The cheetah stopped conveniently right before. Oh, there it is. It's teasing us. I guess that's what can happen when you work with animals. - It felt sorry for us. - Yeah. But before this cheetah races a Formula E car, we need to prevent it from overheating. Which meant we somehow got to do this. I wanted to say hi to the cheetah. I'm good, thanks. - Millie— I touched the cheetah. - Oh my God, bro. For whatever reason, they actually let us hang out with this apex predator. I can't believe we're just next to this right now. Come here, Millie. I can't believe I'm literally calling a cheetah over to me. It is so big. Give it a pet, Nolan. Nolan, stop touching it. It did not like when you touched it. You guys are actually crazy. Oh my gosh, this cheetah's literally exactly like a giant cat. You’re so cute! We're giving the cheetah a little bit of a break in between the race, that way it's not too out of breath. And in case you guys are curious, we partnered with the American Humane Society, which is basically making sure that all the animals are being ethically treated while we're filming this video. That's because today there are less than 8,000 cheetahs living on earth, which is why it's important to me that all of these endangered animals are treated very carefully on our set. It's so soft! The cheetah is purring insanely loud. That means it likes us. It looks like Millie is ready for the next race. Let's get this on the road. It's finally time for the moment we've all been waiting for. What you're about to witness is the ultimate showdown of man vs. animal. This race is so monumental, in fact, that if anyone is going to ruin it, it might as well be Nolan. Let's answer the most important question in modern history… - Three! - Can a cheetah…. - Two! - …outrace a Formula E car? One! Let's find out. Go! That was so fast. The car just flew past the cheetah! Oh my God! Although Millie didn't win, it is crazy to me that a cheetah can hold its own against the same car used in the Formula E World Championship. But when the first car was made more than a century ago, over 100,000 cheetahs were alive in the wild. But today with less than 8,000 remaining, it's our job to protect these extraordinary creatures from extinction, so that they can keep inspiring us all to push beyond our limits. Millie is like the sweetest animal I've ever met.",0.01548421561975467,0.3406276479947634,8,Video,4
F0OkwXKcPSE,Hi Me In 10 Years,20251004,@MrBeast,MrBeast,194,False,61248619,3681380,114000,https://i.ytimg.com/vi_webp/F0OkwXKcPSE/maxresdefault.webp,https://www.youtube.com/watch?v=F0OkwXKcPSE,"Holy crap I will probably be so different when this goes public.

I will be done with highschool
I will have gone through college
Probably gotten married (jk I am a loser)

If I still do youtube that will be crazy.","Hi, me in ten years. I'm gonna schedule upload this video ten years in the future. So, you're gonna see this in 2025. It's 2015 for me right now. Dude, what if I'm dead? Dude if I'm-- Ooh, that'd be weird. That'd be so weird. RIP. That would be really weird, but let's see. 10-- dude, if I don't have a million subscribers when you see this video, my entire life has been a failure. I hope I have a million subs. I better have a million subscribers when you guys see this. But by the time you see this, I'll have finished high school, gone to college. Probably be doing YouTube as a job, hopefully. Maybe, maybe… Um. Yeah, uh, as of right now, I'm enjoying YouTube. Hopefully I still-- future me still enjoys it. And, I don't know. I'd-- be crazy if I had some ridiculous amount of subscribers. At the time I’m recording this video, I have 8000 subscribers and 1.8 million views So whenever you see this, compare these numbers to whatever I have when you watch this. Dude I really hope I have a million subs by now. Please future me, please. What am I doing with my hand? Please have a million subs. I don’t--I probably should have thought about what I was gonna say. Just, hey, hopefully you have a million subs. And uh. Dude, I wonder if you still-- Okay, so I should be studying for a history test. And uh, I wonder if you and-- or me in ten years remembers what grade I'm gonna get on this history test that I take tomorrow, that I'm not studying for because I'm making these videos. So I’m probably gonna do-- dude, if you still remember the grade I get on this history test in 10 years, that's crazy. Dude, I'm probably gonna be married and stuff, eh. Alright. Oh watch me not be married and not have a million subscribers, not have any of this, and then you guys just think I'm a big loser. Then, yeah. I don't know. Hopefully you're still doing YouTube. Dude, what if I don't do YouTube when this goes public? That'd be weird. What if I'm dead when you see this? That'd be even weirder. If you wanna, you want to see what time it is, just so you know what the date is. That’s the date. Hopefully you can see that. Hopefully you still do YouTube. Um, yeah. I don't know. Mmh. Hey. Oh, my hair is messed up. Alright, yeah. I don't care. Hey future me. Hopefully you're having a good day. So, yeah… I better have a million when this goes public. Ten years, man. Ten years. I'm gonna be so different. I really am gonna be so different. Oh, man. Man. Alright, well. Alright, see you, guys. See you, guys. See, me. Hey, me. One last thing just so you know what I'm talking about, it's currently October 4th. So uh, yeah. Like I said, this is October fourth.",0.06196678491640767,0.3288176692497983,9,Video,5
hTSaweR8qMI,"$1 vs $500,000 Date",20250607,@MrBeast,MrBeast,1042,False,180913140,3572067,62000,https://i.ytimg.com/vi_webp/hTSaweR8qMI/maxresdefault.webp,https://www.youtube.com/watch?v=hTSaweR8qMI,"Experiencing all of this was incredible
Buy Feastables! It tastes amazing and it's ethically sourced 👉 https://fstbls.com/5mj6dv ad feastablespartner 

New Merch - https://mrbeast.store

Check out Viewstats! - https://www.viewstats.com/

SUBSCRIBE OR I TAKE YOUR DOG
╔═╦╗╔╦╗╔═╦═╦╦╦╦╗╔═╗
║╚╣║║║╚╣╚╣╔╣╔╣║╚╣═╣ 
╠╗║╚╝║║╠╗║╚╣║║║║║═╣
╚═╩══╩═╩═╩═╩╝╚╩═╩═╝

For any questions or inquiries regarding this video, please reach out to chucky@mrbeastbusiness.com

Major League Baseball footage and trademarks used with permission of Major League Baseball. All rights reserved.

----------------------------------------------------------------
follow all of these or i will kick you
• Facebook - https://www.facebook.com/MrBeast/
• Twitter - https://twitter.com/MrBeast
•  Instagram - https://www.instagram.com/mrbeast
•  Im Hiring! - https://www.mrbeastjobs.com/
--------------------------------------------------------------------","We're going on some of the most expensive dates in the world. Like this $500,000 date that includes the entirety of Disneyland, all for ourselves… a $100,000 date at this mega complex with a massive waterpark and indoor ski resort… a $50,000 private island date… Best date ever! a $10,000 date cooked by Gordon Ramsay… and we even convinced superstar singer Madison Beer to go on a date with my most awkward friend. All starting with this $1 date: a Ferris Wheel! - Here's $1. - Ok. - Ladies first. - Thank you. Take notes, men. Is this safe? I see why it's only $1. The $1 date has now begun. It's, uh, making a lot of noise. Why is it making that noise? It's just the wind, right? I usually film 20, 25 days a month, and I don't really get to spend much time with my fiancee, so I literally picked this video so me and my fiancee could spend more time together. I love you, even if you didn't take me to Disneyland. Well… not yet. But for the final date in this video, for the first time in history, Disney reserved the whole park just for us. That's it for the $1 date! Let's head out to the $10,000 dinner date— After you, babe. Turn off the park. I'll see you guys there. And now, the $10,000 date where we're gonna be recreating our first-ever date with sushi. - After you. - Thank you. She doesn't know this, but Gordon Ramsay's gonna be making us the meal for this date. Thank you. There you go. You look really cute. I picked this just for you. It's been a long time since my first date with Thea, and now that we're engaged, I'm really excited to explore the world's most expensive dates with my fiancee. You're probably wondering, ""Why is this the $10,000 date?"" Why is it? Gordon Ramsay himself is gonna be cooking our meals. The Gordon Ramsay? Yep. Come on in. Welcome to Lucky Cat Miami! It's nice meeting you! How's it going? What an amazing night this is gonna be. Oh, I'm excited. Yes. We're gonna kick off with some pea guacamole with some delicious crackers. Did you say peacock? I said pea guac! Oh, pea guac, oh… Not peacock, babe. To celebrate this $10,000 dinner, some seriously exclusive sushi. Ladies first. Cheers. Yeah, this is good. We have a delicious gourmet fried chicken, wonderful fried rice, and duck bao buns. Duck tacos? Bao buns! Duck tacos. Bao buns! You can yell at me. I will do in a minute. You're pushin' my limits, man. Enjoy. I want you to take the first bite. I knew you were gonna do that. It's only the $10,000 date, and we already have the world's best chef cooking a romantic dinner for the 2 of us. Nothing could possibly ruin this moment. Chef. What are you guys doin' here? No, no no, no. - I got you. - Come on, man! Don't rip it! I'm not ripping it, chef! I'm not ripping it! Oh my goodness, mate. Why are you disrespecting his restaurant? This is supposed to be a romantic dinner! Nolan, mine's burning. That's it. I'm done! What are you? An idiot sandwich! That is worth 10K alone. You guys have turned it to a nightmare! For $10,000, Gordon had a romantic surprise for our final course. This is nice! This is romantic! This is actually very romantic. Aww. Thank you. This 10K date was amazing. I can't imagine how insane these dates are gonna get later in the video. The $50,000 date is this entire private island, so me and Thea brought some friends with us to make this a quadruple date. Wait, what? What is that? This is Tom, the turkey. Please tell me we're not eating Tom. We are not eating Tom. I didn't know if this was like a Say-Hi-To-Your-Dinner thing as you arrive. We have this entire $50,000 island and everything on it to ourselves. I say the best way to kick off an island date is to go jet skiing! Let's go! Best date ever! You might recognize Grizz and Hase from the video where they spent 74 days in the wilderness together. The day I took that hood off and saw you was the best day of my life! And you saw these two when Josh spent 22 days in solitary confinement. These three spent weeks away from their wives, so I thought I'd give them some quality time together. This is the best date we've ever been on! Does the wife approve? I approve! This is how I make good with all the people I put in prolonged places. Oh my gosh, that was so close! Hey, Jimmy! It’s Nolan! Yo! Uh-oh, we're bouncin'. Nolan is flying solo for this date, but later on, he'll be going on a date with Madison Beer. I, uh— the great outfit… Everyone, the island is all yours. Go do whatever you want! So we all enjoyed the luxuries of this $50,000 island date. All right everyone, heads up! Like hitting golf balls that are also fish food right into the ocean. - Thea, you show me how it’s done. - I actually don't know how to do this. Now we're getting couples' massages on the beach. There is just a person on my back. Very relaxing. Grizz and Hase were playing some beach volleyball… against their wives, of course. And Josh and Kenna were having a picnic on the beach. I forgive you for taking him away from me for so long. - Welcome in, guys. - Oh wait, there's rose petals. I mean, I laid those just for you. For 50 grand, we all get these luxurious bungalows. Where do the petals lead? I mean, look where the petals lead. Into the lovely master suite. I made a heart just for you. It is so pretty. And you picked them yourself? - Oh, I made this myself. - Wow. And as the sun was setting on this $50,000 date… To our loved one! Cheers! …Nolan was the only one at dinner without a date. Until Tom the turkey showed up. Nolan, we found you a partner! Uh, I'm all good on Tom. And after dinner, we did some couples dancing. Rate our dance move. Again. Got it? Come on! And after dark, we had a beach campfire, and I had a surprise for everyone. Cue the fireworks show! And lightning at the same time! - Nolan, your date showed up! - Tom the Turkey! Yo, why are you standin' so still? That's it for the $50,000 date! I'll see you guys at the next one. For double the cost of the previous date, we get this massive indoor metropolis all to ourselves. There's a giant theme park, the largest indoor water park in America, even its own weather control system so they can have the largest indoor ski slope in America. Ooh, it's so cool. This is terrifying! And while Thea loves skiing… I haven't told her… I have no idea how to ski. Babe, this is massive! You're scared? Don’t be scared. I'm not scared. Nah. You're good. Hey, what's over there? - What? - I'm freakin' terrified. - What did you say? - I'm excited! Ok, you got it? Babe, grab the straight— Babe, stop! How do I stop? Babe, I'm starting to think that you don't know how to ski. No, I— I know how to ski. - How do I stand up? - I got you. Ah! Oh, no. Babe, stop! Babe, help! Thea, make me stop. Ok. I got you. How do I stop? Legs together! Legs closed, legs closed! What, are they not closed? Yeah, skiing is so much fun. Anyways, let's move on with the date! With so much to explore in this shopping metropolis, it felt like doing ten dates in one! From winning prizes in an arcade… …getting a hole-in-one in mini golf… - Look at that! - Yeah! …or building each other custom teddy bears. I love it. And where I normally do these kinds of videos by myself or with my friends, doing this with the person I love most was kind of magical. Being able to do pretty much anything you could ever want to do on a date— It felt like being a kid in a candy store …literally! Ooh, chocolate. Whoa. What is this? Uh. Hey, ma'am? What is this? They're Hershey's. Can we replace these with Feastables? Sure. Ok. Oh! Much better! If you haven’t already, try Feastables. It's the best-tasting chocolate on the planet. Let's keep the date going. We now have an entire waterpark to ourselves, and we just wanna take a relaxing swim together. Isn't it crazy that we're in the middle of a mall? It's like as big as the ocean. Up next, we actually got Madison Beer to go on a date with Nolan. Do you think Nolan has a chance with her? We're about to find out. For the $250,000 date, Madison Beer, the two-time Grammy nominee, platinum-selling artist, with over 3.5 billion streams worldwide, is going on a date with… my awkward friend Nolan. - Hello! - Hey. - Great to meet you. - How are you? Nice to meet you. And while Nolan is on his date with Madison Beer, me and Tareq are currently tucked away in the bathroom with a walkie that communicates directly to a mic in Nolan's ear. Where are you from? - I'm from Long Island. - New York? Yes. Where are you from? Nebraska. Not much out there besides corn. - Cool. - Yeah. No, he's talking about corn! In this seven years I've known Nolan, I have never seen him this nervous before. So to help Nolan out, I spent $250,000 on Madison's dream date. From driving her favorite car, getting VIP treatment at an MLB game, and an over-the-top sushi dinner, all to give Nolan the best shot of securing a second date. Tell her you like her outfit. A great outfit. Thank you. We told the waiter to help us wingman Nolan. I'll be your server. Welcome to Bar Siesta. You guys look amazing. I like your shoes my man. Dude, thank you. But it was quickly clear that it wasn't working. How's the weather? Cool. He’s falling apart. Nolan is not used to talking to attractive women. - You've watched the videos before? - I watch all the videos. What's your favorite video? The one where they were underground for 100 days. Madison Beer watches our videos. I never expected that. Same. I don't really eat meat. Vegan? Vegetarian? Pescatarian, 'cause I love sushi. They're getting to know each other, this is nice. - Sorry, I just got lost in your eyes. - Aw, that's so sweet. Ohh, he hit it! He took the shot! I was staring into the abyss. I don't… - Oh, not my eyes? - No. As they finished eating, I had one last idea to help Nolan. I want you to tip the waiter $10,000. My card is in your wallet. That guy was so nice. I think we should tip $10,000. I would love nothing more. - Nolan has a gift for you. - We left a little something for you. Wait, are you guys serious? - Thank you. - I appreciate it. - Here are the keys. - Thank you. Let's hit it. Madison really loves animals, so their next stop on their date is an animal farm. Nolan's only problem now was that the petting zoo was an hour drive away. Me and Tareq are still listening in. What's it like going up in front of thousands and thousands of people? I just love my fans. They're the reason I get to do stuff like this and live my dreams. He's warming up and he's getting better with time. We made it to the second part of the date. The Gentle Barn, a sanctuary that rescues abused animals. What made you start loving animals so much? I have a lot of anxiety, and I feel like they just are a calming reminder of peace. I feel a sense of calm around you. You are smooth with it. But visiting animals wasn't the only thing on our agenda. They're gonna give you guys $25,000, and I'm actually going to match them, and I’m gonna give you another 25,000. And then it was time for me to ask an important question. You two ready to head to an Angels baseball game? - Let's do it. - Sure am. Do you mind if me and my fiancee join you guys for the next part of the date? Am I allowed to say no? No, 'cause I paid for it. I mean, you paid for it, right? And then we had an entire suite to ourselves at an Angels game. This view of the game is insane. We got custom jerseys with our names on the back. And after almost all of us made it on the jumbotron… a crowd began forming around us. You'll be in a video, say ""Hi."" Anyways, we should probably head to the next part of this date. And for the final part of the $250,000 date— What are we doing, Nolan? Sushi dinner and an ice skating rink with some of the best sushi chefs on the earth. I can definitely say I've never done anything like this. I gotcha, I gotcha. Thank you, Jimmy. Tonight we prepared for you all a tasting menu. How much does this amount of fish cost? A couple thousand. How do you think we got up to the 250K price tag? Definitely looks like my type of bite of sushi. Oh my God. - That is so good. - Wow. And then we all enjoyed some of the best sushi I've ever had in my entire life. This is the best date ever. - Thanks, Nolan. - Anytime. The 250K date, I think we could all agree, was a lot of fun. Nolan, you had a question you wanted to ask. I do. Oh, God. Oh, Jesus. Oh, God. My shoe was just untied. Would you like to go on a second date to Disneyland with me? Yes. Let's head on over! And now it is time for the most expensive grand finale date. We have Disneyland all to ourselves! This is gonna be awesome. Let's go ride some rides! Disney won't just hand over their keys to anyone, but for this once-in-a-lifetime date, we were given the entire park for one night. And with so much to do, we had to bring the boys, our friends from the island, and of course… Madison and Nolan. Yo, once we’re at the top, this is gonna have a crazy view. But our first stop is this absolutely insane Star Wars ride. All right, that's cool. Holy smokes! Look how big this is! Normally, people can wait hours for this ride, but my friends and I walked right in. Yo, strap in. All right, who's ready for the Star Wars ride? Is now a bad time to mention I haven't seen the movies? What? This is crazy! How did Disney build all this? This is wild. Oh my Gosh. Nolan, protect Madison! Yo, can you believe we're doing this right now? Yeah, this is insane! - That was awesome. - Once in a lifetime! This is crazy! That was amazing! Every other cart was empty. We have this whole place to ourselves. Disneyland is awesome! That was sick! And after that ride, what could be cooler… …than building your own lightsaber? Oh, yeah! Coolest lightsaber! Up next, we're all gonna ride this giant Ferris Wheel. We're back to where this video started. You could say it went full circle. I've never been on a Ferris Wheel that looks like that! Yeah, this is massive! It feels like we're stepping into an old movie. Come on in, babe. This is like the $1 date, but in Disneyland and much bigger. Much bigger! You can see the entire park up here. Wow! How does this compare to our $1 date? I mean, it's so much better. It's very romantic here in Disney. Wonder what Nolan and Madison are doing. Fist bump. Let's go. Things are not looking good for Nolan right now. I can't wait to play games. Yeah, that sounds fun. - Are you gonna win me something? - Of course. Yay! Are you gonna win me something? Oh, you betcha! Let's go! With his eye on the prize, Nolan challenged me and Chandler to a friendly competition. This is what you're competing for. - A worm? Babe, do you want that worm? - Yes, I really want it. Ok, boys, I'm gonna have to win this one. - All right, I wanna win this for you. - Please. 3, 2, 1… Go! - Nolan! - First one, first one. Let's go! It's, like, curving. Two! That's two! You need three to win. This is the grand prize. It's all yours. For you. You can feel the tension in the air right now. Gah, come here! But you know I couldn't lose to Nolan like that. Yes! Yes! Oh my goodness! Let's run it back! Yes! - Yay! - Here y’go, babe. The Three P. Here we go! We won again! That was fun! It's fun winning. There are no words to describe how special it is to have Disneyland all to ourselves. And I think we all made memories that are gonna last a lifetime. Whoa, babe. There's a puddle. You're a gentleman! No wet feet for you. Take notes, boys. And to wrap things up, we have one final surprise. We're gonna be eating dinner in front of the Disney castle. - Oh my! - What? All right, I don't know why Disney's going all out for us, but thank you guys. - Oh my gosh. - Wow! - This is crazy. -This is beautiful! Everyone, come on, sit down. Cheers to the greatest date in history. Cheers! Yes! This was an awesome night. I'm glad I can enjoy it with all of you. Cheers! Of all the dates I took you on, which one was your favorite? Definitely this one. Yeah? Yeah, ‘cause everybody's here. We should do this more! Rent all of Disneyland? Yeah. That was awesome. And to wrap up the video, for the first time in Disney's history, they're going to do a private parade for all of us. Let's head on over. I gotta say, this date is gonna be so hard to top. Huge thanks to Disney for absolutely blowing our minds with this experience. This was truly a once in a lifetime. If you don't have notifications on, make sure you turn ‘em on so you don't ever miss a video. Chandler— Subscribe!",0.020087357944259882,0.32194116571639714,10,Video,6
Oo9EbArcQ1c,"I Saved 1,000 Animals From Dying",20251025,@MrBeast,MrBeast,1055,False,191044326,3373608,60000,https://i.ytimg.com/vi_webp/Oo9EbArcQ1c/maxresdefault.webp,https://www.youtube.com/watch?v=Oo9EbArcQ1c,"Hey everyone, just wanted to leave this note here as a thank you to all of the organizations we got to work with! Obviously I’m just one person and without any kind of expertise, I look to these organizations and people for help in doing videos like this. This took months to put together and I can't thank these organizations enough for giving us the info we needed to be able to help!

Help save the next 1,000 animals:
https://beastphilanthropy.org/savethenextthousand

To see how Lowe's is helping other communities across the nation, visit: https://www.lowes.com/howwehelp

Special thanks to WeQare by Qatar Airways Cargo for donating the flights to the lion rescue: https://www.qatarairways.com/en-us/about-qatar-airways/environmental-awareness/wildlife-protection.html

LionWatch:  https://www.instagram.com/lionwatchprojectsa?igsh=MTV6Nnd4azdsb2FlOQ==
Alveus Sanctuary: https://www.alveussanctuary.org/
Angels for Minis: https://angelsforminis.com/
Marine Mammal Care Center: https://marinemammalcare.org/
Los Angeles County Animal Care Foundation: https://animalcare.lacounty.gov/
Flamingo Gardens: https://flamingogardens.org/
Lucky's Place: https://www.facebook.com/LuckyBelle2021/
Minga Lodge - https://www.mingalodge.com/wildlife-sanctuary
Possumbilities: https://www.facebook.com/Possumbilities21/
Salty Fox Sanctuary: https://www.saltyfoxsanctuary.com/
Smithwick Station Rescue & Rehab: https://www.smithwickstation.org/
Steadfast Wildlife: https://steadfastwildlife.weebly.com/
Turtle Rescue of The Hamptons: https://www.turtlerescueofthehamptons.org/
Waddle On Inn: https://www.waddleoninnrescue.org/
Wildlife Critters Circle of Life Rehabilitation Center: http://www.wlcritters.com/
Wild Nest Bird Rehab: https://www.wildnestbirdrehab.org/
Wild Souls Wildlife: https://wildsoulswildliferescuerehab.org/

New Merch - https://mrbeast.store
Check out Viewstats! - https://www.viewstats.com/

SUBSCRIBE OR I TAKE YOUR DOG
╔═╦╗╔╦╗╔═╦═╦╦╦╦╗╔═╗
║╚╣║║║╚╣╚╣╔╣╔╣║╚╣═╣ 
╠╗║╚╝║║╠╗║╚╣║║║║║═╣
╚═╩══╩═╩═╩═╩╝╚╩═╩═╝

For any questions or inquiries regarding this video, please reach out to chucky@mrbeastbusiness.com

Music Provided by https://www.extrememusic.com
----------------------------------------------------------------
follow all of these or i will kick you
• Facebook - https://www.facebook.com/MrBeast/
• Twitter - https://twitter.com/MrBeast
•  Instagram - https://www.instagram.com/mrbeast
•  Im Hiring! - https://www.mrbeastjobs.com/
--------------------------------------------------------------------","Sadly, this lion, if left untreated, would literally die. And it's the first of 1,000 animals we're gonna be saving in this video. Here's how. We'll be using a sniper to vaccinate giraffes from a helicopter. We ain’t leaving till all the giraffes are vaccinated! Rescuing lions from a zoo that was literally bombed. Be free! Relocating massive rhinos before they fight each other to death. Could add a lot of years to this rhino’s life. And so many more unbelievable rescues. Starting with performing life-saving surgery on this lion. This is Doctor Alex. What are we about to do? This lion has a tooth infection that could literally kill it. So we're gonna perform a root canal to save this lion's life. We're giving it life saving surgery to remove the infection in its teeth. Can you just hold that lip like that for us? Oh my gosh. He is literally pulling gunk out of its teeth. And this gunk, if untreated, would somehow end up in the lions heart valves? That's right. What would happen if she woke up? She'd bite my finger off. Oh… and my finger! That looks really good. Procedure's done. Let's release her! Now the lion is happy and healthy, but we still have 999 animals left to save. Our next mission is to save some rhinos. We have to search this massive reservation in order to tranquilize and relocate them. While we're driving around looking for rhinos, Chandler’s actually in the sky. I'm literally flying around in a helicopter in search of these rhinos that we are trying to rescue. Typically, the stronger rhinos would just scare away the weaker ones. But since the reservation is surrounded by anti-poaching fences, the weaker rhinos have nowhere to go. -So they end up killing each other. -Yeah, exactly. Which is why we're gonna put 'em to sleep and then transport 'em to a plot of land that can be their own territory, where they're not getting bullied out of all the food and water, they can actually grow big and strong. Jimmy come in! We found the rhinos! We found the rhinos. Let's rescue ‘em baby! Alright he’s got a rhino! Go, go go! Yeah! I got the tranquilizer gun. I'm gonna shoot 'em and put 'em to sleep, so we can relocate them safely. We did it! Chandler hit the rhino! Let's go! Let’s go! One rhino down! Time to relocate! Hey good shot, Chandler! First things first, we're putting on the anti-poaching collar. Here's what it does. This collar tracks the rhino's speed and its proximity to nearby wildlife. If the rhino suddenly starts running in an open area with no other animals around, we'll know likely that poachers are trying to kill it. We're going all out to make sure these rhinos live long lives, because there's not many left on the planet. Yeah. Well, look, thanks a lot. That's all we can say. So this is a microchip which we're inserting in a tiny hole in his horn, and then we're sealing it with glue. So now, if a poacher does kill this rhino illegally, we'll be able to trace its horns to the black market and, you know, help catch them. Let's get it to its own space so the other big rhinos here don't kill it. I know this all seems kinda weird, but this is-- [grunts] could add a lot of years to this rhinos life. Let's get him in. It's for your own good. Go inside. We're now in the safe area for the rhino, where he's not gonna get bullied and slowly killed. Alright. I say we name him Hippo. Hippo? He's a rhino. Well yeah, but his name's Hippo. -I'm calling him Hippo the Rhino. -Alright! Alright, Hippo the Rhino, enjoy your life. We still have hundreds more animals to save. And after my friends saved the other two smaller rhinos on the safari, we set our sights on something a little taller… Giraffes. Have a vaccine! By shooting them with vaccines. [cheers] Unlike when we tranquilized the rhinos, these high-powered air rifles actually deliver a massive dart filled with life-saving medication. Enjoy your vaccines. Have a great day. Why are they running? We're trying to save their lives. Throughout this video, we're going to be saving over 1,000 animals. But I guess no one told the giraffes because they were making it kind of difficult. Sir, I'm trying to vaccinate you! It's good for you. I promise, giraffes! Come get a vaccine! Bro, it's so far away. We need to elevate our tactics. Because the giraffe's territory is so large, this is the easiest way to get them the medication that they need. If a giraffe gets one of these diseases, what’s its odds of dying? 100%. It’s dead. -Really? -Yeah. Oh my gosh. Let’s save some giraffe's lives! Yeah! Wait, let's get that other one. And we're ain’t leaving till all the giraffes are vaccinated! Even though I now had air superiority. Enjoy your medicine. Take care. I brought in extra help to save as many animals as possible. I see five unvaccinated giraffes! Four unvaccinated giraffes! Three unvaccinated giraffes! The last one’s the one in the front. Yeah! Look at that! Five in a row. We’re on a killstreak! Although, we're not killing them. We're saving their lives! Right in the butt! Yeah! By the time we left, we vaccinated a total of 70 giraffes, bringing us to 74 animals saved so far. We even got to see our hard work from earlier pay off. There’s the rhino we dropped off. Oh, it is! He’s so happy! Bro, who would've thought giving giraffes a vaccine would be so fun? But we still had a lot more animals to save. So we're traveling from South Africa all the way up to Ukraine, where years of war have destroyed the zoos, leaving rescued lions to survive in makeshift shelters. But because they're still threatened by the ongoing war, we're gonna fly them out of there. Which is why we have this giant cargo plane just to transport these three lions out of Ukraine. They stripped this plane, literally there are no seats. The three Lions each get first class tickets. And with the help of wildlife conservationist Anthony Peniston, we're flying them over 7000 miles to South Africa to his animal sanctuary, Lion Watch, where these lions will have over 14 acres of open land to roam free. There’s a legit tiger right there. Actually, Majd, that’s a lion. [roars] Oh, ok. Um. [laughs] Close that gate. And after Anthony released the first lion, it was up to Majd to help release the other two. What? I gotta do that too? Yeah. -You ready? -I'm ready. -Let's do it. -Let's go. She's gone. The lions are now free from the dangers of war and free to run across their native African lands. And while saving exotic animals is important, It wouldn't be a saving animals video if we didn't save 100 dogs. Many dog shelters are overcrowded. And if a dog goes too long without finding a home, they're killed to make room for new dogs. Every five minutes, one dog in an animal shelter like this is killed. So we need to get these 100 dogs adopted right now. -How's it goin’? -Good! Beast! Oh, hey! Nice to meet you. Are you excited to get a dog? What kind of dog you guys lookin’ for? We're looking for a small, little one. Oh, a little small one? [barking] Look it, he wants to come with you! Do you like it? Aww. Say hi, puppy. What do we think about adopting her? Yes. Are you gonna play with that dog every day? Yeah! -And give it tons of love? -Mhm! Shake on it. Alright. One down… Ninety-nine dogs to go. And you may not know this, but taking care of a dog's health actually costs a bunch of money. And some people, unfortunately, can't afford it. We love him! Hi! Which is why I wanted to share the good news. And like all the other dogs here, all the medical bills are covered and he's free. We're covering all the adoption fees. Oh, wow. Great! So you guys can take him home for $0. Oh my goodness! -Thank you! -No problem. It was incredible to see so many dogs find their forever homes. How can you say no to those puppy dog eyes? Wow. How long have you been looking for a dog? 2-3 months now. She's perfect. Aw, she really is, though. Do you think you're gonna take her home? Yeah. That's what we like to hear. Brianna's been adopted You guys gonna take good care of him? Yeah. More and more dogs were getting saved. But since puppies have a higher rate of adoption, older dogs are less likely to survive. Like Blue, this dog that's 10 years old, still waiting to find his perfect human match. We're looking for something a little older. Just ‘cause we're a little low energy. How about Blue? What do you think? -Hi, nice to meet you! -I think he's great. He just looks so gentle. What a cutie! He's gonna be so happy with you guys. Thank you so much. But we weren't done yet. As the day went on, we watched dog after dog get adopted into a loving home. We ready to adopt? Yes, I am. Let’s go! And before we knew it, we saved 100 dogs, all going to families devoted to giving them the best life possible. Next up, we're saving exotic miniature horses. Because these tiny horses were being sold in an auction to be killed for food. And I'm sorry, but I'm not going to let anyone eat anything this cute. So I bought all of them. And we're gonna find all of these horses a home. Oops. Excuse me. The horsies are over here. [cooing] -Oh, I know the bay! -She seems to want this one! You guys have other horses? I have a full-sized one at home. So the horse you’re adopting's for her. Oh, yeah. Oh, really? So she can grow up riding a horse. -Aww! -Did he kiss you? Wait, how do you not get that one? You want your horses to think it's “their” decision that they're getting in the trailer. Let me try something. I'll give you guys 10,000 if you get in the trailer. Oh! Oh, they did it, it worked! You guys came here wanting one, and now you're leaving with two? I think minis are like potato chips. You can't have enough! [laughs] Technically, I'm not supposed to be bringin’ another one home, but the answer was not “no!” -Do you want a third one, then? -Yeah. Exactly. Load up the whole trailer! Two weeks ago, they were going to be slaughtered, and now they're getting loving homes, and you guys are gonna spoil them, right? -Oh, heck yes! -Yes. Oh see, this is awesome. That's the point of this video. And after adopting out our last 3 horses… What a sweet little horse! We also saved 4 donkeys who were all getting to stay together. And now we're off to help one of the biggest birds on the planet. Now we're at Maya's Animal Sanctuary, which I actually think is pretty fascinating because she helps fund it through a 24/7 Twitch live stream, where you can donate to give animals treats and other cool little things. And the money donated on the live stream gives animals treats and helps fund this massive animal sanctuary, which is filled with tons of exotic animals, which Maya has been rehabilitating for her entire life. Alright so, marmoset enclosure. That’s Momo up there. -Momo! -Momo's so cute. He does really like screens, so if you have a phone, and you wanna show him something… Aw! Not only do you like our videos, but apparently so do monkeys. What? [giggling] It’s a dominance thing. This is Winnie-the-Moo. To help raise money for this sanctuary, which is owned by a nonprofit, Winnie-the-Moo here is on a 24/7 live stream. And if you donate money, like I just did, her feeder gives her treats, and then she goes and eat ‘em. This is a really cool, innovative way that she's been able to fund this sanctuary and keep expanding it. -This is awesome. -She loves that feeder. Now, the real reason why we're here… Stompy the Emu. How's it going? How are you doing, Stompy? Stompy lives here with our horses and our cow and our donkey. Clearly, as you can tell, Stompy basically believes he's a horse. Which is bad because Stompy could literally get stomped on. Which is why me and Lowe’s are partnering with Maya to build an emu sanctuary. It's, uh, it's not there yet. But after this montage, it will be. I also wanna give a massive shoutout to Lowe’s for helping make this project possible. Lowe’s has been on the ground helping since the moment floods caused damage to the area, and now the sanctuary will be part of Lowe's commitment to delivering ten million square feet of impact this year. How do we continue helping Stompy? We gotta get this fence up here. I have never built a fence before. Alright, rolling out the fence. Maya, how are you cutting it so easily? Maya! You’re makin’ me look weak. Whenever your community is in need, Lowe's is there to help you. Even if it's for things like building a fence for Stompy. Alright, we're gonna plant this plant. -Dig a hole. Right there. -Yes, ma’am. What you wanna do is make an oblong shape. Question… what's an oblong? -Like a hot dog. -Perfect. I got it. Jagged, doesn’t have to be perfect. -Oh my God! -There you go! Then gently take out all the roots, and then we'll put it in here. And if you wanna learn more about how Lowe's is helping communities like yours… Just click the link in the description or go to this website right here, right now. Now, we need to see what Stompy thinks of his new home and introduce him to his new girlfriend. You're free! What do you think of your new home, Stompy? I heard you like trees, so we opted for an enclosure with a lot of trees. Hi. What do you think of it? I'll take that as “he loves it.” Not only did we build you a home where a horse won’t accidentally kill you, but we also got you a friend. We made this bad boy big enough for two emus. Can I name it? Yeah… -Wait, why's you say it like that? -No yeah, I trust you. We should name this emu… Nolan’s Mom. Yeah! Really? Yeah. Alright, let's let her out. What'd you think of my name? What does it mean? Well, it means her name's Nolan's Mom. -Hi! -Hi, Nolan's Mom. -Alright, she’s free! -Yeah! Yay! And to wrap things up, we're at the wolf sanctuary that Maya wants to build. Take off your blindfold. And to help bring the wolf sanctuary to life, we wanted to give you a $50,000 donation to help bring it together. Oh my God! Earlier this year, Maya's animal sanctuary faced extensive damage due to the Texas floods, and it really set them back. But thanks to Lowe’s, Maya is now able to bring the wolf sanctuary to life. That is crazy! Thank you so much. Up next, we're saving two sea lions, starting with Rocky, who unfortunately has a bullet in his head. This video's about saving animals, and I wanna let you know that we wanna cover the expenses of taking care of Rocky. Thank you so much! It will take some time for him to recover from surgery, However, Gertrude… Oh, hello! our other sea lion, is ready to be released. She previously suffered from being brutally entangled in a net and almost died. Let's go release Gertrude! Ready? Alright… Three, two, one! Go! Oh, she's wasting no time! Look at this! Dude, she hears the ocean. -Look at that. -There she goes! -Aw, dude she's running in there! -Let's go! Oh, man. -Oh, there she goes! -Let's go! [cheering] You’re free! Gertrude! Yes! [cheering] With over 800 animals left to save, it's time to rapid fire. Over in the Amazon rainforest, we worked with Minga Lodge &amp; Sanctuary to release over 200 animals back into the wild. What we have here is a Silky Anteater, it’s one of the rarest species of animals that we can find here. Oh my God, it's so cute and small! Go on little guy! Bye! These animals… [Karl] He's doing it! would have been killed if we didn't have sanctuaries like Minga to rehabilitate… So now we're bringing this tortoise over here into its natural habitat. and set them free. But we weren't done yet. Because back in the US, we saved hundreds more animals. Like here at Wildlife Critters Circle of Life. Where we funded 47 injured and abandoned animals. Including this black wolf named Draco. He was shot in Louisiana, and when Draco came in, he couldn't stand. Now, as you see, he's running around and super happy. 20 foxes were going to be slaughtered and turned into fur coats, but instead we stepped in and saved every single one of them. You get toys and treats and you get to walk around. Here at this gigantic bird sanctuary, we saved 70 native birds like this Screech owl that was hit by a car, and is now getting help for his injured eyes. We're actually unsure if his full vision is gonna come back in that one eye. Luckily for owls, they can survive in the wild with just one functioning eye. We also treated 42 injured or orphaned White-tailed deer. Come on deer! This one is healthy enough to walk and graze freely again. At this rescue in Georgia, we saved 85 animals. This Mississippi Kite has healed enough to fly again. And at this turtle rescue in New York, we saved 48 different turtles. This one's finally healthy enough to return to his natural habitat… The skate park. Back at Wildlife Critter's Circle of Life, this kangaroo named Bodie lost his mother. So he needs a few things that simulate having a mother. It has special nipples that resembles a mom as best we can. We make pouches so they feel secure, and they still get the momentum of the mom moving. And also over at Waddle On Inn, where a duck named Marjorie lost her beak to a snapping turtle. So we took her into our vet, Doctor Chester had a prosthetic beak put on because without it she could not eat. We also paid for the 46 other birds that are getting help here. All of these specialized medical treatments and rehabilitation techniques… Look at ‘em! cost quite a bit of money. That's why we helped 4 other organizations across the country pay for the cost of 212 more animals that needed our help. Looking back on all of these incredible animals, we just want to say thank you to you, the viewers, for giving us a platform to make a difference. We saved 1,000 animals, but our work isn't done yet. If you'd like to help us save the next 1,000, please visit this website. Let's work together to keep these animals safe and in the wild.",0.01797283422068238,0.3170239623047586,11,Video,7
ZFoNBxpXen4,"Survive 30 Days Trapped In The Sky, Win $250,000",20251220,@MrBeast,MrBeast,2245,False,184691220,2935798,110000,https://i.ytimg.com/vi_webp/ZFoNBxpXen4/maxresdefault.webp,https://www.youtube.com/watch?v=ZFoNBxpXen4,"You won't believe how much they struggled to stay up there

Special thanks to my friends at Starbucks, find your local coffeehouse here 👉 https://starbucks.app.link/MrBeast

I launched my own beef sticks with Jack Link's! You can find them right now at Walmart, Target, 7Eleven, or on Amazon https://bit.ly/BeefSticks1

New Merch - https://mrbeast.store
Check out Viewstats! - https://www.viewstats.com/

SUBSCRIBE OR I TAKE YOUR DOG
╔═╦╗╔╦╗╔═╦═╦╦╦╦╗╔═╗
║╚╣║║║╚╣╚╣╔╣╔╣║╚╣═╣ 
╠╗║╚╝║║╠╗║╚╣║║║║║═╣
╚═╩══╩═╩═╩═╩╝╚╩═╩═╝

For any questions or inquiries regarding this video, please reach out to chucky@mrbeastbusiness.com

Music Provided by https://www.extrememusic.com
----------------------------------------------------------------
follow all of these or i will kick you
• Facebook - https://www.facebook.com/MrBeast/
• Twitter - https://twitter.com/MrBeast
•  Instagram - https://www.instagram.com/mrbeast
•  Im Hiring! - https://www.mrbeastjobs.com/
--------------------------------------------------------------------","Take off your blindfolds! I just trapped these two strangers 100 ft in the air, and if they can survive up here for 30 days straight, they will win a quarter of $1 million. Go ahead and say hi to each other. -Hey. -Hi! I'm Alison. Angus. Lovely to meet you. Are either of you afraid of heights? Yeah. Honestly, not at all. My heart is, like, beating right now. I think this goes without saying: if you fall, obviously you lose. I'm gonna go on the ground. Remember, if you fall, you lose everything. Noting that. I’ll be thinking about that every day. Inside each of your crates is everything you need to survive for the next 30 days. Hey, think about it: if your pillow blows off the edge, you're done. You don't have a pillow. You need to chill. You're putting me on edge. Can I throw Angus off? I'm so done with this conversation. We've really tried our hardest to find two people that are complete opposites. Alison is a construction worker. I'm the heavy equipment operator-- technically, demolition. And Angus is the star of the most popular UK TV series. It's about dating. You just date for a living? Yeah. You know, I think we're kinda polar opposites, but it'll be ok. But little do they know how challenging this will be. Will these polar opposites be able to survive all 30 days? Or will the tension be too much to handle? Maybe I'll burn your tent. Burn my tent? [screams] I don't know about you, but I think I'm ready to set up the tent, ‘cause it’s windy. Aw, it’s so tiny in here. We're camping in the sky! This is gonna be tough. Much tougher than they're imagining, because… unlike our previous challenge videos, if one of them leaves, the video doesn’t end. Instead of splitting the quarter of $1 million, the person who stays keeps it all to themselves. They are quite literally incentivized to have their partner leave. I think I slept about two hours maybe. It was so cold. When you live in the sky, you’re exposed to the elements 24/7. No way it’s only Day 2 and we need our coats. That's bad. Oh, we are swinging. It’s a wee bit windy. But the wind was only the beginning. Imagine if I just pushed you now. I would be pissed. I'mma say that right now. Ugh. It's kinda hard to get comfortable in here right now. Oh, yeah. The weather was crazy last night. The wind was really, really bad. It was raining, so now everything's wet. So you didn’t sleep? No. Not really. I slept pretty good. Alison is adapting quickly. I'm preparing my tent for snack time. Chicken burrito bowl. Pretty excited about that. Angus, on the other hand… I'm struggling with the tent. I don't wanna be in it. It may look very cozy here, but it's not. Hopefully it doesn't rain again for a while. Oh my God! [giggling] Oh my God! The wind is fully in my tent now. Our tents are literally on the edge, too. This is lovely. This is ridiculous. And the rain continued… I'm scared that it's just gonna rain straight for, like, 24 hours. all night long. It is the middle of the night. It's still raining. Angus is walking around instead of sleeping in his tent because he hates his tent. I cannot sleep, and my tent’s soaked. I was about to throw myself off this platform. Ok, so this is our one place to take shelter without our tents, 'cause everything else is open and exposed. It’s literally the toilet, by the way. I'm on the toilet. She's on the toilet. I'm standing guard. Oh, it's so nice and sunny. I think this is the first time that I've actually had to shield my eyes from the sun, and it's Day 5. [Jimmy] Day 5. How's it been? It's been rough, man. My gosh, it has rained a lot. We woke up wet one day, and we've been hiding in the portaloo. -But it's been terrible-- -It's our shelter. These tents over here. What do you think of 'em? I like ‘em. -I find it a little snug. -I think it’s great. It's like a little tight in there. It’s damp. Very, very cold. I love my tent. It’s cute and cozy. Would you potentially want a nicer tent? Yes! I love my tent. It works good, and… No. I’d love a new tent. Bring it up! Whoa! Alright, stop! [Chandler] Yes, please stop! [Nolan] Good. I think it's good here. As you can see, 25 ft away are two brand-new, luxurious tents that are leagues better than what you currently have. There's pillows! Woo! This bed is so dry and comfortable. -Ok, I change my mind. I like it. -What do you think of it? If you look at those luxurious tents, you'll notice that they're elevated off the ground. So they will conserve heat better. I love being elevated. They have pillows, they have blankets, they have more space, and they're extra rain-proof. They do look nice. I take it back what I said, I like it. And if you look above the tents, you'll notice two targets. Here's three tennis balls. You both have to hit your target one time. And if you do, you'll get these upgraded tents. But if only one of you misses your target, not only do you lose the tents, I will be eliminating this quadrant of your platform, effectively destroying a quarter of your entire world. -There's a lot on the line. -Right, you gotta lock in. This entire glass floor right here will be gone if either one of you can't hit your target, so you both have to make at least one shot. -We both gotta lock in. -You gotta lock in! -I’m locked in! I’m locked in. -Lock in! Wow, this fits me, and I’m 6'5"". Like, come on. Closer to 6'2"", but you know… What? Do you think you got it? I don't know until I throw the first one. After the first one, I'll know if I got it or not. [Jimmy] This is big. Everything rides on this. If both of you miss, you might as well just jump off the ledge, so I can just end the video. Oh, I'm so nervous. There's, like, no wind in here, by the way. None? Absolutely none? I don't feel any breeze. Alright. I'm gonna hit it, then. I'm just gonna throw it. Alright, go for it. I'm chilling. I don't know why I'm waiting. Oh my gosh! First throw! You did it! First throw! -Yeah! -It barely made it! After that, there's so much pressure. Alright, you have tough shoes to fill now. The pressure's crazy. You have three opportunities now. What was your secret? Just don't think about it. Launch it. Alright. Can he do it first try? Aw, he missed. He missed! No! Alison, I'm sorry-- If I don't get it, I'm sorry. I knew you should have left Day 2! Hey, fill me up. Fill me up! Come on, gas me up! If he would've quit… there would've only been one target… Oh, ho, ho, ho! Oh, no! You got one ball left! Come on. Take your time. Wait, before you throw, I need you to give him a pep talk. Ok, lock in! Because if you don't, we're both gonna be sleeping in these tents, and I'm not going to listen to you complain any more. Well, it’s not even just the tents. This part of the floor shrinks-- is gone! We will literally, the second he miss, start unscrewing this platform. Where you are right now, you'd be falling. Oh, man. That's all you should hear to just hit the target. Hey, this is the difference between you making it 30 days and leaving. Are you really gonna let her down? [Nolan] Dude, this platform is swaying like crazy. Ok. [gasps] No! Oh my gosh, you missed! I can't believe it. Ah! Dude. That is heartbreaking, bro. I'm so sorry. Oh, no. Man, the pressure got to me. You're gonna wish you played a little more baseball. [giggling] I can't believe it. Oh my goodness. Hey, Chandler and Nolan, go and push it off. Ah, man… Wave the tents goodbye. [Angus] Oh, no. That would've been game changer. -Yeah. -Would've been. They still look cozy, even down there, man. But that's not all. Ah. [Alison] Great disappointment. Here goes the first tile. It's now gone. Oh, no! Let's keep going. [Alison] Dang… That was rough. Hopefully Day 10 goes better. Yeah. Don't screw up Day 10 for us. With a quarter of their floor already gone, Angus and Alison instantly noticed the consequences of a smaller platform. When I get up in the morning, it's like, no floor. Gotta be careful. Gotta be on my A-game right when I wake up. I'm surprised you didn't have a nightmare about the game. I don't need to have a nightmare about the game because I'm living the nightmare. This is the nightmare. Angus was clearly mad at himself for losing the challenge. I'm just staring at how cozy they could've been. This is what every hero does when they fail. Like, then they go into a state of quiet reflection and depression. That's what I'm in right now. Huh. Allison was also mad at him. Yeah, that was definitely your fault. I don't even know if we'll have another chance at shelter again. I don't know if that was, like, our one opportunity. I don't know. And that's why losing platform is such a big deal, 'cause we don't have much to lose. If we lose anymore, like… We can't afford to lose anymore! The two of them were still getting used to living in the sky. They had to deal with things like bugs… It's, like, winding up its wings already. Oh, it's looking at me-- [screams] less than ideal food… That's gotta be gross. That chicken I just ate, that was cat food. They also had to try to get along, despite coming from very different backgrounds. Money has never made me happy. Grew up around it, and it just never did anything for me. The happiest times my life had been when I've been broke. You'd say money doesn't buy happiness or whatever. So you might be viewing it differently 'cause you've already had money. That money can change a lot of people's lives. Yeah, I'm sure. I would take the money home to start up a company with my brother. Maybe put a little in savings. I feel like you really deserve it. Genuinely. After hearing how dismissive Angus was about the money, Allison decided she didn't just deserve her half. She deserved all of it. Angus, I'm gonna vlog real quick. Do you want me to cover my ears? Yeah, it's an emotional one. So, I haven't talked about, like, my game plan a lot. Nobody in the 30-day or 100-day challenge has came in here and successfully made it to the end and stolen money from the other person. So I told myself, I'm gonna do that. I'm not even joking. Sometimes it's like we actually forget how many days we've been up here. So this actually keeps us sane. Day #8. What a beautiful sunset to watch. They were getting along better. We should play catch. [giggling] You were telling me how athletic you are… I throw one can… Ooh-uhhh. [laughing] But their improved mood didn’t last long. [Angus] Oh, God. And the wind! Jesus. [Alison] Gotta love it. Gotta love it. [Angus] Good morning. It's so cold. I'm standing in the sun. Waiting for it to get warm. So cold, so cold! But the weather wasn't their only problem. I don't like the tortillas. I can't wait till we can eat normal food. It's now Day 10. Let's see how they're doing. How you guys doing? Yeah, not bad, man. Is the wind this bad all the time? -Most of the time. -Pretty much. Now, we have a button. Why do you think this button's here? Is it to tap out of something? Oh, like, if you press this, I'll give you money to quit? -Yeah! -No. It's to stop a giant saw blade. Send it up! Across from you, all the food you need for the next 30 days that is infinitely better than the MREs you guys have. And the only thing stopping you two from getting it is that saw blade cutting that rope. You see, in random intervals over the next 24 hours, that saw blade will start to fall. And you must press this red button before it cuts the rope to reset it at the top. But if you fail to press the button, the platform will instantly fall, and all your food will join your tents down there. Ah, man… If you lose, you'll also lose a part of your floor. I'm more concerned about the floor. Surely, with this game, he's not gonna screw it up. I can't miss it, right? It's just there. But do you trust him? Because he's shown he can fail you. Start the game! The 24 hour timer has started. Bye! Bye. Love you. He'll say it back one day. [laughing] We gotta push through for the floor. Redemption time. Lock in. [Angus] And… Go. [giggling] What if you have to go to the bathroom? Well, then you need to let it get low so you have more reload time to go do something. The hour, then it might drop again. It's gonna be a rough night. Oh, button! Button! [Alison] Back up, up, up it goes! I'm already tired. Oh, yeah. I'm gonna eat so much pie. [Angus] This is literally a entire day and night challenge. And we could fail at any point during it. This terrible MRE… I wish I had that food. The hardest part of this challenge is the saw could fall at any minute. Meaning the contestants had to be on their toes at all times. Think about it. In less than 20 hours, we can have hot coffee. Angus! Angus! Oh man, that was close. But eventually, they had to take turns to sleep. Allison went to bed first… Good night. trusting that Angus could keep an eye on the button and keep them in the challenge. So, we don't want it to get much lower than this… Bang. And then I can just chill mentally for a bit. Without Alison nearby to keep him on track, Angus became distracted. And then, eventually, downright careless. [sighs] Angus! Are you serious? I'm so sorry. Literally, it's like I lost consciousness. The next thing I know, I just hear the sawing sound. And that was it. I'm so sorry, man. It is what it is. Like, we can't do anything about it now. Oh my goodness, guys. I don't even know what happened. Like, my eyes just glazed over. Yeah, that's just a graveyard of my failure down there. Losing the food isn't your only consequence. We also have to remove a quarter of your floor. Oh, God. No! I'm sorry, man. As you should be. I will see the two of you on Day 15. Have fun. The loss of the Day 10 challenge was really hitting Angus hard. Alive? I can't sleep. I don't know how many more times I can mess up up here. All I'm doing is just making things worse. I feel I’m gonna go. Do you think so? Like, 90% sure. Angus keeps talking about how he is gonna quit. And just being like, I can’t do this. I am honestly a little bit worried just because having somebody else to, like, talk to makes the time go by so much faster. So not having somebody to be in the presence of, I think it's going to make the challenge way harder. But by the next night, Angus seemed to have his mind made up. I just wanted to warn you now. What? I think it's likely that I'm probably gonna go tomorrow. I don't wanna be a liability, and I don't wanna, every challenge day, be a risk of letting you down. I mean, look at the size of our little platform now. It's human mistakes. You don't have to cut it short. Oh, come on… don't. It's easier just to stay. So, while Angus had his doubts, on Day 13, I decided to give them a little surprise. You've lost two of the challenges so far. Two out of two, yeah. That food would've made a big difference in morale. Oh, yeah. Well, we got a surprise for you. Woo! Let's go! But since you're in the sky, we needed to call in a little air support. [Nolan] It's a blimp! [Alison] A blimp? And you're getting Jack Link's. Special delivery! Woo! Lowering the beef sticks! [Alison] What? This is so cool. - I'm so glad I didn't leave this morning. -Yeah, what? Oh my god. I got some hooks for y’all. Oh, thank you very much. Beef sticks coming down! Alright, trying to get meat sticks from a floating plane. A little bit closer. [Alison] You got it. Alright, we got it. Teriyaki coming down! [Angus] Of all days, I needed this. [Alison] It's just, like, taunting me. [Angus] You got it! Yes? Woo! [Alison] It's like fishing, but in the air. [Angus] Let's go. Angus, does this make you feel better for losing the other food? I can't even remember what the other food was, man. This is way better. And it comes in four flavors: Original, Teriyaki, Turkey and Zero Sugar. That's the best thing I've had since I've been up here. -No, 100%. -By a mile. [Karl] Enjoy! -Bye, Karl! And if you want to try the best beef sticks in the world, go to your local Walmart, Target, 7-Eleven, or Kroger. We can't wait for you to try 'em. I think eating something other than another MRE worked because on Day 14, Angus woke up in a much better headspace. Like, how do you feel today? I woke up and was like, ""Oh, it's a new day."" Yesterday kind of reminded me what a weird, crazy experience and, like, opportunity we have up here. So it's like, at least if I stay here, I've got a chance to kinda redeem myself. Challenge day coming up. We've gotta stay locked in. Day 14. We are here and we're not leaving. Five days with the missing floor. What's it been like? Obviously, it was a rough couple of days post-saw incident. Play it. Angus! That was my bad. So, um, shall we jump into it? -Yes. -Let's do it. Your Day 15 challenge is simple. We've built this 30 ft balance beam 100 ft over the ground. And all one of you has to do is walk across, touch the other platform, and then walk back without falling. And before one of you go, reveal what they're competing for! An improved tent. The same tent that you cost her, and some of the food you lost on Day 10. Ok. Question. What if one of us goes and falls? Does the other get a chance to go? No, because if you fall, you're out. -Oh. -Oh! Yeah. So, now you have to decide, who is going across the balance beam? I'm not gonna lie. With this one, I feel like I can get across. No 'cause, I mean, I got to redeem myself. And there's, like, a reputation on the line. -I’ll do it. -You're doing it? Yeah, I’ll do it. Yeah. I'll trust you. Also, if he falls, you'll lose another section of platform. Yeah. There's a lot riding on this. You are risking a quarter of $1 million that would go to Alison's prize pool if you fall. -You got it. -Whenever you’re ready. Oh, wait. Before you step on it… Here, can you step up? Boys, can you help me? Karl, lift it up. You can drop yours and I’ll drop mine. This is the actual balance beam! Angus! Oh. [laughing] It’s so much smaller. Oh my God. Angus, you got it. Yep. You said that last time. [Jimmy] Redemption! Oh! Oh my God. [Alison] You got it, Angus. This is so hard. Oh! [Jimmy] Ope! Alright, be the hero. [Nolan] Imagine you’re a bird. Whoa! But no, not a bird. You might see Angus flying in a second. He's off the platform. If he falls, it's over. [Jimmy] Take your time. No rush. [Alison] You got it. [exhales] Oh my God. There you go. You're doing great. He's doing great. It's getting more shaky. [Karl] I think you're the one that's getting more shaky. [Jimmy] Look how much his legs are shaking. It's almost like he's suspended 150 ft in the air. Oh my God. This beam is going, man! [Nolan] Stabilize! Stabilize. [exhales sharply] Oh! [Jimmy] Oh! [Angus] No! No! No! Allison. I'm sorry. It's ok. And after 15 days… -I'm Alison. -Angus. I cannot sleep. It’s been rough, man. Angus’s time in the sky is over. It's like every emotion going through right now, I'm angry that I couldn't make it across. I'm upset and sad that, like, I've left that platform behind. Well, should we just throw Angus's tent off? I mean, you can. You don't need it. Even though it was starting to feel like maybe it's my time to go. It's like… Oh… You know, I hate that tent, but that still really hurts to see that. Oh, man! Welcome to your new home. What do you think of it? Uh, not much to look at. Your friend's gone, you lost half your floor. Yep. Is there anything I can do for you? I feel like you've already done everything you could do. You gave us a great opportunity and we failed. -And by we, you mean Angus? -Yeah. Surely, Day 20 will go better. I'll see you then. See you then. If she doesn't fall. But the next few days would prove to be the toughest yet. It's the first day without Angus, and it's already super weird. Super quiet, super boring. I have nobody to talk to up here. Yeah, it's just gonna be a really long 15 days. As you can tell, this platform is extremely small now. Sorry, Angus, but I really need this extra space. Your red box has got to go. Goodbye, Angus. It's super windy and cold, if you can't tell. Better to be in here than miserable out there. This is by far the coldest night so far. It's brutal. This wind is awful. It just makes me wanna hide away in my tent. But Alison woke up with a new problem. The last thing I thought was gonna happen was whoever I got put up here with was gonna leave! A little bored. I'm going crazy. So, Alison tried to distract herself. Probably thinking, ""Dang, she's already going insane without Angus."" I think my leg's already hurt. Haven’t even done that much. I think it's time we do some remodeling. Back on the edge. But Alison got so bored… It honestly feels like I've lived up here forever. that she literally started talking to, well, anything. Say hello to Angus. It's just like Angus, but a little cooler. Get it? [laughing] Angus, are you gonna sit there and just watch or are you gonna help? I don't know if I like him just staring at me like that, but it's better than being alone. When I woke up this morning, the first thing I thought about was, ""Oh my, challenge day is in one day."" This is life changing money. Like, I'm not just viewing that as chump change, like, this is money that could change a lot of people's lives. Losing floor is definitely a fear. I'm nervous. I don't know if it's gonna be doable. It might be pushing me to my edge. [Jimmy] Which is exactly what I had in mind. What's taking so long? Calm down, mustard. [laughing] It's Day 20, and you've been alone for five days. This is already not enough space for you. Yeah, so if Angus were here, it would definitely be not enough space. So, you'd prefer having your space back over having Angus back? Yeah, I would. How about instead of that, we introduce a new challenge that can remove more space! I like that. You guys like it! Bring up the spikes! This platform is covered with hundreds of 6 inch long, razor sharp spikes. And every day, a balloon is gonna go up towards those spikes and you have to shoot an arrow to pop the balloon. But if you miss and the balloon is popped by the spikes, then you lose a panel of floor tile. -Release the balloons! -[screams] [Nolan] It's rising. [Alison] That balloon is going so fast. [Karl] There it is! You got it! Oh my goodness! Yo, what a shot. [chanting] Yeah! Yes, yes! Yeah, yeah! [laughing] Dude. First try! [screams] Are you Robin Hood? Are you Katniss Everdeen? It's only happening once a day. So you're in the clear. Can I have those? Yeah. Just don't drop them or else that’d be bad. Bye! Bye, guys! [Karl] Yo, she's so cooked. Low-key had nightmares last night about this balloon. I'm more nervous today than I was yesterday. I feel like this is the hardest challenge we've had to face up here. This is a 24/7 challenge. You constantly have to be on your toes. You constantly have to be looking to see when the balloon is gonna rise. Oh, no. Oh, no! Oh, no. It's actually coming up here. Ok, ok. Oh my gosh! I can’t handle this stress. But what Alison doesn’t realize… Is it moving? Oh, no! is that the timing of these balloons isn't random. No! It's specifically linked to when she’ll least expect it. No, no, no… Missed my first balloon and I had to pick a piece of flooring to go. I ended up going with the back corner over there by the yellow box. Yeah. This challenge isn't just-- Oh, hit the balloons. It's fine. No, it's literally, like, I need floor in order to make it to the end to get the money. It's kind of life or death. Oh, shoot. Yeah, come take my floor. Day after day, the balloons continued. Oh, shoot. Continued to threaten Alison's living conditions. About time. I can relax now. Not really, though. Because I have to do it again tomorrow. But little does Allison know that she doesn't. Because it's time for the final challenge. Hey, how's it going? I mean, it could be worse. Could be better. Only five days left. How's it feel? Crazy. Not real. What do you see down there? A lot of balloons, but at least they’re not red. As long as they're not red, it's good. Think of something you would enjoy in the morning… on your way to work… Coffee! -Yeah… -Starbucks! Starbucks! -Really? -Yeah! This is a sick joke. Send it on up! Ah! I’m actually so excited! We felt bad about how much you've lost. I’ve lost a lot. Which is why they stepped in and provided you with your very own Starbucks up here in the sky. What! That's right. For the rest of the challenge, Alison will get to enjoy her very own Starbucks. And a barista! With a barista! Let’s go! I'm so excited. So, my name is Josiah. I'm Alison. This barista is gonna be here every day for the rest of the challenge. Here's my first sip on the platform. You're gonna have, like, a brain high. [slurps] Thank you. But unlike Alison, you don't have to go 100 ft in the sky if you want some amazing coffee. Just go to your local Starbucks. I don't have to tell you it tastes great. There is a catch, though. Give me one second. I need you to put these headphones on. And then Nolan, come over here. Alright, I need you to just scream really loudly in her ear so she can't hear me. [screaming at each other] Hey, how's it going? -[screaming] -Keep screaming, Nolan. Keep it up. Starbucks sponsored this video, and we literally built a Starbucks in the sky. And here's the thing, they also gave us a $50,000 gift card which is the biggest Starbucks card ever given away. If she finds it, she keeps it. If she doesn’t, you get the $50,000 gift card instead. We're putting it right here in the back of the crate. She has no idea about the gift card. She knows nothing. It's up to you if you want to tell her or not. Hey Nolan! Nolan, stop! Stop! Stop! Alright, Alison. Take it off. Look who we called! Oh my God! How have you been? I'll tell you about it when I get out of here. But not well, really. Not well. See, I've got one little thing that I need to tell you. Oh, God. On this platform, there is a gift card to Starbucks worth $50,000. If you don't find it, I get it. No! Well, it's a good thing you made this platform really small 'cause now it'll be easier. Could I have this iPad? [Alison] No! Ah! Ok. Anyways, uh, have fun with your Starbucks. Oh my goodness. There’s just not much places to look. I don't know where that thing can be. I've been up here the whole time. Like, where could they've possibly hidden it? No way! I just found it! [laughing] Sorry, Angus! The search started and it ended really quickly. So, the gift card is mine. I'm genuinely so grateful and so excited. This is a game changer. With Alison's newfound boost of caffeine, she's locked in and ready to snipe the next balloon. Honestly, by this point, I know what to expect. You really gotta watch the balloon and keep your eye on it the whole way up, because sometimes it does some tricky maneuvers on ya' and tries to get ya'. Are you actually kidding me? That was horrible. That was actually horrible. I feel like outta all the pieces I could choose, this has gotta be the best one. I mean, I would be lying if I said I wasn't upset. This is the first panel to go that actually is a little bit detrimental. If I forget that that panel is gone, and I stand up and just step backwards… Oh, game over. These last few days are only going to get harder, especially if Alison keeps missing the balloon. Only three more days. That's insane. I'mma stand right here until 9 AM. I know my shot's not great… but it's not that bad. Hopefully my barista brings a coat. I warned him yesterday it gets cold up here. Oh! [gasps] Oh, hell no! You guys got me good. I wasn't even equipped! Why am I sitting there staring at it, without the bow? That was the first time I haven't shot an arrow at the balloon. Sitting up here and holding the bow for hours staring at the balloon is mentally exhausting. I wish I was more confident in myself right now, but for some reason I'm thinking I'm not gonna hit this balloon. When I get outta here I feel like I'm gonna be so much more patient. Oh shoot! I'm throwing it. Yeah, with the amount of floor she's losing, she might literally fall off on Day 29. I had time to reload that. [laughs] Ok, um… I don't… That's… And by this point, it really seemed like she was starting to lose it. I'm getting worse and worse as time goes on. I take back everything I said about Angus and him failing challenges. 'Cause I can't even shoot these balloons out of the air. That's the old me. The old me could do that. The new me is struggling, so I'm no better than Angus at this point. I'm taking my own floor away. [sighs] I'm so glad that this is my last day having to stare at a balloon. Alison was doing nothing but waiting for the balloon. Not only would missing again make the challenge even harder, but it's her only form of entertainment. Tomorrow I get to touch the ground, the earth. I get to go inside. I get to go in a car. I can have yummy food. Alison! Why's Jimmy here? -Wait, don't point your bow at me! -[Alison] [laughing] Are you trying to kill me? Wow, you're really running outta space over here. After we release the final balloon, I have a little twist for you. Dude, I knew you would. Hey, Nolan! Yeah? Release the balloon! Is she gonna hit it? [Alison] No! You know, the wind caught it. Now that you missed that, you won't be needing these anymore. Remember on Day 15 the balance beam that got Angus out? Oh, yeah. I know… What if I told you, in exactly 24 hours-- Start the timer. I will be bringing that back. And if you can make it across and back, I will double your prize pool. Dude, I knew you were gonna do this. But if you fall like Angus… [shouting] No! You, too, will lose everything. I knew you were gonna do this! $250,000 guaranteed… Yeah. or risk it on a balance beam, which keep in mind, you said looked easy, for half a million dollars! You know, I thought the stress was gonna be gone after that… Stress is back. -Yeah. -And worse than before. I will see you tomorrow for the half a million dollar decision. [Nolan] There she goes. [Barista] Woo! Ok, guys. My head is all over the place. My ego is telling me I can do it. And that's the fastest I will ever make that much money in my life. I got a big day tomorrow. A big challenge, a big decision. So I'm gonna go to bed now. Good night, guys. Alison, open your eyes. Turn around. I brought a friend. [exclaims] He's back! -Oh, what the heck? -Oh, man! It's so good to see you! There's only enough room for one of us up here! Yeah, this is crazy! Are you surprised to see me? I'm glad you're in red I wouldn't have recognized you. [laughing] I literally-- I've missed you so much. Also, if you look over there. -That… -Yeah. is $250,000, that in the next 10 minutes, could be added to her prize pool. Where's your head at? I'm gonna be honest, I really-- I don't know. All you have to do is walk across, grab that check, and walk back. I know, and I hate that my ego tells me I could do it. Well you said when he fell-- Here, play the clip. I feel like I could get across. That you could do it. I know I did. You said it was easy. You made it look really hard though! It is really hard! I'm telling you, it's so hard. But I don't want to tell you whether to do it or not, ok? No it's like a really big decision. You've come so, so far. Am I allowed to stand on it? Yeah, of course, but I agree this is a massive decision, which is why I also brought your brothers out. -No! Why would you do that? -Right over there! [cheering] You think she should cross this balance beam for a quarter of a million dollars? Hey, if you think you got it, do it! Ok, let me stand on the beam. [Alison] Oh! Oh, is she gonna do it? Ok, well when you do like that, you make it look easy! Oh! I hate that I just did that! If you're gonna do it, you just gotta do it! Dude. Could I have an almond latte, please? I hate that I think I can do it. Ok, bro, I wanna go. I wanna go. You wanna do it? [sniffles] Why am I gonna cry? Don't cry! Like, I believe in you, whatever you do, but you just gotta be open to the possibility that you're gonna fall. Jeez, I don't know! In the 30 days up here, she's been through some highs and lows, I've never seen her cry once. You didn't even cry when I fell! How is this more sad? [laughs] Oh, I hate this decision. Alison! We support whatever you choose! From the start, I've been saying I wanted to do this challenge to the fullest extent, you know what I mean? -Yeah. -Mhmm. And I feel like… me going home with something vs. nothing… would be the fullest extent. If I actually got on this beam and fell, and didn't go home with anything… I lost. But imagine how cool you would be in front of the whole world! If you said, I'm doing it, and you did it. And you went there and you came back. That would be the highest of all highs in the entire world! -That would be kinda cool. -In front of everyone! Oh, I hate that I think I can do it. I wish I just looked at the beam, and I was like heck no. Alison, I need a decision. Do you want to leave with a guaranteed 250,000, plus your $50,000 Starbucks gift card? Or do you want to risk it all to add an extra quarter of a million dollars to your prize pool? It's literally doable! Nolan, grab the check. I got it. If you tell him to drop that check, the deal will officially be off the table. Your 250,000 will fall, and you will be going home with that $250,000, your $50,000 Starbucks gift card, and not a penny more. What's your answer? Nolan, you gotta drop the check! -You sure, what? -I'm sure. Nolan, throw it! [Nolan] There it goes! [Jimmy] Alright. There goes your quarter of a million dollars! Woo! Which means you officially won that quarter of a million dollars! [screams] I'm glad you did it! [cheering] But I think we're all curious, would she have made it there and back? I hope I fall! [laughs] Let's see if she does it. This is just for fun. If she does it, I'm not giving her anything minus the money she already won. Oh, she's making this look easy. [Jimmy] Oh my gosh. Oh. Oh. Ruh-roh! Stay steady. I'm getting flashbacks. This is what threw Angus off! [screams] Oh-ho-ho! I made such a good decision! I made such a-- She is so lucky she turned down my offer! Honestly, this is your sign to not let your ego get to you because it almost got me today, and that would've cost me a lot of money and I'd be up here crying right now, and it'd be really awkward. But instead we're laughing 'cause I'm going home paid! And with that, Alison has won $250,000! [screams] Let's go! Oh my God. Hey, if you haven't already, subscribe! This video was great.",0.01649129828694618,0.301307620832093,12,Video,8
pzBi1nwDn8U,"Survive 100 Days Trapped In A Private Jet, Keep It",20250719,@MrBeast,MrBeast,1983,False,142583771,3469819,46000,https://i.ytimg.com/vi_webp/pzBi1nwDn8U/maxresdefault.webp,https://www.youtube.com/watch?v=pzBi1nwDn8U,"Spending that much time in a jet is crazy
10 people will win $10,000 thanks to DoorDash. Enter promo code JET on any grocery, convenience or retail to get $10 off your order AND to enter for a chance to win $10K: https://bit.ly/44GtE3z
doordashpartner ad

To help offset the carbon emissions from the jet, we planted thousands of trees and are working with the Arbor Day Foundation to support certified carbon removal projects that restore forests and remove CO₂ from the atmosphere.

Due to airport security, Dashers delivered this and all subsequent orders to a MrBeast crew member who then brought items to the pilot.

With DashPass, enjoy $0 delivery fees and lower service fees on eligible orders. Terms apply.

New Merch - https://mrbeast.store

Check out Viewstats! - https://www.viewstats.com/

SUBSCRIBE OR I TAKE YOUR DOG
╔═╦╗╔╦╗╔═╦═╦╦╦╦╗╔═╗
║╚╣║║║╚╣╚╣╔╣╔╣║╚╣═╣ 
╠╗║╚╝║║╠╗║╚╣║║║║║═╣
╚═╩══╩═╩═╩═╩╝╚╩═╩═╝

For any questions or inquiries regarding this video, please reach out to chucky@mrbeastbusiness.com

Music Provided by https://www.extrememusic.com

----------------------------------------------------------------
follow all of these or i will kick you
• Facebook - https://www.facebook.com/MrBeast/
• Twitter - https://twitter.com/MrBeast
•  Instagram - https://www.instagram.com/mrbeast
•  Im Hiring! - https://www.mrbeastjobs.com/
--------------------------------------------------------------------
Terms & Conditions:
NO PURCHASE NECESSARY. Purchase will not increase your chances of winning. Sweepstakes ends 11:59 PM PT on 07/27/25. Open to legal US residents, 18+, who have an active, valid DoorDash account. See Official Rules (https://bit.ly/4nYqvoO) for complete details on how to enter, eligibility requirements, free method of entry, odds of winning, prize description, and limitations. Void where prohibited. Sponsor: DoorDash, Inc.

Promo offer valid through 11:59PM PT on 07/27/25 on orders placed at participating grocery, convenience, or retail merchants on the DoorDash app or website. Valid only in the United States. Valid only on orders with a minimum subtotal of $20, excluding fees and taxes. Maximum value of discount is $10. Discount applies to subtotal only; does not apply to fees, taxes, and gratuity. If the full $10 value is not used on a single order, the remaining value will be forfeited. Not valid for pickup. Limit one per person. Not valid for the purchase of alcohol. Fees, taxes, and gratuity still apply. Use promo code JET at checkout to redeem. See further terms and conditions at https://drd.sh/8ONpZP/.","I just bought this luxurious private jet. And if this pilot can spend a hundred days trapped inside, he keeps it. &gt;&gt; No joke. I spent two and a half a million dollars on this private jet. And once you step inside, the 100 days will begin. &gt;&gt; Oh my god. &gt;&gt; And now that hour one of this 100 day challenge has started. I say we kick things off by taking it for a spin. Let's go. Let's take it for a spin. &gt;&gt; We're about to find out if he's a real pilot. He &gt;&gt; woohoo. If Armando stays on this plane for the next 100 days, it will forever be his to fly anywhere he wants all around the world. 100 days living in this thing. No problem. That was a smooth ride. This thing is nice. We'll see if the landing smooth. What a great flight. That was awesome. &gt;&gt; You're now 2 hours into your 100 day challenge. But if any part of your body touches the ground outside this plane, the video ends and you lose this private jet. &gt;&gt; Don't touch the ground. &gt;&gt; Good luck. See you when I see you. Let's see if Arando can win this private jet. &gt;&gt; What do I do now? This is my usual office. And here is the dining room. And allow me to show you the bedroom. This is where I will sleep apparently for the next 3 months. &gt;&gt; I don't have a real kitchen. Got a microwave and a airline cart full of canned meats. I don't have a shower. That's going to be a challenging part. &gt;&gt; And he is not wrong because even though this jet is a worldass vehicle, it's not built for a person to live in. So, over the next 100 days, it is going to get a lot more difficult. The walls are starting to cave in. This is what prison is like. Maybe I'm hallucinating. Sunshine makes me happy. I'm missing my family. Well, that's not good. Weird falling out of the sky. I am ready to be done with this. It's night one. I don't have a bed. The best option might be the chair. Good night. This is going to be my own private jet. It is day two. You would think this is a comfortable jet. It is not that comfortable to sleep in. &gt;&gt; It's day two. What better way to kickstart this video than to use this private jet for our personal game. Yeah, &gt;&gt; me and the boys are thinking. You want to fly us to a hockey game in New York? &gt;&gt; Let's do it. You can come, bro. We got you a ticket. This is not a trick. &gt;&gt; If you get off the plane, you lose. But you can still go to the game. Well, we'll see. &gt;&gt; And take us to the hockey game he did. But once we did land, thanks for the play. &gt;&gt; I wish I was going to a hockey game. I just had to stay inside. Wonder what Armando is doing right now. Playing yoga. Yeah. &gt;&gt; Using the jet just to go to a hockey game was so fun that the next day the boys and I had another trip in mind. Do you mind taking us to Miami, Florida? &gt;&gt; 100%. &gt;&gt; And that's the beauty of owning this private jet because we can literally fly wherever we want. &gt;&gt; All right. Welcome to Miami. &gt;&gt; Let's go have fun, boys. &gt;&gt; See you later. I love the fact that they are using a jet. I wish I could talk to my wife, my daughter. I miss them so much. But I still got 96 days of this challenge to go. Hope I can make it. This is my first day just hanging out in the hanger. I got to get in a routine. &gt;&gt; And so over the next few days, Armando would exercise, &gt;&gt; crab walk. Oh, that's more work than I thought it was going to be. &gt;&gt; Make his meals in the microwave, mix vegetables for the morning, clean himself without a shower. The only way I have to clean myself is with dude wipes. Make sure we're clean. Use the goodies. and try to find any place to sleep. &gt;&gt; My bed is a bust. Cut really messed up my neck. This is the only place in this airplane that I can fully stretch out. But even that wasn't enough to make Armando comfortable. I cannot stare at these four walls. We got to fly this airplane. And the following morning, that's exactly what he did. &gt;&gt; Never have I gotten the keys to a jet, go wherever I want. We're going to Niagara Falls. Going to go see them from the air. That is so awesome. Tell me that's not the coolest thing you've ever seen. We are at 4,000 ft over Niagara Falls. No jets ever get to do this. Hawker is a two pilot airplane. My great co- captain is here with me. The best office in the world. It is the best office. &gt;&gt; But unlike Armando, his co-pilot can actually leave the private jet. The end of my universe is right there. And even though he couldn't leave those steps come day 10, I devised a little loophole to change that. &gt;&gt; Ah, damn it. &gt;&gt; I screamed and you didn't even stop the door. &gt;&gt; No. What's life been like the last 10 days? &gt;&gt; Jimmy, there's no shower, no bed, there's no real kitchen. Overall, pretty good. That's not where I thought he was heading with that sentence. But I may just have a solution for you. Every 10 days, I'm going to present you an offer on this private jet. And your day 10 offer is a choice. You can choose between receiving these coordinates, which will lead you to a runway with $50,000 in cash on it, or Alpha, bring in the goods. I hook up a shower to your private jet. And before you make your decision, I feel like I should at least let you see the shower. And because it would obviously be an extension of your jet, you will not be eliminated if you enter that room. Ooh, looks like a real shower. And even though you don't need it, it comes with shampoo. Yeah. It's not only that it's a shower, this is space. I can stand up. This is amazing. &gt;&gt; It's time to make a decision. A shower for 90 days or $50,000 in cash. Which do you want? &gt;&gt; Showers for 90 days would be great. I'm going for the cash. &gt;&gt; Whoa. What? Oh my gosh. I'm meant to fly. The airplane's meant to fly. Let's take it. &gt;&gt; I can't believe he said no to the shower. Have fun retrieving the 50 grand. I can't wait. And now that I think about it, with this specific pilot, I guess shampoo wasn't really an enticing offer after all. &gt;&gt; Someone is going to meet us at these coordinates with $50,000 in cash, &gt;&gt; which on top of his $2.5 million jet could potentially make Armando the highest paid winner in the history of the Mr. Beast channel. $50,000 for not showering. &gt;&gt; No brainer. &gt;&gt; My biggest problem tonight is where am I going to put $50,000? So now I can actually take my family places. I can go to sleep with the sweet smell of money tonight. My weirdest task of this challenge so far is how to reorganize all this cash into as few cases as possible so they don't take up room in my airplane. Feel like the wolf of Wall Street. I might just sleep on money. 50 grand might have helped his bed situation, but it created a whole new problem in Arando's head. &gt;&gt; What on earth would I do with this thing if I actually got the keys to it? Do I sell it? Would I keep it? &gt;&gt; Owning this jet would be a dream come true for a pilot like Armando. But there's one huge problem. &gt;&gt; I just did a little bit of math. After the challenge, if I own this airplane for 3 months, that's going to be $8,000 for a hanger, $10,000 in insurance, $30,000 in maintenance. Obviously, the cost of owning a private jet can really add up. Which is why throughout this video, he has a chance to win up to an extra million on top of this $2.5 million jet in prizes and money. So, if he does end up winning, he can actually afford to keep it and make his family's dreams come true. I can't help but picture my family and friends in this airplane having just the best time going to some destination. I can picture it. Looks like I'm going to have to win a lot more money from Jimmy. &gt;&gt; I can't help but think that military service helped me prepare for this. Always started with being excited and being happy to be there. Then you get into your groove and then you hate your life and all your life choices and then you start seeing the light at the end of the tunnel. &gt;&gt; It's a Fortnite 2 weeks into this challenge and Armando is trying to remain optimistic. That's a great meal. Upgrading myself to a feastable. This is how I'm keeping track of all my chores. Here's the things that I haven't done today, and I just move them over as the day goes along. &gt;&gt; But even with a good attitude, he still might not make it 100 days because of his horrible sleep situation. &gt;&gt; I can't figure out how to sleep without something hurting. It goes down and up and down and up. It's the first day that my body is not happy with me. My workout was weak. My stomach feels icky. I don't know that I got a great night's sleep. Tried the couch again last night. It was a miserable failure. 10 minute one. That's how I'm feeling today. I'm really curious what he's going to offer tomorrow, but I need a bed. I had the perfect offer for Arando. But since I was filming a video where I was giving away a million meals, he had to come to me. Here we go. And to thank him for the flight, I brought Arando a special meal of his own. Since we're in Philadelphia, we got you some Philly cheese. How long is the flight to North Carolina? &gt;&gt; 48 minutes. Oh, that's it. &gt;&gt; Our private jet is awesome. Tomorrow is day 20. Time flies. &gt;&gt; All right, let's get All right, let's go. Normally, my offer would come on day 20, but in order to fully appreciate it, I'm giving Armono the opportunity to sleep on it. Your day 20 offer is this custommade inflatable bench specifically for this plane, or I give you coordinates to a mystery crate hidden somewhere across the world. And hidden inside that crate could be anything. Could be a quarter of a million dollars, could be a Tesla. It could be worth more than the jet itself. &gt;&gt; Oh man. &gt;&gt; I'll see you tomorrow for your decision. And so I left Armando for the night thinking he would try out the bed, but I didn't expect him to share his bed with a cheese steak sandwich. He must really need some sleep. &gt;&gt; That was the first night that I've slept comfortably on this airplane. &gt;&gt; Let's see if he chooses this inflatable bed or the mystery gift, which is actually worth $250,000. [Music] Knock knock. Is anyone in here? Come in. Welcome aboard. It's day 20. Yay. Please come into my living room, dining room, and bedroom. Be honest. How was the night's sleep? It was like sleeping on little baby clocks. Do you think having this bed increases the probability you make it 100 days? I know with this, my body can make it 100 days. &gt;&gt; On the other side, though, at a random set of coordinates hidden anywhere on this planet is the mystery box. This is something I can feel right now. I can't fly this airplane without getting a good night's sleep. Would you prefer this inflatable bed or the magnificent ginormous mystery gift? I'm in it for the long run. I am going to choose the bed to make 100 days. Yeah. &gt;&gt; Really? The mystery gift was a Lamborghini. &gt;&gt; Really? &gt;&gt; Yeah. &gt;&gt; Oh, don't dream of Lamborghinis tonight. &gt;&gt; Yeah. I'll count them in my sleep. Can't believe he just turned that down. Carl, he declined the Lamborghini. &gt;&gt; Okay, his lost. Turned down a Lamborghini. Whatever. It's cool. I got a bed. This is going to be a game changer. With this, my body can make it another 80 days. Thanks to the bed, Arando is thriving. Well, I feel like my eye is on the final prize, which is owning this jet. I want to learn about my airplane. It's only about 2,000 pages, but this is still an endurance challenge, and it's about to get way more difficult. Beautiful day to fly. Armando, how you doing? I would love to take the airplane somewhere. Interesting. But what if I told you for the rest of this challenge, you can't fly unless I say so. But you'll need to keep practicing because later in this video, you'll face the greatest challenge in your piloting career. So, I'd start practicing if I were you. Good luck. I can't wait. Let's do this. I practice in here putting in the routes are takeoff speeds, time speeds, emergency speeds, performance numbers, just part of professional flying. This morning I woke up and I started dreaming about all my dream places that I want to go. And while these practice flights may have been a great way to spend his time, Armando couldn't resist making it all about food. New Orleans is one of those places that I want to go to. Creole food and some beignet. There's a lot of good cuisine. Charleston seafood. I am very much partial to New York pizza. flying to Key West Cuban sandwich and some empanadas about barbecue today. And it's no wonder he's fantasizing about food when this is what he's been eating for almost a month now. &gt;&gt; I will not lie, it smells like cat food for 100 days. No one said this challenge was going to be easy. It's been 30 days since he started living on this plane. We have a very special offer. &gt;&gt; Hi guys. &gt;&gt; Come on down. Do you recognize this? &gt;&gt; I do. &gt;&gt; It's a galley cart full of food. the exact same food you've been eating the last 30 days. Since you only have 24 hours of food left, I brought you enough food to resupply you till the end of the video. Okay, but before we restock your jet with enough food for the next 70 days, I have an offer for you. Okay, you can turn down the canned chicken and tuna that you've been eating in exchange for a phone that has Door Dash installed that you can use whenever to order whatever you want. &gt;&gt; Obviously, the phone only has the Door Dash app, no call or text. But the catch is if you choose Door Dash, you have to let whatever is in this mystery box live with you in the jet for 24 hours. That's an entire day sharing this tiny space with something horrible. Don't don't open it. Don't open it. Things are breathing in there. Yeah. Well, I did do 22 years in the military. I feel like I could probably handle myself. I don't know if this is going to surprise anybody, but I'm going to pick the Door Dash. &gt;&gt; Really? Yeah. When you open this, whatever is inside of here is stuck with you for the next 24 hours. &gt;&gt; 24 hours. &gt;&gt; Here, give it a bang test. No. Harder. &gt;&gt; Snakes get violent when you do that. &gt;&gt; Three. &gt;&gt; Oh my god. &gt;&gt; Two. One. Open. &gt;&gt; You're stuck with Nolan. Have fun, Nolan. Try not to annoy him too much. &gt;&gt; Why would I ever be annoyed? &gt;&gt; I'm super excited about this. I have not had like human interaction really. Armando hasn't had much personal connections over the last 30 days, and Nolan hasn't had any in 26 years. What if I just started smashing things? I'm going to press buttons. &gt;&gt; Arando, stop letting him press buttons. &gt;&gt; Self-destruct. You do. I can't. I can't. I need to leave. No. Nolan in the cockpit. Oh my god, I'm so excited about this. &gt;&gt; Ooh, tacos. I guess if you're starving for attention and gourmet food, &gt;&gt; that smells amazing. &gt;&gt; This isn't the worst punishment. I don't know why you've been complaining about the food. This guy way better than Ken chicken. I feel like it's going to be a fun night. Let's see who the real pilot is. Oh man, I am the pilot now. Jimmy didn't say what you could order or how much money you could spend on Door Dash. I just wanted tacos. Tacos and we're going to buy a lot of things from a lot of stores. So the next day when I returned, I was in for a pretty big surprise. Nolan, what the heck? Come check it out. I had no idea, but Nolan and Armando had used Door Dash to order so much insane stuff just to decorate the jet. All this was available on Door Dash. &gt;&gt; Yeah, this was cool and all. I kind of needed the jet to fly me today. Are you saying we got to get rid of the tree and stuff? &gt;&gt; I'm saying we got to get rid of everything. Armando, we got to take some stuff off. We had to clean up the plane so it would be safe to fly, but it was worth it since where I was going, we were about to make a much bigger mess while shooting another video. While we were blowing up stuff, Nolan and Armono were still back in the jet. &gt;&gt; Now that Jimmy's gone, we have a couple hours. We do. &gt;&gt; I think we fly somewhere. Okay. It's a beautiful flight down to Florida today. I'm down for that. &gt;&gt; And they actually did fly down to the Florida Keys, which I just found out when I watched this video. Literally right now. &gt;&gt; That's the end of my 24-hour period on the jet. &gt;&gt; Shut it. &gt;&gt; Thank you for flying me to the Florida Keys. &gt;&gt; Get out of here. &gt;&gt; And he did get out of here. &gt;&gt; I'll bring souvenirs for the entire day. And when they flew back to Georgia to pick us up, I had no idea that they had ever left. 45 minutes home. Let's go. &gt;&gt; Now that Armando was alone in the hanger, the very first thing he did was bust out Door Dash to order more food. I could have almost anything. Going to do some bow buttons for dinner. This is going to be so much better than canned tuna. I'm ordering pasta. This is going to be a good one. I can eat fresh fruit and vegetables whenever I want. &gt;&gt; But soon, Armando started using the app for more than just food. &gt;&gt; Love it. I love it. I love it. cleaning supplies. This is a vacuum cleaner. Oh, yes. This is amazing. You can order almost anything. I get some resistance bands. Having Door Dash has been a game changer. I finally feel like I've nested. I've made this place my home. I feel at peace. &gt;&gt; But Armando soon realized that there's one thing you just can't Door Dash. I would love the chance to take this airplane all the way across the world with my family. I have a lot of great adventures. I've been to 70 countries, climbed Kilamanjaro, raced motorcycles, flown all kinds of airplanes, and met some of the best people in the world. I want to take my beautiful wife and daughter with me all around the world in this private jet. Probably the biggest thing now that I have a bed and Door Dash and I can order anything. I'm still alone. When Jimmy and the team come on board and we get to go somewhere, those are the only times that I really get to have fun in here. It made sense that he was getting lonely. You see, every video where a contestant stays for a long time, eventually the isolation starts to eat at them. And that's why when Armando had finally made it 40 days on a private jet, I wanted him to have some company. But I was deep in the jungle exploring ancient temples. So, I sent Carl and Chandler to help cheer him up. We have a really cool offer for you. A vacation with me and Chandler for $50,000? &gt;&gt; Yeah, I don't think so. &gt;&gt; Oh, $25,000? M. No. &gt;&gt; $10,000? I don't think so. &gt;&gt; All right. How about a dollar &gt;&gt; for $1? &gt;&gt; The deal. &gt;&gt; Deal. &gt;&gt; Here's your shirt. Welcome. &gt;&gt; All right. Where are we going, fellas? Let's open up the board. Check it out. &gt;&gt; This is a antilimactic. &gt;&gt; Woo. You're going to have the time of your life. Don't worry. Look at this strong guy. &gt;&gt; Yeah. A little fruit platter. [Music] I know what you're thinking. You're thinking, ""How can this vacation get better?"" Let's open the door. Projector system. I love it. Let's do a movie. This night would have been worth 50K. I had a great time. &gt;&gt; I feel like I'm recovering from a party. &gt;&gt; A lot of times, the day after a check-in is the hardest because on check-in days, you have a lot of activity. You get to see people. You get to talk to people. Today I'm kind of coming down from all that. Just here by myself with my thoughts. This stretch is a test. No flying, staring at the walls. I don't think this challenge is going to get easier. The biggest thing is going to be keeping my mind busy. So I came up with a routine. I sit up on the flight deck every day and I practice a flight all day long. &gt;&gt; Check was complete. &gt;&gt; But Armando found that indulging in flights of fancy only caused him to think about what he was really missing. I have this little doll of my daughter. Everywhere I go, even if there's turbulence, she's just happy and dancing. I wonder if she misses me. This morning, I woke up just thinking about like family. Like, I miss them. I want to go see them. I just want to cuddle with my wife. My weak point is my family. They deserve to know how I'm doing. Just want a hug. I'll take a hug. Coming up on halfway through the challenge. Almost day 50. I regret not being there for my family. I cannot believe that I have not stepped foot off this airplane. &gt;&gt; It's day 50. Let's see how are our boys doing. Armando, I thought you forgot about me. &gt;&gt; Yeah. How's it going? &gt;&gt; Oh my gosh. &gt;&gt; How's the first 50 days of the challenge been? &gt;&gt; I don't know what's going on in the outside world. I haven't seen anybody but you guys. I miss my family. This is the longest I've ever gone without seeing them, without talking to them. &gt;&gt; What if we made a phone call? Oo, &gt;&gt; I would love a phone call. Oh my gosh, I'm already tearing up. &gt;&gt; Babe. &gt;&gt; Oh my god. &gt;&gt; Oh my god. I miss you. &gt;&gt; Oh, I miss you so much, baby. &gt;&gt; Oh, &gt;&gt; your husband is now halfway done with the jet challenge. You know, if he potentially flew into your airport, would you meet him there and hang out with him tonight? &gt;&gt; 100% yes. &gt;&gt; I'm all like, ""Let's get this airplane ready."" &gt;&gt; As soon as I see them, I need to make sure I do not run off the airplane. I cannot wait for that first hug. There better be a marching band when we pull in. This is going to be a tearjerker. &gt;&gt; Maddie, look. I see you waving a damn. &gt;&gt; I just can't wait for my kid to run into my arms. Oh my god. Oh my god. Baby, hi. &gt;&gt; I knew I was going to cry. Welcome home. Welcome to my house. &gt;&gt; Okay. &gt;&gt; I haven't showered since the day I left the house. &gt;&gt; Oh, this is so cute. you know, just having a little jet picnic. &gt;&gt; It was clear that seeing his family gave Armando a much needed boost of energy, and he savored every moment he could. I can't believe I'm here. &gt;&gt; But unfortunately, these moments are always fleeting. It's a little surreal to be back in the hanger after having a day with my family. Now, they're just like forefront in my mind for the next 50 days. that could make it harder to make it the rest of the challenge. But being away from his family wasn't the only thing weighing on Armando. The walls are starting to cave in a little bit. It's starting to feel real tight in here. A little claustrophobic. Ow. Oh, godly. Not a whole lot of room in a private jet. This is what prison is like. There's only four more offers before day 100. I think Jimmy's going to make me an offer between extra space or maybe some extra money. Extra space. That would be really nice, but I'd have to think about it because I need like over $100,000 just to fly it and house it. How's it going? It's always good to see you. Can I have you at the door, sir? Absolutely. What do you think the offer is? I think it's going to be space related. Not space. &gt;&gt; Like we're going to take this to space. &gt;&gt; No. No. Like I think you're going to offer me more space. &gt;&gt; That is correct. for day 60. Carl, bring it on in. &gt;&gt; Coming. Hello. Wow. I am offering you an entire gym trampoline. &gt;&gt; Oh man. Everything you could possibly need is on this platform. Holy moly. Come on over. Yeah. Well, don't fall. &gt;&gt; How does it feel to be standing outside of the jet? It actually feels amazing. This is designed like the jet. It is currently touching the jet. So, it is a part of the jet. &gt;&gt; I could sleep out here. You can open the door and get fresh air out here. &gt;&gt; Oh my gosh. &gt;&gt; And you can have all of this for the measly price of $50,000. &gt;&gt; 50k. The same 50 grand you won on day 10. That same money you've been saying you need to maintain this jet. &gt;&gt; The only thing I needed was space. But for 50k, &gt;&gt; the only thing I need is a yes or a no. &gt;&gt; I like that. Let's go. &gt;&gt; 50 grand coming back to me or 50 grand staying in your pocket, but you're trapped in a jet. 10 9 8 Start counting. 7 We need an answer. 5 4 &gt;&gt; I'll take this space. &gt;&gt; Wa! &gt;&gt; Really? &gt;&gt; No tasty back seats. This space is now yours. But before you enjoy it, I kind of need a flight to New York. Let's go to New York. Before he can enjoy his new space, Armando had to fly me and my fiance Tia to the biggest indoor ski slope in America and then Florida for a private dinner by Chef Gordon Ramsay. &gt;&gt; Thanks for waiting. &gt;&gt; Absolutely. &gt;&gt; Let's head back home. &gt;&gt; Let's go home. &gt;&gt; But now it was finally time for Arando to try his new space. I'm actually getting to spend some time in what I'm calling the yard. This is amazing. Look at my kingdom. I just sit out here, have coffee. The extra room also made his workouts much easier. I was struggling to walk a mile per day. I just walked 3 and 1/2 miles in under an hour. I'm focusing on my mind, my body, and getting to 100. It's basically like having a playground attached to this airplane. It's a feastable kind of day. It is actually like an upscale European chocolate. Tastes really great. Feastable chocolate is made with simple, high quality ingredients and ethically sourced. Go get Feastables at Walmart right now and help us end child labor in the chocolate industry by eating Fastables. Armando was so happy about his new space that he was spending almost all of his time out there. I can't wait to see what Jimmy has for tomorrow. &gt;&gt; But what Armando didn't know was that I wasn't going to visit on day 70 because when I checked in and saw how much better Armando was doing, I worried we might have made things a little too easy. Haven't heard from Jimmy. Haven't had a check-in. Day 71. Hours and hours going by. It's day 72. No check-in from Jimmy. 73. Haven't heard from Jimmy. It's day 74. I'm starting to think he forgot about me. When I started this challenge, I thought the challenge was going to be flying all over the country. However, it's not. And even though the yard had improved Armono's quality of life, it couldn't give him what he needed the most, connection. Imagine being by yourself and not talking to anybody for 100 days. That's probably the biggest challenge is just the isolation. Goodbye, fellow hawker jet. I wish I was you flying away. I don't know what Jimmy's going to offer me. I just hope it involves flying. It's day 80. Sorry, missed day 70. I was taking my fiance on dates. Hi, guys. In 20 days, assuming you don't touch the floor, you'll be a free man with a $2.5 million jet. I can't wait. Dream flights with my family, with my friends. Those dream flights probably cost money. You know, view on a PJ is expensive. For day 80, would you like a chance to win some money? &gt;&gt; Are you offering? &gt;&gt; Give me one second. You guys just talk to him. &gt;&gt; Uh, we don't know what he's doing. &gt;&gt; For your day 80 offer, I have 10 cards. And remember on day 30 where you got the Door Dash phone? Uh, yes I do. We're about to put it to good use because on each of these 10 cards, there are coordinates to airports scattered across the entire country. You must fly this jet to each city. And when you get there, order an item on Door Dash. No matter what obstacles you run into, you must collect all 10 items and be back in North Carolina by day 90. And if you can, me and Door Dash will give you $50,000 in cash. Oh, airport number one's in Ohio. Good luck. &gt;&gt; I was worried about how am I going to fly this airplane once I win it. &gt;&gt; So, this money is the difference between making everyone's dreams come true or letting everyone down. If you gave me 10 days to get 10 items, we have planned 8 days to get 10 items because losing this challenge is not an option. I'm in Cleveland. I got to door dash a power bank. First item, Cleveland Power Bank. Order complete. &gt;&gt; Armando spent the night in Cleveland and decided to plan ahead for his stop in Charlotte. I know exactly what airport I'm going to. I know what address. I know what time I'm going to be there. With Door Dash and Dashpass, I can schedule a delivery and I am getting item number two in Charlotte. Pretty cool to be coming home to Charlotte. &gt;&gt; Here you go, sir. &gt;&gt; Thank you very much. Next stop, Providence, Rhode Island. I totally got this. &gt;&gt; Armando is gaining confidence and he knocked out the next three deliveries. That $50,000 good as mine. And then this happened. &gt;&gt; Oh, what's that? Uh, well, that's not good. She's falling apart. All right, we're taking her down. And due to maintenance, Armando was forced to spend the night in Denver. These little maintenance issues are starting to come up. &gt;&gt; One of our main gear struts was low. Luckily, we found a mechanic to come out and take care of it. We are headed to Jackson Hole, Wyoming, Yellowstone National Park to pick up a board game. &gt;&gt; Armono thought that the obstacles were behind him, but the issue wasn't maintenance anymore. It was weather. &gt;&gt; Supposed to go to Portland, Oregon. The weather's not looking great. I think we're going to divert to Idaho. I am losing one of my 10 days to weather. There's $50,000 on the line. I can't lose another day. It is what it is. All right, we just took off from Drake, Idaho. Now we're headed to Portland, Oregon to pick up champions. I have acquired seven of the 10 items on the scavenger hunt all over the country. I've got three left with only 3 days to go. I have absolutely zero margin for error right now. That is amazing. I need money to operate this thing once I win it. It looks like I'm going to get back to Jimmy on day 10. I just landed in Tampa, Florida. This is my last item, a Bluetooth speaker. I just ordered it and it's going to be here in 15 minutes. This is my last item. This is $50,000. Thank you very much. 10 items, 10 cities. Last one. Tampa, Florida. It is day 10 and we are headed back to the home hanger. Only 10 more days until this jet is mine. That's pretty awesome. Armando de, you just won $50,000. Catch, boys. All right, throw the items in here. Camping utensils. Had no idea what you meant by that. And not only did Door Dash give him $50,000, but they're also giving the chance for 10 of you to win $10,000 for scanning this QR code and signing up for Door Dash right now. If you don't have Door Dash on your phone, you're literally living life on hard mode. It's super easy. And while you're at it, you might as well sign up for Dash Pass for exclusive deals and discount. Scan the QR code, download it now. Thank you, Door Dash. Back to this challenge, though. On day 100, obviously, you'll win this $2.5 million jet, a bunch of money. It'll be great. But at the same time, I'm also going to offer you enough money so that you can fly this jet as much as you want. But in order to win it, you'll have to compete in another 100 day video on this jet. Another 100 days on this plane for half a million dollars. &gt;&gt; I don't know how I feel about that. Okay, luckily, you'll have 10 days to think about it. on day 100. Will I keep going for another 100 days for a half a million dollars? I don't know. Big decision. &gt;&gt; Armando survived the first 90 days on this jet. But the decision to possibly remain another 100 days became more difficult the more he thought about it. I've got pretty much everything that I need. I've got decorations. I've got a bed. Getting Door Dash was a game changer. I miss my family, but I don't have to worry about them because they've got a really good support network. If I had taken all of Jimmy's offers, I would have $100,000, a Lamborghini, and a private jet. But half a million, that pays for everything. I was almost at the end of this. If I were to sell it, I get $2.5 million for this jet, but getting another half million for another 100 days. I could actually keep the jet for longer than a couple months and fly it to all the places I want to go. Maybe around the world, Italy, Croatia. 100 days, take the jet, go home. Martha's Vineyard and it could stay an extra 100 days for half a million dollars. A lot of money. Do I need it? I don't know. Might be a game changer. Mexico City in Japan. Another 100 days for half a million dollars. Another 100 days from your family. Another 100 days on this plane for half a million dollars. It is the morning of day 100. Still haven't made my decision. &gt;&gt; It's day 100. How you feeling? I made it. There's still technically 10 minutes left. Don't step off. Can we spend the last few minutes in the cockpit? Let's do it. Yeah. I just realized I've never actually sat in the cockpit. &gt;&gt; All right. Welcome to the business end of the private jet. Do you remember what I asked you on day 90? &gt;&gt; I do. I've thought about it a lot. &gt;&gt; Good. But before you tell me your choice, bring them out. Tariq, &gt;&gt; come on, babe. We did this. &gt;&gt; Oh my goodness. &gt;&gt; Here's the thing. Your family has no idea about the second offer. The next 100 days for $500,000. &gt;&gt; I heard $500,000 just now. &gt;&gt; Enough money where you can fly this wherever you want. Whenever you want. You can fly them around. &gt;&gt; No. &gt;&gt; Yo, they're sorry. They're yelling at you. &gt;&gt; No. Say no. Oh, whatever it is, say no. &gt;&gt; Oh, she heard us. She said whatever it is. No. &gt;&gt; I've been through enough. &gt;&gt; Okay. Well, that might make it a little harder on you. Armando, I need you to come to the back. &gt;&gt; He better not stay on that jet. &gt;&gt; Yes or no? Do you want to do another 100 days? I If Armando steps off this jet right now, he'll end the video and walk away with the largest prize we've ever given away on this channel. But if he stays on, he's signing up to be in a new video where he'll compete for an additional $500,000. The past 100 days have all come down to this final decision. &gt;&gt; Daddy, &gt;&gt; this is the deed to the private jet. It's officially in your family's name. &gt;&gt; We own a private jet. &gt;&gt; Where are we going? Orlando. &gt;&gt; Orlando. Turn on notifications so you don't miss a video ever again. I hope you enjoyed.",0.024657918466751732,0.2983872804170532,13,Video,9
zRtGL0-5rg4,"Last To Leave Grocery Store, Wins $250,000",20260418,@MrBeast,MrBeast,2577,False,133299339,2968872,161000,https://i.ytimg.com/vi_webp/zRtGL0-5rg4/maxresdefault.webp,https://www.youtube.com/watch?v=zRtGL0-5rg4,"imagine living in a grocery store

Special thanks to my friends at Square for supporting neighborhood businesses like The Bread Lady, Simply Natural Creamery, Blackbeard Coffee, and Blue Ox Games. Square is the all-in-one platform that helps businesses like these run smarter every day. Learn more → https://squareup.com

Coca-Cola is offering a chance to collect limited-edition Panini stickers for the FIFA World Cup 2026™. Peel a 20oz Coke label to start your collection and learn more at https://coca-cola.com/panini

Huge shoutout to Good Ranchers for supplying all the meat in this video. Turns out a lot of grocery store meat isn’t actually from the U.S., these guys are fixing that. Check them out at (https://go.goodranchers.com/beast], and save $40 off your first order by clicking the link or using code: BEAST at check out!

Special thanks to our friends at Unilever, Mondelez International, Campbell's, Henkel, Conagra Brands, Procter & Gamble, Kellogg's, and more for keeping us stocked—featuring brands like all Free Clear, Snuggle, Mama Mancini’s, Partanna, In The Raw, Takis, SpaghettiOs, Bigelow Tea, Dove, plus Hunt’s, Pringles, Tide, Bounty, Charmin, Febreze, Persil, AXE, Hellmann’s, Splenda, Entenmann’s, Bimbo Bakeries, Farmland Dairy, got2b, Wish-Bone, Hidden Valley, Ball Park, Quaker, Mezcla, Freestyle, Lull, and Coleman.

We actually put up TV commercials, radio ads, and flyers all around town the week before to get a bunch of random shoppers in the door and offer them the chance to compete in this video! The shoppers who chose to stay and compete all went through the usual review process for any of our videos and had access to the same resources (medics, mental health counselor, etc) as contestants in other videos.

SUBSCRIBE OR I TAKE YOUR DOG
╔═╦╗╔╦╗╔═╦═╦╦╦╦╗╔═╗
║╚╣║║║╚╣╚╣╔╣╔╣║╚╣═╣ 
╠╗║╚╝║║╠╗║╚╣║║║║║═╣
╚═╩══╩═╩═╩═╩╝╚╩═╩═╝

For any questions or inquiries regarding this video, please reach out to chucky@mrbeastbusiness.com

Music Provided by https://www.extrememusic.com
----------------------------------------------------------------
Follow all of these or I will kick you
• Facebook - https://www.facebook.com/MrBeast/
• Twitter - https://twitter.com/MrBeast
•  Instagram - https://www.instagram.com/mrbeast
•  Im Hiring! - https://www.mrbeastjobs.com/
--------------------------------------------------------------------","Style: ::cue(c.color000000) { color: rgb(0,0,0); } ::cue(c.color00BCE7) { color: rgb(0,188,231); } ::cue(c.color1367F9) { color: rgb(19,103,249); } ::cue(c.color13B7F9) { color: rgb(19,183,249); } ::cue(c.color13D3F9) { color: rgb(19,211,249); } ::cue(c.color13F4F9) { color: rgb(19,244,249); } ::cue(c.color13F9B8) { color: rgb(19,249,184); } ::cue(c.color1752EA) { color: rgb(23,82,234); } ::cue(c.color1768EA) { color: rgb(23,104,234); } ::cue(c.color1775EA) { color: rgb(23,117,234); } ::cue(c.color17A4EA) { color: rgb(23,164,234); } ::cue(c.color17D4EA) { color: rgb(23,212,234); } ::cue(c.color17EADE) { color: rgb(23,234,222); } ::cue(c.color1CE8B5) { color: rgb(28,232,181); } ::cue(c.color1CF218) { color: rgb(28,242,24); } ::cue(c.color254FF9) { color: rgb(37,79,249); } ::cue(c.color25F9E0) { color: rgb(37,249,224); } ::cue(c.color8830F2) { color: rgb(136,48,242); } ::cue(c.colorA0AAB4) { color: rgb(160,170,180); } ::cue(c.colorBA25F9) { color: rgb(186,37,249); } ::cue(c.colorBD3F72) { color: rgb(189,63,114); } ::cue(c.colorC94EFF) { color: rgb(201,78,255); } ::cue(c.colorCCF913) { color: rgb(204,249,19); } ::cue(c.colorDC30F2) { color: rgb(220,48,242); } ::cue(c.colorDFF230) { color: rgb(223,242,48); } ::cue(c.colorEA9617) { color: rgb(234,150,23); } ::cue(c.colorEADB17) { color: rgb(234,219,23); } ::cue(c.colorED13F9) { color: rgb(237,19,249); } ::cue(c.colorF2304E) { color: rgb(242,48,78); } ::cue(c.colorF23071) { color: rgb(242,48,113); } ::cue(c.colorF2308D) { color: rgb(242,48,141); } ::cue(c.colorF230B1) { color: rgb(242,48,177); } ::cue(c.colorF230D8) { color: rgb(242,48,216); } ::cue(c.colorF24E30) { color: rgb(242,78,48); } ::cue(c.colorF27130) { color: rgb(242,113,48); } ::cue(c.colorF28D30) { color: rgb(242,141,48); } ::cue(c.colorF913BF) { color: rgb(249,19,191); } ::cue(c.colorF913EE) { color: rgb(249,19,238); } ::cue(c.colorF92413) { color: rgb(249,36,19); } ::cue(c.colorF9252C) { color: rgb(249,37,44); } ::cue(c.colorF9253D) { color: rgb(249,37,61); } ::cue(c.colorF92564) { color: rgb(249,37,100); } ::cue(c.colorF9257E) { color: rgb(249,37,126); } ::cue(c.colorF9259C) { color: rgb(249,37,156); } ::cue(c.colorF94513) { color: rgb(249,69,19); } ::cue(c.colorF95C13) { color: rgb(249,92,19); } ::cue(c.colorF97D13) { color: rgb(249,125,19); } ::cue(c.colorF9A813) { color: rgb(249,168,19); } ::cue(c.colorF9BF13) { color: rgb(249,191,19); } ::cue(c.colorF9D713) { color: rgb(249,215,19); } ::cue(c.colorF9E615) { color: rgb(249,230,21); } ::cue(c.colorF9F313) { color: rgb(249,243,19); } ::cue(c.colorFB4673) { color: rgb(251,70,115); } ::cue(c.colorFF5E5B) { color: rgb(255,94,91); } ::cue(c.colorFF9500) { color: rgb(255,149,0); } ::cue(c.colorFFD93D) { color: rgb(255,217,61); } ## ​​​ ​I just bought this grocery store,​ ​​ ​​​ ​and I have a big surprise for everyone.​ ​​ ​​​ ​Hey, MrBeast!​ ​​ ​​​ ​Hey, everybody!​ ​​ ​​​ ​YEAHHHHHHH!​ ​​ ​​​ ​Attention, everybody…​ ​​ ​​​ ​You are now in a ​ ​​ ​​ ​MrBeast video.​ ​​ ​​​ ​You are now in a ​ ​​ ​​ ​MrBeast video.​ ​​ ​​​ ​Whichever one of you ​ ​​ ​​ ​leaves this grocery store last​ ​​ ​​​ ​Whichever one of you ​ ​​ ​​ ​leaves this grocery store last​ ​​ ​​​ ​wins that $250,000 right there.​ ​​ ​​​ ​This is gonna be interesting.​ ​​ ​​​ ​I don't know any of these people.​ ​​ ​​​ ​They're not my friends. ​ ​​ ​​ ​They're just random shoppers.​ ​​ ​​​ ​They're not my friends. ​ ​​ ​​ ​They're just random shoppers.​ ​​ ​​​ ​And I'm sure they have a lot of questions.​ ​​ ​​​ ​Let's go talk to 'em.​ ​​ ​​​ ​Do you know that you're in ​ ​​ ​​ ​a MrBeast video right now?​ ​​ ​​​ ​Do you know that you're in ​ ​​ ​​ ​a MrBeast video right now?​ ​​ ​​​ ​A mister what???​ ​​ ​​​ ​How long are you guys willing to stay here ​ ​​ ​​ ​to win a quarter of a million dollars?​ ​​ ​​​ ​How long are you guys willing to stay here ​ ​​ ​​ ​to win a quarter of a million dollars?​ ​​ ​​​ ​Till I'm the last on in here.​ ​​ ​​​ ​End of the year.​ ​​ ​​​ ​As long as it takes!​ ​​ ​​​ ​Who is MrBeast???​ ​​ ​​​ ​You graduated college. You have no job.​ ​​ ​​​ ​No job.​ ​​ ​​​ ​Ohh… he's deadly.​ ​​ ​​​ ​But others in the store do have jobs.​ ​​ ​​​ ​If I don't leave and go back to the job, ​ ​​ ​​ ​I have no job after this.​ ​​ ​​​ ​If I don't leave and go back to the job, ​ ​​ ​​ ​I have no job after this.​ ​​ ​​​ ​And I made my choice 'cuz I'm still here.​ ​​ ​​​ ​This is my manager.​ ​​ ​​​ ​I'm tryna to talk to her and ​ ​​ ​​ ​tell her that I have to stay here!​ ​​ ​​​ ​I'm tryna to talk to her and ​ ​​ ​​ ​tell her that I have to stay here!​ ​​ ​​​ ​Oh, let's talk to her.​ ​​ ​​​ ​Ma'am!​ ​​ ​​​ ​Look, are you gonna give her ​ ​​ ​​ ​a chance to win?​ ​​ ​​​ ​Look, are you gonna give her ​ ​​ ​​ ​a chance to win?​ ​​ ​​​ ​She has to come to WORK!​ ​​ ​​​ ​So for anyone who couldn't or ​ ​​ ​​ ​chose not to participate…​ ​​ ​​​ ​So for anyone who couldn't or ​ ​​ ​​ ​chose not to participate…​ ​​ ​​​ ​Are you just gonna leave or ​ ​​ ​​ ​do you wanna compete?​ ​​ ​​​ ​Are you just gonna leave or ​ ​​ ​​ ​do you wanna compete?​ ​​ ​​​ ​Ok, well then, then fill up the cart ​ ​​ ​​ ​'cuz your groceries are free.​ ​​ ​​​ ​Ok, well then, then fill up the cart ​ ​​ ​​ ​'cuz your groceries are free.​ ​​ ​​​ ​OH, my GOD!​ ​​ ​​​ ​Enjoy the free groceries! ​ ​​ ​​ ​We have our first person to leave.​ ​​ ​​​ ​Enjoy the free groceries! ​ ​​ ​​ ​We have our first person to leave.​ ​​ ​​​ ​And once they found out ​ ​​ ​​ ​about the free groceries,​ ​​ ​​​ ​And once they found out ​ ​​ ​​ ​about the free groceries,​ ​​ ​​​ ​a lot of people just left.​ ​​ ​​​ ​Once you step on that red line, ​ ​​ ​​ ​you're eliminated.​ ​​ ​​​ ​Once you step on that red line, ​ ​​ ​​ ​you're eliminated.​ ​​ ​​​ ​All right, she's eliminated.​ ​​ ​​​ ​They are dropping like FLIES.​ ​​ ​​​ ​But for everyone else…​ ​​ ​​​ ​The strategy to begin with was to get ​ ​​ ​​ ​as many necessities as possible.​ ​​ ​​​ ​The strategy to begin with was to get ​ ​​ ​​ ​as many necessities as possible.​ ​​ ​​​ ​We gotta make a house!​ ​​ ​​​ ​Nope, that's already ours.​ ​​ ​​​ ​I started our house.​ ​​ ​​​ ​Hoping to get two bedrooms, ​ ​​ ​​ ​one more room for some people to sleep.​ ​​ ​​​ ​Hoping to get two bedrooms, ​ ​​ ​​ ​one more room for some people to sleep.​ ​​ ​​​ ​It's only Day 1, and ​ ​​ ​​ ​alliances are already forming.​ ​​ ​​​ ​It's only Day 1, and ​ ​​ ​​ ​alliances are already forming.​ ​​ ​​​ ​Are you four in an alliance?​ ​​ ​​​ ​Yeah.​ ​​ ​​​ ​Yes.​ ​​ ​​​ ​I'm not gonna quit on you.​ ​​ ​​​ ​Don't quit on me.​ ​​ ​​​ ​As long as we're a team, ​ ​​ ​​ ​we can do anything.​ ​​ ​​​ ​As long as we're a team, ​ ​​ ​​ ​we can do anything.​ ​​ ​​​ ​Fortresses are being built all over ​ ​​ ​​ ​the store.​ ​​ ​​​ ​Fortresses are being built all over ​ ​​ ​​ ​the store.​ ​​ ​​​ ​These guys back here ​ ​​ ​​ ​have literally built a fort.​ ​​ ​​​ ​These guys back here ​ ​​ ​​ ​have literally built a fort.​ ​​ ​​​ ​That they're calling Fort Freezy, ​ ​​ ​​ ​because it's by the freezers.​ ​​ ​​​ ​That they're calling Fort Freezy, ​ ​​ ​​ ​because it's by the freezers.​ ​​ ​​​ ​This is gonna be our high-tech ​ ​​ ​​ ​security system.​ ​​ ​​​ ​This is gonna be our high-tech ​ ​​ ​​ ​security system.​ ​​ ​​​ ​Anyone tries to intrude have to ​ ​​ ​​ ​move this and wake us up.​ ​​ ​​​ ​Anyone tries to intrude have to ​ ​​ ​​ ​move this and wake us up.​ ​​ ​​​ ​That group over there already been ​ ​​ ​​ ​scouting us out.​ ​​ ​​​ ​That group over there already been ​ ​​ ​​ ​scouting us out.​ ​​ ​​​ ​And if you're wondering ​ ​​ ​​ ​how we pulled this off…​ ​​ ​​​ ​And if you're wondering ​ ​​ ​​ ​how we pulled this off…​ ​​ ​​​ ​Right after I bought this grocery store,​ ​​ ​​​ ​I enacted a 50% off everything sale.​ ​​ ​​​ ​I was expecting us just to get some,​ ​​ ​​​ ​you know, 50%-off groceries.​ ​​ ​​​ ​Yeah!​ ​​ ​​​ ​Which obviously got ​ ​​ ​​ ​a lot of people to show up.​ ​​ ​​​ ​Which obviously got ​ ​​ ​​ ​a lot of people to show up.​ ​​ ​​​ ​And by the time the first night ​ ​​ ​​ ​came in the store,​ ​​ ​​​ ​And by the time the first night ​ ​​ ​​ ​came in the store,​ ​​ ​​​ ​the reality of living here ​ ​​ ​​ ​was already starting to set in.​ ​​ ​​​ ​the reality of living here ​ ​​ ​​ ​was already starting to set in.​ ​​ ​​​ ​WHO GOT AN IPHONE CHARGER?​ ​​ ​​​ ​I got $10!!!​ ​​ ​​​ ​I'm on FaceTime with my best friend.​ ​​ ​​​ ​You're at 20%…​ ​​ ​​​ ​When your phone's dead, ​ ​​ ​​ ​it's dead.​ ​​ ​​​ ​When your phone's dead, ​ ​​ ​​ ​it's dead.​ ​​ ​​​ ​There is no phone chargers ​ ​​ ​​ ​in this grocery store.​ ​​ ​​​ ​There is no phone chargers ​ ​​ ​​ ​in this grocery store.​ ​​ ​​​ ​It's dead.​ ​​ ​​​ ​…​ ​​ ​​​ ​He got a point.​ ​​ ​​​ ​The contestants were allowed ​ ​​ ​​ ​to use anything​ ​​ ​​​ ​The contestants were allowed ​ ​​ ​​ ​to use anything​ ​​ ​​​ ​that's inside this grocery store.​ ​​ ​​​ ​You guys got sleeping bags?​ ​​ ​​​ ​Yeah.​ ​​ ​​​ ​And it was up to them if they would ​ ​​ ​​ ​share their resources​ ​​ ​​​ ​And it was up to them if they would ​ ​​ ​​ ​share their resources​ ​​ ​​​ ​or keep them for themselves.​ ​​ ​​​ ​All right, everybody.​ ​​ ​​​ ​I just want to wish you all​ ​​ ​​​ ​a good first night ​ ​​ ​​ ​in the grocery store.​ ​​ ​​​ ​a good first night ​ ​​ ​​ ​in the grocery store.​ ​​ ​​​ ​There's officially 33 of you remaining.​ ​​ ​​​ ​Good luck.​ ​​ ​​​ ​I hope you sleep well on the first night.​ ​​ ​​​ ​I've never slept in a ​ ​​ ​​ ​grocery store before, so…​ ​​ ​​​ ​I've never slept in a ​ ​​ ​​ ​grocery store before, so…​ ​​ ​​​ ​In the following months ​ ​​ ​​ ​that these contestants​ ​​ ​​​ ​In the following months ​ ​​ ​​ ​that these contestants​ ​​ ​​​ ​would spend in ​ ​​ ​​ ​this grocery store,​ ​​ ​​​ ​would spend in ​ ​​ ​​ ​this grocery store,​ ​​ ​​​ ​they would destroy each other's forts...​ ​​ ​​​ ​What is he doing?!​ ​​ ​​​ ​Nooo! Noo! NO!!!​ ​​ ​​​ ​and prevent others from sleeping.​ ​​ ​​​ ​It's about to get crazy tonight.​ ​​ ​​​ ​They will do just about ​ ​​ ​​ ​whatever it takes…​ ​​ ​​​ ​They will do just about ​ ​​ ​​ ​whatever it takes…​ ​​ ​​​ ​I'mma get the biggest get-back ​ ​​ ​​ ​of the century.​ ​​ ​​​ ​I'mma get the biggest get-back ​ ​​ ​​ ​of the century.​ ​​ ​​​ ​…to outlast their competitors.​ ​​ ​​​ ​And I mean it when I say this video ​ ​​ ​​ ​can go as long as they want.​ ​​ ​​​ ​And I mean it when I say this video ​ ​​ ​​ ​can go as long as they want.​ ​​ ​​​ ​Oh--​ ​​ ​​​ ​OH.​ ​​ ​​​ ​Fort Freezy developed a LOT last night.​ ​​ ​​​ ​FORT FREEZYYYYY!​ ​​ ​​​ ​Freezy Boys for life!!!​ ​​ ​​​ ​Are they actually gonna let you guys ​ ​​ ​​ ​lay claim to all the meat?​ ​​ ​​​ ​Are they actually gonna let you guys ​ ​​ ​​ ​lay claim to all the meat?​ ​​ ​​​ ​I don't think they have a choice.​ ​​ ​​​ ​Ha ha ha haaa!​ ​​ ​​​ ​If they wanna barter for it, ​ ​​ ​​ ​we're open to bartering.​ ​​ ​​​ ​If they wanna barter for it, ​ ​​ ​​ ​we're open to bartering.​ ​​ ​​​ ​And Fort Freezy weren't ​ ​​ ​​ ​the only ones expanding.​ ​​ ​​​ ​And Fort Freezy weren't ​ ​​ ​​ ​the only ones expanding.​ ​​ ​​​ ​While they had set up camp ​ ​​ ​​ ​in the back of the store by the meat,​ ​​ ​​​ ​While they had set up camp ​ ​​ ​​ ​in the back of the store by the meat,​ ​​ ​​​ ​another team had found ​ ​​ ​​ ​a pretty interesting spot for their base.​ ​​ ​​​ ​another team had found ​ ​​ ​​ ​a pretty interesting spot for their base.​ ​​ ​​​ ​When they found ​ ​​ ​​ ​this empty manager's office,​ ​​ ​​​ ​When they found ​ ​​ ​​ ​this empty manager's office,​ ​​ ​​​ ​they completely transformed it.​ ​​ ​​​ ​We're kinda locking ourselves in this room.​ ​​ ​​​ ​We have the whole refrigerator set up.​ ​​ ​​​ ​We have a whole shopping cart.​ ​​ ​​​ ​Next to the manager's office​ ​​ ​​​ ​was an alliance made up of ​ ​​ ​​ ​only a father and son.​ ​​ ​​​ ​was an alliance made up of ​ ​​ ​​ ​only a father and son.​ ​​ ​​​ ​Are you going for the win​ ​​ ​​​ ​or do you think you're ​ ​​ ​​ ​gonna have to leave?​ ​​ ​​​ ​or do you think you're ​ ​​ ​​ ​gonna have to leave?​ ​​ ​​​ ​I think I'm gonna have to leave.​ ​​ ​​​ ​I have school. I have work.​ ​​ ​​​ ​Dad, do you have work?​ ​​ ​​​ ​And then in the produce section,​ ​​ ​​​ ​was a team calling themselves ​ ​​ ​​ ​the Innovators,​ ​​ ​​​ ​was a team calling themselves ​ ​​ ​​ ​the Innovators,​ ​​ ​​​ ​with one member who's doing ​ ​​ ​​ ​this challenge while pregnant.​ ​​ ​​​ ​with one member who's doing ​ ​​ ​​ ​this challenge while pregnant.​ ​​ ​​​ ​I turned 11 weeks today.​ ​​ ​​​ ​Maybe the first Beast baby?​ ​​ ​​​ ​And there were additional teams ​ ​​ ​​ ​in some of the aisles.​ ​​ ​​​ ​And there were additional teams ​ ​​ ​​ ​in some of the aisles.​ ​​ ​​​ ​You guys are very much barricaded in.​ ​​ ​​​ ​It feels almost like a zombie apocalypse.​ ​​ ​​​ ​Oh, yeah, we're locked in. ​ ​​ ​​ ​We're ready.​ ​​ ​​​ ​Oh, yeah, we're locked in. ​ ​​ ​​ ​We're ready.​ ​​ ​​​ ​Goooooood​ ​​ ​​​ ​Mythical Morniiiing, shopperrrs.​ ​​ ​​​ ​250K on the line…​ ​​ ​​​ ​Might as well leave now, ​ ​​ ​​ ​if you don't plan on staying one week…​ ​​ ​​​ ​Might as well leave now, ​ ​​ ​​ ​if you don't plan on staying one week…​ ​​ ​​​ ​All right, bye-bye.​ ​​ ​​​ ​Yeah, I'm gonna be here forever, dude.​ ​​ ​​​ ​By the morning of Day 3,​ ​​ ​​​ ​people were starting to figure out ​ ​​ ​​ ​lots of different ways​ ​​ ​​​ ​people were starting to figure out ​ ​​ ​​ ​lots of different ways​ ​​ ​​​ ​to sleep in a grocery store.​ ​​ ​​​ ​Wow, they've got two fully-functioning ​ ​​ ​​ ​beds over here.​ ​​ ​​​ ​Wow, they've got two fully-functioning ​ ​​ ​​ ​beds over here.​ ​​ ​​​ ​This is smart.​ ​​ ​​​ ​Ohhh, you're sleeping on the shelves.​ ​​ ​​​ ​Yep, this is completely my bed.​ ​​ ​​​ ​That's the new sleeping situation.​ ​​ ​​​ ​The setup back here is really fire.​ ​​ ​​​ ​There's this thing ​ ​​ ​​ ​that's filled with napkins.​ ​​ ​​​ ​There's this thing ​ ​​ ​​ ​that's filled with napkins.​ ​​ ​​​ ​This is a nice pillow.​ ​​ ​​​ ​The young'uns over there ​ ​​ ​​ ​aren't sharing their beds?​ ​​ ​​​ ​The young'uns over there ​ ​​ ​​ ​aren't sharing their beds?​ ​​ ​​​ ​They're makin' you sleep in chairs?​ ​​ ​​​ ​Yeaahhh! Yes, sir.​ ​​ ​​​ ​Wooow.​ ​​ ​​​ ​But some people couldn't stand to ​ ​​ ​​ ​sleep here even one more night.​ ​​ ​​​ ​But some people couldn't stand to ​ ​​ ​​ ​sleep here even one more night.​ ​​ ​​​ ​It was so cold last night.​ ​​ ​​​ ​I got, like, no sleep. ​ ​​ ​​ ​I'm not gonna lie it sucks.​ ​​ ​​​ ​I got, like, no sleep. ​ ​​ ​​ ​I'm not gonna lie it sucks.​ ​​ ​​​ ​It sucks so much.​ ​​ ​​​ ​I-- I wanna go home.​ ​​ ​​​ ​People were realizing​ ​​ ​​​ ​that if they were really going to live ​ ​​ ​​ ​in this grocery store,​ ​​ ​​​ ​that if they were really going to live ​ ​​ ​​ ​in this grocery store,​ ​​ ​​​ ​they were going to have to stay active.​ ​​ ​​​ ​Ready to start working out?​ ​​ ​​​ ​Ready!!!​ ​​ ​​​ ​Got the whole workout station.​ ​​ ​​​ ​This is our bench. ​ ​​ ​​ ​We do bench presses.​ ​​ ​​​ ​This is our bench. ​ ​​ ​​ ​We do bench presses.​ ​​ ​​​ ​All right. Let's see it, Nolan!​ ​​ ​​​ ​AHHH!​ ​​ ​​​ ​Wow, this is actually working very well!​ ​​ ​​​ ​These people were making the ​ ​​ ​​ ​best of the space they had,​ ​​ ​​​ ​These people were making the ​ ​​ ​​ ​best of the space they had,​ ​​ ​​​ ​as well as the items they had ​ ​​ ​​ ​to stay active.​ ​​ ​​​ ​as well as the items they had ​ ​​ ​​ ​to stay active.​ ​​ ​​​ ​If I don't leave with the money, ​ ​​ ​​ ​I'm leaving with a new body.​ ​​ ​​​ ​If I don't leave with the money, ​ ​​ ​​ ​I'm leaving with a new body.​ ​​ ​​​ ​Aha huh huh huh​ ​​ ​​​ ​Hahah haa haa ha​ ​​ ​​​ ​And if they're gonna be working out in here,​ ​​ ​​​ ​they obviously need to shower.​ ​​ ​​​ ​I heard we built some showers?​ ​​ ​​​ ​Yes, right behind this door.​ ​​ ​​​ ​Ohhh. It's steamy in here.​ ​​ ​​​ ​Over here!​ ​​ ​​​ ​We hang this-- this hose up right here.​ ​​ ​​​ ​So this is our shower right here. ​ ​​ ​​ ​Just do this.​ ​​ ​​​ ​So this is our shower right here. ​ ​​ ​​ ​Just do this.​ ​​ ​​​ ​Yeah, and then you hang it up like that?​ ​​ ​​​ ​Home away from home!​ ​​ ​​​ ​Wow!​ ​​ ​​​ ​And since we were now on Day 4,​ ​​ ​​​ ​and almost everyone's phone had died,​ ​​ ​​​ ​peoples' families were starting ​ ​​ ​​ ​to miss them.​ ​​ ​​​ ​peoples' families were starting ​ ​​ ​​ ​to miss them.​ ​​ ​​​ ​They started coming up ​ ​​ ​​ ​to the front of the store​ ​​ ​​​ ​They started coming up ​ ​​ ​​ ​to the front of the store​ ​​ ​​​ ​just to wave at their family members ​ ​​ ​​ ​through the glass.​ ​​ ​​​ ​just to wave at their family members ​ ​​ ​​ ​through the glass.​ ​​ ​​​ ​Your boyfriend's in there, ​ ​​ ​​ ​how often are you visiting him?​ ​​ ​​​ ​Your boyfriend's in there, ​ ​​ ​​ ​how often are you visiting him?​ ​​ ​​​ ​Every other day.​ ​​ ​​​ ​Every other day, you just stare at him ​ ​​ ​​ ​through the window.​ ​​ ​​​ ​Every other day, you just stare at him ​ ​​ ​​ ​through the window.​ ​​ ​​​ ​Aha!​ ​​ ​​​ ​Yeah, we get bored!​ ​​ ​​​ ​But some were trying not to lose sight ​ ​​ ​​ ​of why they were here.​ ​​ ​​​ ​But some were trying not to lose sight ​ ​​ ​​ ​of why they were here.​ ​​ ​​​ ​I'm not gonna let my guard down ​ ​​ ​​ ​and leave the base.​ ​​ ​​​ ​I'm not gonna let my guard down ​ ​​ ​​ ​and leave the base.​ ​​ ​​​ ​I'm probably being ​ ​​ ​​ ​overprotective, but…​ ​​ ​​​ ​I'm probably being ​ ​​ ​​ ​overprotective, but…​ ​​ ​​​ ​when it comes to 250 grand, ​ ​​ ​​ ​I'll be as overprotective as I want.​ ​​ ​​​ ​when it comes to 250 grand, ​ ​​ ​​ ​I'll be as overprotective as I want.​ ​​ ​​​ ​It's only been four days, ​ ​​ ​​ ​over half the competition gone already.​ ​​ ​​​ ​It's only been four days, ​ ​​ ​​ ​over half the competition gone already.​ ​​ ​​​ ​Once I win these money, this is exactly ​ ​​ ​​ ​how I'm gonna sleep every night.​ ​​ ​​​ ​Once I win these money, this is exactly ​ ​​ ​​ ​how I'm gonna sleep every night.​ ​​ ​​​ ​But only one person ​ ​​ ​​ ​can win this competition.​ ​​ ​​​ ​But only one person ​ ​​ ​​ ​can win this competition.​ ​​ ​​​ ​And so on Night 5,​ ​​ ​​​ ​Xavian decided to sneak into ​ ​​ ​​ ​the Dream Team's fort,​ ​​ ​​​ ​Xavian decided to sneak into ​ ​​ ​​ ​the Dream Team's fort,​ ​​ ​​​ ​where he then popped ​ ​​ ​​ ​someone's pool floaty​ ​​ ​​​ ​where he then popped ​ ​​ ​​ ​someone's pool floaty​ ​​ ​​​ ​that they were using as a bed.​ ​​ ​​​ ​Which they noticed almost immediately.​ ​​ ​​​ ​Oh, noooo.​ ​​ ​​​ ​We had some people think it was​ ​​ ​​​ ​CUTE​ ​​ ​​​ ​to come by and pop ​ ​​ ​​ ​a hole in the floaties.​ ​​ ​​​ ​to come by and pop ​ ​​ ​​ ​a hole in the floaties.​ ​​ ​​​ ​This is the repair we got going on.​ ​​ ​​​ ​Dude, they did my sloth dirty.​ ​​ ​​​ ​Josh in the produce aisle​ ​​ ​​​ ​had a perfect view of the attack ​ ​​ ​​ ​on the pool floaties.​ ​​ ​​​ ​had a perfect view of the attack ​ ​​ ​​ ​on the pool floaties.​ ​​ ​​​ ​And he made sure to tell Gunner ​ ​​ ​​ ​who it was right away.​ ​​ ​​​ ​And he made sure to tell Gunner ​ ​​ ​​ ​who it was right away.​ ​​ ​​​ ​My floatie's been busted.​ ​​ ​​​ ​And I get word that a slimy, ​ ​​ ​​ ​green-jumpsuit little man​ ​​ ​​​ ​And I get word that a slimy, ​ ​​ ​​ ​green-jumpsuit little man​ ​​ ​​​ ​is stabbing floaties UNprovoked.​ ​​ ​​​ ​And when Xavian noticed ​ ​​ ​​ ​that Josh told on him​ ​​ ​​​ ​And when Xavian noticed ​ ​​ ​​ ​that Josh told on him​ ​​ ​​​ ​he turned his attention ​ ​​ ​​ ​to the produce aisle.​ ​​ ​​​ ​he turned his attention ​ ​​ ​​ ​to the produce aisle.​ ​​ ​​​ ​I'm sorry.​ ​​ ​​​ ​HEY!​ ​​ ​​​ ​How about we actually all stay up?​ ​​ ​​​ ​Let's all stay up tonight.​ ​​ ​​​ ​Let's all stay up.​ ​​ ​​​ ​Don't touch me, don't touch me.​ ​​ ​​​ ​Can you stop? I'm not touching you.​ ​​ ​​​ ​Don't touch me, don't touch--​ ​​ ​​​ ​You're crazy!​ ​​ ​​​ ​Are you an adult? Are you an adult?​ ​​ ​​​ ​Yeah. It had nothing to involve you.​ ​​ ​​​ ​Are you an adult? Act like it. Act ​ ​​ ​​ ​like it.​ ​​ ​​​ ​Are you an adult? Act like it. Act ​ ​​ ​​ ​like it.​ ​​ ​​​ ​Are you a child? Are you a child?​ ​​ ​​​ ​You're-- Who's acting like a child now?​ ​​ ​​​ ​Then, once the others saw ​ ​​ ​​ ​what Xavian did,​ ​​ ​​​ ​Then, once the others saw ​ ​​ ​​ ​what Xavian did,​ ​​ ​​​ ​they took the fight back to his base.​ ​​ ​​​ ​Oh, nooo.​ ​​ ​​​ ​OHH!​ ​​ ​​​ ​Huh huh haa haa ha​ ​​ ​​​ ​Oh, so we doin' that?​ ​​ ​​​ ​Yeah, we doin' that.​ ​​ ​​​ ​At this point, I didn't know ​ ​​ ​​ ​what was going on.​ ​​ ​​​ ​At this point, I didn't know ​ ​​ ​​ ​what was going on.​ ​​ ​​​ ​UghHh!​ ​​ ​​​ ​THE POP-TARTS!​ ​​ ​​​ ​NOT THE POP-TARTS!!!​ ​​ ​​​ ​NOOoOOo!​ ​​ ​​​ ​A crazy incident happened.​ ​​ ​​​ ​Pure anarchy on the sales floor.​ ​​ ​​​ ​See all that?​ ​​ ​​​ ​That is what a child does.​ ​​ ​​​ ​If you're gonna do a competition, ​ ​​ ​​ ​your whole heart has to be in it.​ ​​ ​​​ ​If you're gonna do a competition, ​ ​​ ​​ ​your whole heart has to be in it.​ ​​ ​​​ ​And I can say honestly right now,​ ​​ ​​​ ​if I was to continue, ​ ​​ ​​ ​my whole heart wouldn't be in it.​ ​​ ​​​ ​if I was to continue, ​ ​​ ​​ ​my whole heart wouldn't be in it.​ ​​ ​​​ ​But the Innovators weren't the only ​ ​​ ​​ ​ones who were affected.​ ​​ ​​​ ​But the Innovators weren't the only ​ ​​ ​​ ​ones who were affected.​ ​​ ​​​ ​The team in the milk aisle, ​ ​​ ​​ ​who called themselves the Dream Team​ ​​ ​​​ ​The team in the milk aisle, ​ ​​ ​​ ​who called themselves the Dream Team​ ​​ ​​​ ​had one member that the riot affected ​ ​​ ​​ ​more than the rest.​ ​​ ​​​ ​had one member that the riot affected ​ ​​ ​​ ​more than the rest.​ ​​ ​​​ ​It's starting to just get wild in here. ​ ​​ ​​ ​This is my time to leave.​ ​​ ​​​ ​It's starting to just get wild in here. ​ ​​ ​​ ​This is my time to leave.​ ​​ ​​​ ​All right, bro.​ ​​ ​​​ ​There he goes.​ ​​ ​​​ ​It's hard to believe that ​ ​​ ​​ ​all of this started​ ​​ ​​​ ​It's hard to believe that ​ ​​ ​​ ​all of this started​ ​​ ​​​ ​from Xavian just popping a pool floatie.​ ​​ ​​​ ​Would you say that your goal ​ ​​ ​​ ​was just to start chaos?​ ​​ ​​​ ​Would you say that your goal ​ ​​ ​​ ​was just to start chaos?​ ​​ ​​​ ​Organized chaos.​ ​​ ​​​ ​That was not organized chaos at all.​ ​​ ​​​ ​Things were very tense. ​ ​​ ​​ ​I was-- I was a bit scared.​ ​​ ​​​ ​Things were very tense. ​ ​​ ​​ ​I was-- I was a bit scared.​ ​​ ​​​ ​A smidge. A little stressed.​ ​​ ​​​ ​After a full day of relaxing ​ ​​ ​​ ​after the riot,​ ​​ ​​​ ​After a full day of relaxing ​ ​​ ​​ ​after the riot,​ ​​ ​​​ ​the store felt calmer again.​ ​​ ​​​ ​Good morning, good morning.​ ​​ ​​​ ​Part of why things felt better ​ ​​ ​​ ​was Harry and Celestine,​ ​​ ​​​ ​Part of why things felt better ​ ​​ ​​ ​was Harry and Celestine,​ ​​ ​​​ ​who had started to feel like ​ ​​ ​​ ​the store's unofficial parents.​ ​​ ​​​ ​who had started to feel like ​ ​​ ​​ ​the store's unofficial parents.​ ​​ ​​​ ​Not gonna lie, we met ​ ​​ ​​ ​a lifelong friend here, so…​ ​​ ​​​ ​Not gonna lie, we met ​ ​​ ​​ ​a lifelong friend here, so…​ ​​ ​​​ ​Yeah.​ ​​ ​​​ ​Aha haha haaa ha ha!​ ​​ ​​​ ​They even gathered together to hear ​ ​​ ​​ ​Harry sing some of his own music.​ ​​ ​​​ ​They even gathered together to hear ​ ​​ ​​ ​Harry sing some of his own music.​ ​​ ​​​ ​This is just an old song.​ ​​ ​​​ ​♪ I looOOoove youuuu. ♪​ ​​ ​​​ ​Go, baby.​ ​​ ​​​ ​♪ Baby, baby, baaaby, ​ ​​ ​​ ​baby, baby, ♪​ ​​ ​​​ ​♪ Baby, baby, baaaby, ​ ​​ ​​ ​baby, baby, ♪​ ​​ ​​​ ​♪ baby, baby, babeee. ♪​ ​​ ​​​ ​WOO!!!​ ​​ ​​​ ​♪ I really dooooo. ♪​ ​​ ​​​ ​WooOOOO!!!​ ​​ ​​​ ​Sooo, good morning, guys.​ ​​ ​​​ ​Good morning!​ ​​ ​​​ ​We have to give back to our kids.​ ​​ ​​​ ​Yes.​ ​​ ​​​ ​You know... our life.​ ​​ ​​​ ​Uhhh, we thank everybody​ ​​ ​​​ ​for everything that ​ ​​ ​​ ​they have done for us.​ ​​ ​​​ ​for everything that ​ ​​ ​​ ​they have done for us.​ ​​ ​​​ ​We had a nice time. ​ ​​ ​​ ​We really enjoyed it.​ ​​ ​​​ ​We had a nice time. ​ ​​ ​​ ​We really enjoyed it.​ ​​ ​​​ ​You will be missed.​ ​​ ​​​ ​WoooOOOO!!​ ​​ ​​​ ​Byeeee!​ ​​ ​​​ ​Love youuuu!​ ​​ ​​​ ​I'm hearing that you are thinking ​ ​​ ​​ ​about getting out.​ ​​ ​​​ ​I'm hearing that you are thinking ​ ​​ ​​ ​about getting out.​ ​​ ​​​ ​I AM getting out.​ ​​ ​​​ ​Oh, you are getting out?​ ​​ ​​​ ​Yeah.​ ​​ ​​​ ​So tell me why.​ ​​ ​​​ ​Well, I'm three months pregnant.​ ​​ ​​​ ​I've got a three-year-old ​ ​​ ​​ ​at home and a husband.​ ​​ ​​​ ​I've got a three-year-old ​ ​​ ​​ ​at home and a husband.​ ​​ ​​​ ​That's baby mama right there, y'all!​ ​​ ​​​ ​WOOO! Yeahhh!​ ​​ ​​​ ​Aha ha ha ha!​ ​​ ​​​ ​Baby mama!​ ​​ ​​​ ​Everyone had been respectful enough​ ​​ ​​​ ​to let the pregnant mother ​ ​​ ​​ ​and older couple sleep in peace.​ ​​ ​​​ ​to let the pregnant mother ​ ​​ ​​ ​and older couple sleep in peace.​ ​​ ​​​ ​But with them now gone, ​ ​​ ​​ ​the team in the manager's office​ ​​ ​​​ ​But with them now gone, ​ ​​ ​​ ​the team in the manager's office​ ​​ ​​​ ​decided that ​ ​​ ​​ ​that courtesy was now over.​ ​​ ​​​ ​decided that ​ ​​ ​​ ​that courtesy was now over.​ ​​ ​​​ ​It is 3 O'CLOCK IN THE MORNIN'​ ​​ ​​​ ​boys and girls.​ ​​ ​​​ ​Let's have some fuuun!​ ​​ ​​​ ​Harry's not here. ​ ​​ ​​ ​We truly do miss you.​ ​​ ​​​ ​Harry's not here. ​ ​​ ​​ ​We truly do miss you.​ ​​ ​​​ ​But this is what we wanted to do ​ ​​ ​​ ​for a week now.​ ​​ ​​​ ​But this is what we wanted to do ​ ​​ ​​ ​for a week now.​ ​​ ​​​ ​Fellas, 4 IN THE MORNING!​ ​​ ​​​ ​**BANG BANG BANG BANG**​ ​​ ​​​ ​Let's make some FREAKIN' noise, BOYS!!​ ​​ ​​​ ​**BANG BANG BANG**​ ​​ ​​​ ​**BANG BANG BANG BANG BANG**​ ​​ ​​​ ​All right, gang… ​ ​​ ​​ ​I'm goin', guys.​ ​​ ​​​ ​All right, gang… ​ ​​ ​​ ​I'm goin', guys.​ ​​ ​​​ ​But they didn't stop at just ​ ​​ ​​ ​one elimination.​ ​​ ​​​ ​But they didn't stop at just ​ ​​ ​​ ​one elimination.​ ​​ ​​​ ​If you guys have a hard time ​ ​​ ​​ ​sleeping tonight,​ ​​ ​​​ ​If you guys have a hard time ​ ​​ ​​ ​sleeping tonight,​ ​​ ​​​ ​I can guarantee you're gonna have ​ ​​ ​​ ​a hard time sleeping​ ​​ ​​​ ​I can guarantee you're gonna have ​ ​​ ​​ ​a hard time sleeping​ ​​ ​​​ ​EVERY NIGHT FOR THE REST ​ ​​ ​​ ​OF THIS WEEK.​ ​​ ​​​ ​EVERY NIGHT FOR THE REST ​ ​​ ​​ ​OF THIS WEEK.​ ​​ ​​​ ​We are not leaving, ​ ​​ ​​ ​so now is your chance to leave.​ ​​ ​​​ ​We are not leaving, ​ ​​ ​​ ​so now is your chance to leave.​ ​​ ​​​ ​You are wasting time if you are sitting ​ ​​ ​​ ​in this grocery store right now.​ ​​ ​​​ ​You are wasting time if you are sitting ​ ​​ ​​ ​in this grocery store right now.​ ​​ ​​​ ​I'm unemployed.​ ​​ ​​​ ​**BEEP BEEP BEEP BOOP BIP BOP DING ​ ​​ ​​ ​DING**​ ​​ ​​​ ​**BEEP BEEP BEEP BOOP BIP BOP DING ​ ​​ ​​ ​DING**​ ​​ ​​​ ​**BEEP BEEP BEEP BOOP BIP BOP DING ​ ​​ ​​ ​DING**​ ​​ ​​​ ​**BEEP BEEP BEEP BOOP BIP BOP DING ​ ​​ ​​ ​DING**​ ​​ ​​​ ​**BEEP BEEP BEEP BOOP BIP BOP DING ​ ​​ ​​ ​DING**​ ​​ ​​​ ​**BEEP BEEP BEEP BOOP BIP BOP DING ​ ​​ ​​ ​DING**​ ​​ ​​​ ​**BEEP BEEP BEEP BOOP BIP BOP DING ​ ​​ ​​ ​DING**​ ​​ ​​​ ​**BEEP BEEP BEEP BOOP BIP BOP DING ​ ​​ ​​ ​DING**​ ​​ ​​​ ​**BEEP BEEP BEEP BOOP BIP BOP DING ​ ​​ ​​ ​DING**​ ​​ ​​​ ​**BEEP BEEP BEEP BOOP BIP BOP DING ​ ​​ ​​ ​DING**​ ​​ ​​​ ​**BEEP BEEP BEEP BOOP BIP BOP DING ​ ​​ ​​ ​DING**​ ​​ ​​​ ​**BEEP BEEP BEEP BOOP BIP BOP DING ​ ​​ ​​ ​DING**​ ​​ ​​​ ​**BEEP BEEP BEEP BOOP BIP BOP DING ​ ​​ ​​ ​DING**​ ​​ ​​​ ​**BEEP BEEP BEEP BOOP BIP BOP DING ​ ​​ ​​ ​DING**​ ​​ ​​​ ​**BEEP BEEP BEEP BOOP BIP BOP DING ​ ​​ ​​ ​DING**​ ​​ ​​​ ​**BEEP BEEP BEEP BOOP BIP BOP DING ​ ​​ ​​ ​DING**​ ​​ ​​​ ​**BEEP BEEP BEEP BOOP BIP BOP DING ​ ​​ ​​ ​DING**​ ​​ ​​​ ​**BEEP BEEP BEEP BOOP BIP BOP DING ​ ​​ ​​ ​DING**​ ​​ ​​​ ​**BEEP BEEP BEEP BOOP BIP BOP DING ​ ​​ ​​ ​DING**​ ​​ ​​​ ​**BEEP BEEP BEEP BOOP BIP BOP DING ​ ​​ ​​ ​DING**​ ​​ ​​​ ​**BEEP BEEP BEEP BOOP BIP BOP DING ​ ​​ ​​ ​DING**​ ​​ ​​​ ​**BEEP BEEP BEEP BOOP BIP BOP DING ​ ​​ ​​ ​DING**​ ​​ ​​​ ​**BEEP BEEP BEEP BOOP BIP BOP DING ​ ​​ ​​ ​DING**​ ​​ ​​​ ​**BEEP BEEP BEEP BOOP BIP BOP DING ​ ​​ ​​ ​DING**​ ​​ ​​​ ​**BEEP BEEP BEEP BOOP BIP BOP DING ​ ​​ ​​ ​DING**​ ​​ ​​​ ​**BEEP BEEP BEEP BOOP BIP BOP DING ​ ​​ ​​ ​DING**​ ​​ ​​​ ​**BEEP BEEP BEEP BOOP BIP BOP DING ​ ​​ ​​ ​DING**​ ​​ ​​​ ​**BEEP BEEP BEEP BOOP BIP BOP DING ​ ​​ ​​ ​DING**​ ​​ ​​​ ​**DING DONG DING DONG DING DONG**​ ​​ ​​​ ​**DING DING DING**​ ​​ ​​​ ​**BING BONG BEEP BOOP PING PONG**​ ​​ ​​​ ​**BING BONG BEEP BEEP BEEP DING DONG**​ ​​ ​​​ ​The incessant noise was driving ​ ​​ ​​ ​everyone insane.​ ​​ ​​​ ​The incessant noise was driving ​ ​​ ​​ ​everyone insane.​ ​​ ​​​ ​And it was enough to send Tino ​ ​​ ​​ ​right over the edge.​ ​​ ​​​ ​And it was enough to send Tino ​ ​​ ​​ ​right over the edge.​ ​​ ​​​ ​**DING DONG DONG DONG** ​ ​​ ​​ ​**DING DONG DONG DONG**​ ​​ ​​​ ​**DING DONG DONG DONG** ​ ​​ ​​ ​**DING DONG DONG DONG**​ ​​ ​​​ ​**DING DONG DONG DONG**​ ​​ ​​​ ​Haha ha!​ ​​ ​​​ ​**BEEP**​ ​​ ​​​ ​And after he left,​ ​​ ​​​ ​Tino's elimination sparked a unity ​ ​​ ​​ ​between Fort Freezy and the Dream Team.​ ​​ ​​​ ​Tino's elimination sparked a unity ​ ​​ ​​ ​between Fort Freezy and the Dream Team.​ ​​ ​​​ ​The ultimate boys' club.​ ​​ ​​​ ​The Freezy Boys / the Dream Team. ​ ​​ ​​ ​We're now a thing.​ ​​ ​​​ ​The Freezy Boys / the Dream Team. ​ ​​ ​​ ​We're now a thing.​ ​​ ​​​ ​Which, to me, looked like an ​ ​​ ​​ ​unstoppable force.​ ​​ ​​​ ​Which, to me, looked like an ​ ​​ ​​ ​unstoppable force.​ ​​ ​​​ ​But that didn't go exactly as planned.​ ​​ ​​​ ​Party in the back.​ ​​ ​​​ ​JOSH, watch your foooot!​ ​​ ​​​ ​Noooooo…​ ​​ ​​​ ​It's my own careless mistake.​ ​​ ​​​ ​I gotta go. It's my time.​ ​​ ​​​ ​And come nightfall, ​ ​​ ​​ ​the noisemakers were at it again.​ ​​ ​​​ ​And come nightfall, ​ ​​ ​​ ​the noisemakers were at it again.​ ​​ ​​​ ​Tonight's about to be terrible, Eldin.​ ​​ ​​​ ​You ready to lock in?​ ​​ ​​​ ​NO SLEEP, no sleep--​ ​​ ​​​ ​Get UP!​ ​​ ​​​ ​**CLANG CLANG CLANG CLANG CLANG**​ ​​ ​​​ ​**BANG-BANG-BANG BANG BANG-BANG BANG**​ ​​ ​​​ ​**BANG BANG BANG-BANG**​ ​​ ​​​ ​wooooOOOOOoOOOOOO!​ ​​ ​​​ ​WOOOOO!​ ​​ ​​​ ​**BANG BANG BANG BANG**​ ​​ ​​​ ​They really wanna get people out of ​ ​​ ​​ ​this store.​ ​​ ​​​ ​They really wanna get people out of ​ ​​ ​​ ​this store.​ ​​ ​​​ ​I decided that I don't wanna stay here.​ ​​ ​​​ ​**TAP TAP TAP TAP TAP**​ ​​ ​​​ ​I can't do it no more.​ ​​ ​​​ ​But making all this noise ​ ​​ ​​ ​did have an unintended side effect.​ ​​ ​​​ ​But making all this noise ​ ​​ ​​ ​did have an unintended side effect.​ ​​ ​​​ ​Because Juan could somehow sleep ​ ​​ ​​ ​through all of this madness,​ ​​ ​​​ ​Because Juan could somehow sleep ​ ​​ ​​ ​through all of this madness,​ ​​ ​​​ ​he would get up super early in the morning ​ ​​ ​​ ​to give them their own medicine.​ ​​ ​​​ ​he would get up super early in the morning ​ ​​ ​​ ​to give them their own medicine.​ ​​ ​​​ ​**THUMP-THUD**​ ​​ ​​​ ​**THUMP**​ ​​ ​​​ ​Juan's sleep schedule is off the chaaaain.​ ​​ ​​​ ​Nooo. No, no, no, no!​ ​​ ​​​ ​No ball?​ ​​ ​​​ ​Too much noooiiise.​ ​​ ​​​ ​[in Spanish] Whhyy?​ ​​ ​​​ ​♪ AYYY, AY, AY, AYYYYYYY, ♪​ ​​ ​​​ ​♪ CAAANTAAA Y NO LLORES, ♪​ ​​ ​​​ ​Up to this point, Juan had been ​ ​​ ​​ ​pretty unproblematic.​ ​​ ​​​ ​Up to this point, Juan had been ​ ​​ ​​ ​pretty unproblematic.​ ​​ ​​​ ​♪ Porque cantando se alegran, ♪​ ​​ ​​​ ​So people couldn't really tell ​ ​​ ​​ ​if this was strategy…​ ​​ ​​​ ​So people couldn't really tell ​ ​​ ​​ ​if this was strategy…​ ​​ ​​​ ​♪ Cielito lindo, los corazones. ♪​ ​​ ​​​ ​UGHHHH!​ ​​ ​​​ ​…or just boredom.​ ​​ ​​​ ​Is he tryna to do that ​ ​​ ​​ ​to piss us off?​ ​​ ​​​ ​Is he tryna to do that ​ ​​ ​​ ​to piss us off?​ ​​ ​​​ ​That's the only reason.​ ​​ ​​​ ​It's, like, so hard to be mad at the guy.​ ​​ ​​​ ​♪ whee-whee hoo-hoo hoo-hoooo ♪​ ​​ ​​​ ​♪ whee-hoo hoo hooo ♪​ ​​ ​​​ ​JUAN, shut up!​ ​​ ​​​ ​Good morning! Huh ha ha haa…​ ​​ ​​​ ​But noise or not, one thing that ​ ​​ ​​ ​affected everyone​ ​​ ​​​ ​But noise or not, one thing that ​ ​​ ​​ ​affected everyone​ ​​ ​​​ ​was the harsh reality that life beyond ​ ​​ ​​ ​these walls​ ​​ ​​​ ​was the harsh reality that life beyond ​ ​​ ​​ ​these walls​ ​​ ​​​ ​was passing them by.​ ​​ ​​​ ​You will never regret going to your son?​ ​​ ​​​ ​It's life-changing money, ​ ​​ ​​ ​but I feel like I'm missing out.​ ​​ ​​​ ​It's life-changing money, ​ ​​ ​​ ​but I feel like I'm missing out.​ ​​ ​​​ ​I sure do miss them, every day I'm in here.​ ​​ ​​​ ​The longer I go, I feel more guilty...​ ​​ ​​​ ​...staying.​ ​​ ​​​ ​It was obvious that missing time with ​ ​​ ​​ ​your children​ ​​ ​​​ ​It was obvious that missing time with ​ ​​ ​​ ​your children​ ​​ ​​​ ​was one of the hardest things ​ ​​ ​​ ​you could face in this challenge.​ ​​ ​​​ ​was one of the hardest things ​ ​​ ​​ ​you could face in this challenge.​ ​​ ​​​ ​So, when Juan sent his son home…​ ​​ ​​​ ​Yeah, I'm leaving soon.​ ​​ ​​​ ​…I couldn't believe it.​ ​​ ​​​ ​And it just goes to show ​ ​​ ​​ ​how determined he was for his family.​ ​​ ​​​ ​And it just goes to show ​ ​​ ​​ ​how determined he was for his family.​ ​​ ​​​ ​It's good money, I know.​ ​​ ​​​ ​Woooo!!!​ ​​ ​​​ ​Bye, Angel!​ ​​ ​​​ ​And it was starting to seem like​ ​​ ​​​ ​being on your own in here​ ​​ ​​​ ​might even be a better strategy.​ ​​ ​​​ ​It's what she said.​ ​​ ​​​ ​It's what she said!​ ​​ ​​​ ​Because after all,​ ​​ ​​​ ​these alliances heavily relied ​ ​​ ​​ ​on one another to survive in here.​ ​​ ​​​ ​these alliances heavily relied ​ ​​ ​​ ​on one another to survive in here.​ ​​ ​​​ ​I was seeing full-on communities ​ ​​ ​​ ​being formed.​ ​​ ​​​ ​I was seeing full-on communities ​ ​​ ​​ ​being formed.​ ​​ ​​​ ​Gunner! You want chicken sandwich?​ ​​ ​​​ ​However, it only takes one bad seed ​ ​​ ​​ ​to bring down a community.​ ​​ ​​​ ​However, it only takes one bad seed ​ ​​ ​​ ​to bring down a community.​ ​​ ​​​ ​See, when I built this grocery store,​ ​​ ​​​ ​I added a lot of useful items, ​ ​​ ​​ ​like these burners for cooking,​ ​​ ​​​ ​I added a lot of useful items, ​ ​​ ​​ ​like these burners for cooking,​ ​​ ​​​ ​and fun things, like this basketball hoop,​ ​​ ​​​ ​which seemed to be the only thing ​ ​​ ​​ ​that kept these people entertained.​ ​​ ​​​ ​which seemed to be the only thing ​ ​​ ​​ ​that kept these people entertained.​ ​​ ​​​ ​If they couldn't play basketball, ​ ​​ ​​ ​a lot of them would probably leave.​ ​​ ​​​ ​If they couldn't play basketball, ​ ​​ ​​ ​a lot of them would probably leave.​ ​​ ​​​ ​Which meant that Xavian knew exactly ​ ​​ ​​ ​how to hit them hardest.​ ​​ ​​​ ​Which meant that Xavian knew exactly ​ ​​ ​​ ​how to hit them hardest.​ ​​ ​​​ ​Haven't gotten my ​ ​​ ​​ ​hands dirty in a while…​ ​​ ​​​ ​Haven't gotten my ​ ​​ ​​ ​hands dirty in a while…​ ​​ ​​​ ​My original plan with the basketball--​ ​​ ​​​ ​just throw the whooole ball away.​ ​​ ​​​ ​Nobody's stressed, nobody's bothered.​ ​​ ​​​ ​Peaceful time.​ ​​ ​​​ ​But I wanna have my own scene ​ ​​ ​​ ​where I just want to be the...​ ​​ ​​​ ​But I wanna have my own scene ​ ​​ ​​ ​where I just want to be the...​ ​​ ​​​ ​✧ The Star of the Show. ✧​ ​​ ​​​ ​So, I'm going to plant the basketball ​ ​​ ​​ ​in Robbie's dumpster,​ ​​ ​​​ ​So, I'm going to plant the basketball ​ ​​ ​​ ​in Robbie's dumpster,​ ​​ ​​​ ​so if they do go dumpster diving ​ ​​ ​​ ​looking for it--​ ​​ ​​​ ​so if they do go dumpster diving ​ ​​ ​​ ​looking for it--​ ​​ ​​​ ​Robbie! It's you!​ ​​ ​​​ ​MWAAH, bye!​ ​​ ​​​ ​And for once, the morning was ​ ​​ ​​ ​completely silent.​ ​​ ​​​ ​And for once, the morning was ​ ​​ ​​ ​completely silent.​ ​​ ​​​ ​But that also made it obvious ​ ​​ ​​ ​that something was up.​ ​​ ​​​ ​But that also made it obvious ​ ​​ ​​ ​that something was up.​ ​​ ​​​ ​Hey, do you see the basketball?​ ​​ ​​​ ​Me no got it, my friend.​ ​​ ​​​ ​Somebody took our basketball.​ ​​ ​​​ ​hah ha ha ha haa​ ​​ ​​​ ​It's somewhere in here.​ ​​ ​​​ ​We are definitely going to find iiiit.​ ​​ ​​​ ​It's funny how the very thing​ ​​ ​​​ ​that keeps everyone up in the morning​ ​​ ​​​ ​is also the only thing ​ ​​ ​​ ​that keeps them sane during the day.​ ​​ ​​​ ​is also the only thing ​ ​​ ​​ ​that keeps them sane during the day.​ ​​ ​​​ ​Hey, no one's innocent right now.​ ​​ ​​​ ​So, needless to say, ​ ​​ ​​ ​they were struggling without it.​ ​​ ​​​ ​So, needless to say, ​ ​​ ​​ ​they were struggling without it.​ ​​ ​​​ ​Bro, this suuucks.​ ​​ ​​​ ​Y'all wouldn't have taken the ball, ​ ​​ ​​ ​would y'all?​ ​​ ​​​ ​Y'all wouldn't have taken the ball, ​ ​​ ​​ ​would y'all?​ ​​ ​​​ ​We've been asleep all day.​ ​​ ​​​ ​You have the basketball?​ ​​ ​​​ ​Mm-mmm.​ ​​ ​​​ ​You got the basketball?​ ​​ ​​​ ​Noooo, me no got it.​ ​​ ​​​ ​Who has it?​ ​​ ​​​ ​But now Xavian could sit back ​ ​​ ​​ ​and watch the alliances crumble.​ ​​ ​​​ ​But now Xavian could sit back ​ ​​ ​​ ​and watch the alliances crumble.​ ​​ ​​​ ​Being the only person ​ ​​ ​​ ​who truly knew where it was.​ ​​ ​​​ ​Being the only person ​ ​​ ​​ ​who truly knew where it was.​ ​​ ​​​ ​Or so he thought.​ ​​ ​​​ ​I know who took the basketball.​ ​​ ​​​ ​Really? Who?​ ​​ ​​​ ​Xay, he put it in the trash can.​ ​​ ​​​ ​When Xavian was throwing out ​ ​​ ​​ ​the basketball,​ ​​ ​​​ ​When Xavian was throwing out ​ ​​ ​​ ​the basketball,​ ​​ ​​​ ​he didn't know it, ​ ​​ ​​ ​but Autumn was there​ ​​ ​​​ ​he didn't know it, ​ ​​ ​​ ​but Autumn was there​ ​​ ​​​ ​watching him the entire time.​ ​​ ​​​ ​That's so… ​ ​​ ​​ ​That's so stupid.​ ​​ ​​​ ​That's so… ​ ​​ ​​ ​That's so stupid.​ ​​ ​​​ ​He sees us playing every day with it.​ ​​ ​​​ ​That was our only entertainment ​ ​​ ​​ ​is shooting a basketball.​ ​​ ​​​ ​That was our only entertainment ​ ​​ ​​ ​is shooting a basketball.​ ​​ ​​​ ​Are you gonna tell?​ ​​ ​​​ ​I'll go tell 'em right now.​ ​​ ​​​ ​Basketball gone, ​ ​​ ​​ ​trash can gone.​ ​​ ​​​ ​Basketball gone, ​ ​​ ​​ ​trash can gone.​ ​​ ​​​ ​Xay threw it away.​ ​​ ​​​ ​Huuuh?​ ​​ ​​​ ​Where's he at?​ ​​ ​​​ ​Hey, Xay! Come here.​ ​​ ​​​ ​Hey, XAY.​ ​​ ​​​ ​She said you threw away our basketball.​ ​​ ​​​ ​Autumn said I threw away the basketball?​ ​​ ​​​ ​I've literally been asleep.​ ​​ ​​​ ​She said she watched you throw it ​ ​​ ​​ ​to the dumpster people,​ ​​ ​​​ ​She said she watched you throw it ​ ​​ ​​ ​to the dumpster people,​ ​​ ​​​ ​and the dumpster people ​ ​​ ​​ ​took the trash out and, like,​ ​​ ​​​ ​and the dumpster people ​ ​​ ​​ ​took the trash out and, like,​ ​​ ​​​ ​took the ball away.​ ​​ ​​​ ​What dumpster people? I haven't even ​ ​​ ​​ ​seen people take out the trash.​ ​​ ​​​ ​What dumpster people? I haven't even ​ ​​ ​​ ​seen people take out the trash.​ ​​ ​​​ ​I didn't say I physically ​ ​​ ​​ ​SEEN you do it.​ ​​ ​​​ ​I didn't say I physically ​ ​​ ​​ ​SEEN you do it.​ ​​ ​​​ ​I said maybe you did, maybe you ​ ​​ ​​ ​didn't…​ ​​ ​​​ ​I said maybe you did, maybe you ​ ​​ ​​ ​didn't…​ ​​ ​​​ ​No, there was never a ""maybe"" ​ ​​ ​​ ​in the conversation.​ ​​ ​​​ ​No, there was never a ""maybe"" ​ ​​ ​​ ​in the conversation.​ ​​ ​​​ ​You said Xay threw it in the ​ ​​ ​​ ​trash can, period.​ ​​ ​​​ ​You said Xay threw it in the ​ ​​ ​​ ​trash can, period.​ ​​ ​​​ ​Yeah, I really wish that I could ​ ​​ ​​ ​have a reason​ ​​ ​​​ ​Yeah, I really wish that I could ​ ​​ ​​ ​have a reason​ ​​ ​​​ ​to why my name was even brought up.​ ​​ ​​​ ​That was the dumbest thing you coulda done.​ ​​ ​​​ ​How was it dumb? It's a competition.​ ​​ ​​​ ​She's red as a tomato. ​ ​​ ​​ ​She knows she got caught lying.​ ​​ ​​​ ​She's red as a tomato. ​ ​​ ​​ ​She knows she got caught lying.​ ​​ ​​​ ​Everybody in here, including Xay now, ​ ​​ ​​ ​is against you.​ ​​ ​​​ ​Everybody in here, including Xay now, ​ ​​ ​​ ​is against you.​ ​​ ​​​ ​I shoulda just said nothing, bruh…​ ​​ ​​​ ​Am I the villain?​ ​​ ​​​ ​Of course.​ ​​ ​​​ ​HEE HE HE HEEE​ ​​ ​​​ ​Even though Xavian was originally ​ ​​ ​​ ​trying to frame Robbie,​ ​​ ​​​ ​Even though Xavian was originally ​ ​​ ​​ ​trying to frame Robbie,​ ​​ ​​​ ​the hiccup in his plan still put a ​ ​​ ​​ ​target on someone's back,​ ​​ ​​​ ​the hiccup in his plan still put a ​ ​​ ​​ ​target on someone's back,​ ​​ ​​​ ​and it was getting to her, FAST.​ ​​ ​​​ ​Autumn realized no one's ​ ​​ ​​ ​talking to her​ ​​ ​​​ ​Autumn realized no one's ​ ​​ ​​ ​talking to her​ ​​ ​​​ ​and she is tucked away in her corner.​ ​​ ​​​ ​Not even Xavian.​ ​​ ​​​ ​Not with her whatsoever.​ ​​ ​​​ ​She hasn't noticed that every time ​ ​​ ​​ ​she walks up on me,​ ​​ ​​​ ​She hasn't noticed that every time ​ ​​ ​​ ​she walks up on me,​ ​​ ​​​ ​I'm walking away. ​ ​​ ​​ ​Like, no…​ ​​ ​​​ ​I'm walking away. ​ ​​ ​​ ​Like, no…​ ​​ ​​​ ​I don't wanna talk.​ ​​ ​​​ ​I don't wanna do anything.​ ​​ ​​​ ​The video just gets harder and harder ​ ​​ ​​ ​for these contestants.​ ​​ ​​​ ​The video just gets harder and harder ​ ​​ ​​ ​for these contestants.​ ​​ ​​​ ​All this food goes bad ​ ​​ ​​ ​within the next 30 days.​ ​​ ​​​ ​All this food goes bad ​ ​​ ​​ ​within the next 30 days.​ ​​ ​​​ ​I think the bread also all went bad today.​ ​​ ​​​ ​Ohh… ok. Show me around.​ ​​ ​​​ ​This is actually the big part that I love.​ ​​ ​​​ ​And this my bed.​ ​​ ​​​ ​Cooooool. So you're sleeping well?​ ​​ ​​​ ​Yeah, I was in the military,​ ​​ ​​​ ​and they made me sleep ​ ​​ ​​ ​in fighting holes​ ​​ ​​​ ​and they made me sleep ​ ​​ ​​ ​in fighting holes​ ​​ ​​​ ​and empty tents and metal frames of beds.​ ​​ ​​​ ​I would hate to compete against him.​ ​​ ​​​ ​hee hee heh heh​ ​​ ​​​ ​You miss Angel yet?​ ​​ ​​​ ​Yeah.​ ​​ ​​​ ​I mean, it's every man for themselves ​ ​​ ​​ ​at the end of the day,​ ​​ ​​​ ​I mean, it's every man for themselves ​ ​​ ​​ ​at the end of the day,​ ​​ ​​​ ​but it's always nice to have friends ​ ​​ ​​ ​to get through it with.​ ​​ ​​​ ​but it's always nice to have friends ​ ​​ ​​ ​to get through it with.​ ​​ ​​​ ​I just feel like money can't replace time.​ ​​ ​​​ ​But yeah, it makes it harder too 'cuz, like, ​ ​​ ​​ ​I quit my job coming in here,​ ​​ ​​​ ​But yeah, it makes it harder too 'cuz, like, ​ ​​ ​​ ​I quit my job coming in here,​ ​​ ​​​ ​and I'm just ready to see my son, really.​ ​​ ​​​ ​I think I'm ready to gooo.​ ​​ ​​​ ​EEEEEK!!!​ ​​ ​​​ ​My child needs me,​ ​​ ​​​ ​and three weeks is a long time​ ​​ ​​​ ​for any mom to be away ​ ​​ ​​ ​from their child.​ ​​ ​​​ ​for any mom to be away ​ ​​ ​​ ​from their child.​ ​​ ​​​ ​And after seeing Autumn leave the store ​ ​​ ​​ ​and get to go home to her son,​ ​​ ​​​ ​And after seeing Autumn leave the store ​ ​​ ​​ ​and get to go home to her son,​ ​​ ​​​ ​Robbie decided that 20 days in here​ ​​ ​​​ ​is far too long away ​ ​​ ​​ ​from his daughter.​ ​​ ​​​ ​is far too long away ​ ​​ ​​ ​from his daughter.​ ​​ ​​​ ​I-- I genuinely thought, like, ​ ​​ ​​ ​I could 100% win this.​ ​​ ​​​ ​I-- I genuinely thought, like, ​ ​​ ​​ ​I could 100% win this.​ ​​ ​​​ ​But I'm not gonna be in here ​ ​​ ​​ ​for three months and miss my kid's life.​ ​​ ​​​ ​But I'm not gonna be in here ​ ​​ ​​ ​for three months and miss my kid's life.​ ​​ ​​​ ​Ooo-hoo…​ ​​ ​​​ ​Red line.​ ​​ ​​​ ​There goes 250 grand.​ ​​ ​​​ ​It's craaazy.​ ​​ ​​​ ​And I told you all, as soon ​ ​​ ​​ ​as I walked into the store,​ ​​ ​​​ ​And I told you all, as soon ​ ​​ ​​ ​as I walked into the store,​ ​​ ​​​ ​I said, ""Everything is a ​ ​​ ​​ ​calculated plan.""​ ​​ ​​​ ​I said, ""Everything is a ​ ​​ ​​ ​calculated plan.""​ ​​ ​​​ ​tschhhHH!​ ​​ ​​​ ​I was, like, soaked up all of ​ ​​ ​​ ​the Robbie slander into my body​ ​​ ​​​ ​I was, like, soaked up all of ​ ​​ ​​ ​the Robbie slander into my body​ ​​ ​​​ ​and transformed into a new being.​ ​​ ​​​ ​So…​ ​​ ​​​ ​on that note...​ ​​ ​​​ ​DEUCES!​ ​​ ​​​ ​HAH HEE HEE HE HEHEEE!!​ ​​ ​​​ ​HE HE HEEEEEeeeee​ ​​ ​​​ ​With Autumn taking all the heat ​ ​​ ​​ ​for stealing the basketballs,​ ​​ ​​​ ​With Autumn taking all the heat ​ ​​ ​​ ​for stealing the basketballs,​ ​​ ​​​ ​Xavian felt invincible.​ ​​ ​​​ ​They cru-ci-fied her.​ ​​ ​​​ ​Hoo ha ha!​ ​​ ​​​ ​It's not the fact that ​ ​​ ​​ ​they hate Autumn​ ​​ ​​​ ​It's not the fact that ​ ​​ ​​ ​they hate Autumn​ ​​ ​​​ ​because she lieeeeed…​ ​​ ​​​ ​It's the fact that ​ ​​ ​​ ​I have them hating her​ ​​ ​​​ ​It's the fact that ​ ​​ ​​ ​I have them hating her​ ​​ ​​​ ​because she told the truth.​ ​​ ​​​ ​It seemed Xavian wanted to be ​ ​​ ​​ ​the villain of the grocery store.​ ​​ ​​​ ​It seemed Xavian wanted to be ​ ​​ ​​ ​the villain of the grocery store.​ ​​ ​​​ ​muahaha ha haaa hah ha​ ​​ ​​​ ​And he wanted everyone to know it.​ ​​ ​​​ ​You're scary.​ ​​ ​​​ ​Aaaha hah hah​ ​​ ​​​ ​I like Xay a lot, but I don't trust him.​ ​​ ​​​ ​That's what I told the boys, you know, ​ ​​ ​​ ​be careful with him.​ ​​ ​​​ ​That's what I told the boys, you know, ​ ​​ ​​ ​be careful with him.​ ​​ ​​​ ​I mean, they don't like him, though.​ ​​ ​​​ ​No.​ ​​ ​​​ ​And the Dream Team had a plan ​ ​​ ​​ ​to take advantage of that.​ ​​ ​​​ ​And the Dream Team had a plan ​ ​​ ​​ ​to take advantage of that.​ ​​ ​​​ ​Since they're in a grocery store,​ ​​ ​​​ ​and a lot of the food requires cooking,​ ​​ ​​​ ​they teamed up with Fort Freezy ​ ​​ ​​ ​and targeted the one item​ ​​ ​​​ ​they teamed up with Fort Freezy ​ ​​ ​​ ​and targeted the one item​ ​​ ​​​ ​everyone needed to ​ ​​ ​​ ​heat it up.​ ​​ ​​​ ​everyone needed to ​ ​​ ​​ ​heat it up.​ ​​ ​​​ ​So, what if we took their burners?​ ​​ ​​​ ​It comes right back to us ​ ​​ ​​ ​if we have the burner.​ ​​ ​​​ ​It comes right back to us ​ ​​ ​​ ​if we have the burner.​ ​​ ​​​ ​What if we blame it on Xay?​ ​​ ​​​ ​That's the best way we can do it. ​ ​​ ​​ ​We gotta pin it on Xay.​ ​​ ​​​ ​That's the best way we can do it. ​ ​​ ​​ ​We gotta pin it on Xay.​ ​​ ​​​ ​So, once Fatima had left​ ​​ ​​​ ​and they were officially down ​ ​​ ​​ ​to the Top 10,​ ​​ ​​​ ​and they were officially down ​ ​​ ​​ ​to the Top 10,​ ​​ ​​​ ​they came up with a perfect plan ​ ​​ ​​ ​to steal all of the burners.​ ​​ ​​​ ​they came up with a perfect plan ​ ​​ ​​ ​to steal all of the burners.​ ​​ ​​​ ​Tomorrow we're gonna have ​ ​​ ​​ ​a ceremony right here.​ ​​ ​​​ ​Tomorrow we're gonna have ​ ​​ ​​ ​a ceremony right here.​ ​​ ​​​ ​They decided on having a Top 10 ​ ​​ ​​ ​ceremony​ ​​ ​​​ ​They decided on having a Top 10 ​ ​​ ​​ ​ceremony​ ​​ ​​​ ​as a distraction to steal the burners.​ ​​ ​​​ ​For the Top 10 ceremony, we're gonna ​ ​​ ​​ ​bring everybody back here.​ ​​ ​​​ ​For the Top 10 ceremony, we're gonna ​ ​​ ​​ ​bring everybody back here.​ ​​ ​​​ ​When the lights go off--​ ​​ ​​​ ​Ohhh, lights are OFF.​ ​​ ​​​ ​Oh-ho-hoo!​ ​​ ​​​ ​Top TEEEEEN!​ ​​ ​​​ ​Once they had cleared the sales floor...​ ​​ ​​​ ​Come on, everybody back there.​ ​​ ​​​ ​…and everyone but Colin was all ​ ​​ ​​ ​gathered up.​ ​​ ​​​ ​…and everyone but Colin was all ​ ​​ ​​ ​gathered up.​ ​​ ​​​ ​Hey, you about ready?​ ​​ ​​​ ​Yeah, I'm comin'.​ ​​ ​​​ ​All right.​ ​​ ​​​ ​All right, Colin's about to… ​ ​​ ​​ ​get dressed, I guess.​ ​​ ​​​ ​All right, Colin's about to… ​ ​​ ​​ ​get dressed, I guess.​ ​​ ​​​ ​Everybody get right here.​ ​​ ​​​ ​Shortest to tallest, right here, ​ ​​ ​​ ​starting with Xay.​ ​​ ​​​ ​Shortest to tallest, right here, ​ ​​ ​​ ​starting with Xay.​ ​​ ​​​ ​The coast was now clear​ ​​ ​​​ ​for Colin to come out of the shower​ ​​ ​​​ ​and rush to steal all four burners​ ​​ ​​​ ​before anyone notices ​ ​​ ​​ ​how long he's been gone.​ ​​ ​​​ ​before anyone notices ​ ​​ ​​ ​how long he's been gone.​ ​​ ​​​ ​He quickly stole the burner ​ ​​ ​​ ​the office team left in the open,​ ​​ ​​​ ​He quickly stole the burner ​ ​​ ​​ ​the office team left in the open,​ ​​ ​​​ ​but time is running out.​ ​​ ​​​ ​Is this everybody?​ ​​ ​​​ ​No, Colin-- Colin's--​ ​​ ​​​ ​Colin-- ​ ​​ ​​ ​Colin will get back there.​ ​​ ​​​ ​Colin-- ​ ​​ ​​ ​Colin will get back there.​ ​​ ​​​ ​HURRY UP, COLINNN!​ ​​ ​​​ ​Comin'!!​ ​​ ​​​ ​With two of the burners secured,​ ​​ ​​​ ​he went to steal Juan's next.​ ​​ ​​​ ​But unfortunately,​ ​​ ​​​ ​that was the only burner ​ ​​ ​​ ​they didn't know the exact location of.​ ​​ ​​​ ​that was the only burner ​ ​​ ​​ ​they didn't know the exact location of.​ ​​ ​​​ ​We're missing Colin!​ ​​ ​​​ ​Where's Colin?​ ​​ ​​​ ​Ummm…​ ​​ ​​​ ​Where's Colin?​ ​​ ​​​ ​Goddd… Where is it?​ ​​ ​​​ ​While Colin was struggling ​ ​​ ​​ ​to find the burner,​ ​​ ​​​ ​While Colin was struggling ​ ​​ ​​ ​to find the burner,​ ​​ ​​​ ​the rest of his alliance ​ ​​ ​​ ​were doing their best​ ​​ ​​​ ​the rest of his alliance ​ ​​ ​​ ​were doing their best​ ​​ ​​​ ​to keep everyone distracted.​ ​​ ​​​ ​So what we doing right now? ​ ​​ ​​ ​We're just goin' chill and then wait?​ ​​ ​​​ ​So what we doing right now? ​ ​​ ​​ ​We're just goin' chill and then wait?​ ​​ ​​​ ​Umm… I had something else to say ​ ​​ ​​ ​I can't remember what it was.​ ​​ ​​​ ​Umm… I had something else to say ​ ​​ ​​ ​I can't remember what it was.​ ​​ ​​​ ​He rushed over to the bread aisle​ ​​ ​​​ ​to steal theirs from their hiding spot ​ ​​ ​​ ​on the top shelf.​ ​​ ​​​ ​to steal theirs from their hiding spot ​ ​​ ​​ ​on the top shelf.​ ​​ ​​​ ​And the final step was to ​ ​​ ​​ ​hide all the burners​ ​​ ​​​ ​And the final step was to ​ ​​ ​​ ​hide all the burners​ ​​ ​​​ ​and rush back to the group.​ ​​ ​​​ ​So what are we doing right now?​ ​​ ​​​ ​We're chilling right now.​ ​​ ​​​ ​We're missing Colin!​ ​​ ​​​ ​Where's Colin?​ ​​ ​​​ ​You ready?​ ​​ ​​​ ​Yeah.​ ​​ ​​​ ​And now that Colin was back ​ ​​ ​​ ​with the group,​ ​​ ​​​ ​And now that Colin was back ​ ​​ ​​ ​with the group,​ ​​ ​​​ ​they needed someone to pin ​ ​​ ​​ ​all of the missing burners on.​ ​​ ​​​ ​they needed someone to pin ​ ​​ ​​ ​all of the missing burners on.​ ​​ ​​​ ​Xay, come on.​ ​​ ​​​ ​So, they brought everyone ​ ​​ ​​ ​in the walk-in freezer​ ​​ ​​​ ​So, they brought everyone ​ ​​ ​​ ​in the walk-in freezer​ ​​ ​​​ ​and interviewed them one at a time.​ ​​ ​​​ ​Do you have enough endurance ​ ​​ ​​ ​to be the last one here?​ ​​ ​​​ ​Do you have enough endurance ​ ​​ ​​ ​to be the last one here?​ ​​ ​​​ ​Uhh…​ ​​ ​​​ ​It was crucial that Xavian ​ ​​ ​​ ​got interviewed first.​ ​​ ​​​ ​It was crucial that Xavian ​ ​​ ​​ ​got interviewed first.​ ​​ ​​​ ​Thank you.​ ​​ ​​​ ​So that he would be the ​ ​​ ​​ ​first person back in the store,​ ​​ ​​​ ​So that he would be the ​ ​​ ​​ ​first person back in the store,​ ​​ ​​​ ​where he'd be there long enough ​ ​​ ​​ ​to steal all the burners.​ ​​ ​​​ ​where he'd be there long enough ​ ​​ ​​ ​to steal all the burners.​ ​​ ​​​ ​Well… all but Juan.​ ​​ ​​​ ​I couldn't find Juan's.​ ​​ ​​​ ​Are you SERIOUS? You didn't find it?​ ​​ ​​​ ​Bro, I literally looked eveeerywhere.​ ​​ ​​​ ​Soon after the ceremony, ​ ​​ ​​ ​Eldin noticed their burner was missing.​ ​​ ​​​ ​Soon after the ceremony, ​ ​​ ​​ ​Eldin noticed their burner was missing.​ ​​ ​​​ ​Where's our burner?​ ​​ ​​​ ​Did you not move it?​ ​​ ​​​ ​Nah. Did Gunner take it?​ ​​ ​​​ ​It could be Gunner.​ ​​ ​​​ ​Do we still have our burner?​ ​​ ​​​ ​Juan, do you have your burner?​ ​​ ​​​ ​Yes.​ ​​ ​​​ ​You have it?​ ​​ ​​​ ​You sure?​ ​​ ​​​ ​Yes.​ ​​ ​​​ ​Someone took ours.​ ​​ ​​​ ​Oh, my God.​ ​​ ​​​ ​Ohhh, my God.​ ​​ ​​​ ​And just as planned,​ ​​ ​​​ ​all eyes were on Xavian.​ ​​ ​​​ ​What'd you take?​ ​​ ​​​ ​What do you mean?​ ​​ ​​​ ​We're missing something.​ ​​ ​​​ ​What are y'all missing?​ ​​ ​​​ ​Burners.​ ​​ ​​​ ​Oh, no. I have no idea, actually.​ ​​ ​​​ ​I promise to God.​ ​​ ​​​ ​I literally have been here ​ ​​ ​​ ​this whole time.​ ​​ ​​​ ​I literally have been here ​ ​​ ​​ ​this whole time.​ ​​ ​​​ ​Everybody's burners are gone ​ ​​ ​​ ​except for Juan's.​ ​​ ​​​ ​Everybody's burners are gone ​ ​​ ​​ ​except for Juan's.​ ​​ ​​​ ​I have not taken anybody's burners.​ ​​ ​​​ ​It was seeming like Bryce and Colin's ​ ​​ ​​ ​plan was a success.​ ​​ ​​​ ​It was seeming like Bryce and Colin's ​ ​​ ​​ ​plan was a success.​ ​​ ​​​ ​Because those left out of the plan ​ ​​ ​​ ​had their minds made up.​ ​​ ​​​ ​Because those left out of the plan ​ ​​ ​​ ​had their minds made up.​ ​​ ​​​ ​As you can see, it's taken a lot ​ ​​ ​​ ​to get this far​ ​​ ​​​ ​As you can see, it's taken a lot ​ ​​ ​​ ​to get this far​ ​​ ​​​ ​and to be a part of the Top 10.​ ​​ ​​​ ​Which is why Square, ​ ​​ ​​ ​the sponsor of this video,​ ​​ ​​​ ​Which is why Square, ​ ​​ ​​ ​the sponsor of this video,​ ​​ ​​​ ​has a little surprise for all of you.​ ​​ ​​​ ​Square powers neighborhood businesses ​ ​​ ​​ ​all over the world.​ ​​ ​​​ ​Square powers neighborhood businesses ​ ​​ ​​ ​all over the world.​ ​​ ​​​ ​And so, as a reward ​ ​​ ​​ ​for making it to the Top 10,​ ​​ ​​​ ​And so, as a reward ​ ​​ ​​ ​for making it to the Top 10,​ ​​ ​​​ ​every time one of you ​ ​​ ​​ ​leaves this store,​ ​​ ​​​ ​every time one of you ​ ​​ ​​ ​leaves this store,​ ​​ ​​​ ​you will receive a curated gift box ​ ​​ ​​ ​from neighborhood businesses​ ​​ ​​​ ​you will receive a curated gift box ​ ​​ ​​ ​from neighborhood businesses​ ​​ ​​​ ​that Square and myself support ​ ​​ ​​ ​as well as $5,000 in cash.​ ​​ ​​​ ​that Square and myself support ​ ​​ ​​ ​as well as $5,000 in cash.​ ​​ ​​​ ​You'll not be going home empty-handed ​ ​​ ​​ ​thanks to Square.​ ​​ ​​​ ​You'll not be going home empty-handed ​ ​​ ​​ ​thanks to Square.​ ​​ ​​​ ​Thank you, Square.​ ​​ ​​​ ​Thank you, Squaaaare.​ ​​ ​​​ ​And now that I said that,​ ​​ ​​​ ​do any of you want to leave ​ ​​ ​​ ​and take this offer right now?​ ​​ ​​​ ​do any of you want to leave ​ ​​ ​​ ​and take this offer right now?​ ​​ ​​​ ​I'm ready to leave.​ ​​ ​​​ ​Oh, you're ready to leave?​ ​​ ​​​ ​Yeah.​ ​​ ​​​ ​If you leave, that'll be the last of ​ ​​ ​​ ​the Innovators team.​ ​​ ​​​ ​If you leave, that'll be the last of ​ ​​ ​​ ​the Innovators team.​ ​​ ​​​ ​Does anyone else wanna ​ ​​ ​​ ​leave right now or is it just her?​ ​​ ​​​ ​Does anyone else wanna ​ ​​ ​​ ​leave right now or is it just her?​ ​​ ​​​ ​I will be coming out of here with 250K.​ ​​ ​​​ ​Obviously, Freezy Boys for life. ​ ​​ ​​ ​Shotout to the Freezy Boys.​ ​​ ​​​ ​Obviously, Freezy Boys for life. ​ ​​ ​​ ​Shotout to the Freezy Boys.​ ​​ ​​​ ​I'd love to win, ​ ​​ ​​ ​but if I'm taking a bribe,​ ​​ ​​​ ​I'd love to win, ​ ​​ ​​ ​but if I'm taking a bribe,​ ​​ ​​​ ​I'd love to take a bribe ​ ​​ ​​ ​sooner rather than later.​ ​​ ​​​ ​I'd love to take a bribe ​ ​​ ​​ ​sooner rather than later.​ ​​ ​​​ ​Yeah, I think I'm ready to leave too.​ ​​ ​​​ ​REALLY? Wait, you wanna leave as well?​ ​​ ​​​ ​Yeaahhh.​ ​​ ​​​ ​Chris, NO!​ ​​ ​​​ ​Chriiiis!​ ​​ ​​​ ​I think I'm ready.​ ​​ ​​​ ​Well, boys, take it outside.​ ​​ ​​​ ​And remember, from now on, ​ ​​ ​​ ​anyone that leaves​ ​​ ​​​ ​And remember, from now on, ​ ​​ ​​ ​anyone that leaves​ ​​ ​​​ ​gets all these products ​ ​​ ​​ ​from local businesses.​ ​​ ​​​ ​gets all these products ​ ​​ ​​ ​from local businesses.​ ​​ ​​​ ​And thanks to Square, each of you ​ ​​ ​​ ​will be given $5,000 in cash.​ ​​ ​​​ ​And thanks to Square, each of you ​ ​​ ​​ ​will be given $5,000 in cash.​ ​​ ​​​ ​Ope--​ ​​ ​​​ ​OHH, they're both out!​ ​​ ​​​ ​Oh, my goshhh.​ ​​ ​​​ ​Your family's right around the corner. ​ ​​ ​​ ​You wanna go say hi to 'em?​ ​​ ​​​ ​Your family's right around the corner. ​ ​​ ​​ ​You wanna go say hi to 'em?​ ​​ ​​​ ​WOOOO!!!​ ​​ ​​​ ​Where's your-- ​ ​​ ​​ ​Where's the boys?​ ​​ ​​​ ​Where's your-- ​ ​​ ​​ ​Where's the boys?​ ​​ ​​​ ​Hiiii!​ ​​ ​​​ ​How's it feel to see 'em again?​ ​​ ​​​ ​Amazing.​ ​​ ​​​ ​Awwww, that's so cute.​ ​​ ​​​ ​Thanks for coming out.​ ​​ ​​​ ​Of course.​ ​​ ​​​ ​Take care. Take care.​ ​​ ​​​ ​Thank you so much.​ ​​ ​​​ ​Have fun in the outside world!​ ​​ ​​​ ​Ok. It's me and you. ​ ​​ ​​ ​Did you actually take it?​ ​​ ​​​ ​Ok. It's me and you. ​ ​​ ​​ ​Did you actually take it?​ ​​ ​​​ ​No, I did not take the burners.​ ​​ ​​​ ​Wait, then who took 'em?​ ​​ ​​​ ​Colin was the last person to ​ ​​ ​​ ​walk back there for our ceremony.​ ​​ ​​​ ​Colin was the last person to ​ ​​ ​​ ​walk back there for our ceremony.​ ​​ ​​​ ​Wait, are you implying that ​ ​​ ​​ ​someone set that up​ ​​ ​​​ ​Wait, are you implying that ​ ​​ ​​ ​someone set that up​ ​​ ​​​ ​Yes! Yes.​ ​​ ​​​ ​so they could frame you?​ ​​ ​​​ ​I'm mad that I didn't think of it myself.​ ​​ ​​​ ​Really?​ ​​ ​​​ ​Yes, because it was a pretty smart idea.​ ​​ ​​​ ​With Juan being the only one left ​ ​​ ​​ ​with a burner​ ​​ ​​​ ​With Juan being the only one left ​ ​​ ​​ ​with a burner​ ​​ ​​​ ​and Bryce and Colin's plan ​ ​​ ​​ ​being left unfinished…​ ​​ ​​​ ​and Bryce and Colin's plan ​ ​​ ​​ ​being left unfinished…​ ​​ ​​​ ​…they decided to take advantage ​ ​​ ​​ ​of his burner​ ​​ ​​​ ​…they decided to take advantage ​ ​​ ​​ ​of his burner​ ​​ ​​​ ​in hopes of pushing him ​ ​​ ​​ ​to his breaking point.​ ​​ ​​​ ​in hopes of pushing him ​ ​​ ​​ ​to his breaking point.​ ​​ ​​​ ​Huuhhh?​ ​​ ​​​ ​OK! We can't eat, you can't eat.​ ​​ ​​​ ​Get a box truck ready.​ ​​ ​​​ ​All the food is going out ​ ​​ ​​ ​the store tonight.​ ​​ ​​​ ​All the food is going out ​ ​​ ​​ ​the store tonight.​ ​​ ​​​ ​It's not an if, and, or but. ​ ​​ ​​ ​It's an ultimatum.​ ​​ ​​​ ​It's not an if, and, or but. ​ ​​ ​​ ​It's an ultimatum.​ ​​ ​​​ ​After gathering a secret stash ​ ​​ ​​ ​for themselves, of course…​ ​​ ​​​ ​After gathering a secret stash ​ ​​ ​​ ​for themselves, of course…​ ​​ ​​​ ​I don't wanna look at another ​ ​​ ​​ ​sardine in my life.​ ​​ ​​​ ​I don't wanna look at another ​ ​​ ​​ ​sardine in my life.​ ​​ ​​​ ​…they started getting as much food ​ ​​ ​​ ​out of the store as possible.​ ​​ ​​​ ​…they started getting as much food ​ ​​ ​​ ​out of the store as possible.​ ​​ ​​​ ​And the next day, ​ ​​ ​​ ​Juan was not happy at all.​ ​​ ​​​ ​And the next day, ​ ​​ ​​ ​Juan was not happy at all.​ ​​ ​​​ ​The food is for everybody, no?​ ​​ ​​​ ​Right?​ ​​ ​​​ ​What person would tell someone, ​ ​​ ​​ ​""No more hot meals?""​ ​​ ​​​ ​What person would tell someone, ​ ​​ ​​ ​""No more hot meals?""​ ​​ ​​​ ​Huuhhh?​ ​​ ​​​ ​It's not my fault.​ ​​ ​​​ ​So, the same way ​ ​​ ​​ ​you don't wanna share that,​ ​​ ​​​ ​So, the same way ​ ​​ ​​ ​you don't wanna share that,​ ​​ ​​​ ​we can take all the food and ​ ​​ ​​ ​throw it out the door and donate it.​ ​​ ​​​ ​we can take all the food and ​ ​​ ​​ ​throw it out the door and donate it.​ ​​ ​​​ ​All right.​ ​​ ​​​ ​That's it. Good talk.​ ​​ ​​​ ​But Gunner wanted to take it ​ ​​ ​​ ​one step further,​ ​​ ​​​ ​But Gunner wanted to take it ​ ​​ ​​ ​one step further,​ ​​ ​​​ ​stealing all of Juan's cookware.​ ​​ ​​​ ​Goodbye, pots.​ ​​ ​​​ ​**CRAAAASH**​ ​​ ​​​ ​What are you doing?​ ​​ ​​​ ​No more pots.​ ​​ ​​​ ​Don't do that!​ ​​ ​​​ ​You're going out next.​ ​​ ​​​ ​Don't do that, my friend.​ ​​ ​​​ ​**CRASHHHH**​ ​​ ​​​ ​**CLAAANG**​ ​​ ​​​ ​I asked to use your burners. That's ​ ​​ ​​ ​what we asked.​ ​​ ​​​ ​I asked to use your burners. That's ​ ​​ ​​ ​what we asked.​ ​​ ​​​ ​I don't care. I say NO.​ ​​ ​​​ ​Okay and your pans are GONE!​ ​​ ​​​ ​You understand? You understand?​ ​​ ​​​ ​BIG DEAL.​ ​​ ​​​ ​You understand what I say no?​ ​​ ​​​ ​I'm FIIINE. I can eat all crackers!​ ​​ ​​​ ​Okay--​ ​​ ​​​ ​I can eat all beef jerky!​ ​​ ​​​ ​Go ahead!!​ ​​ ​​​ ​You respect me, I respect you.​ ​​ ​​​ ​I don't respect you at all. ​ ​​ ​​ ​That's the difference.​ ​​ ​​​ ​I don't respect you at all. ​ ​​ ​​ ​That's the difference.​ ​​ ​​​ ​Ok!​ ​​ ​​​ ​And once all the food was gone,​ ​​ ​​​ ​they started just tearing ​ ​​ ​​ ​the store apart.​ ​​ ​​​ ​they started just tearing ​ ​​ ​​ ​the store apart.​ ​​ ​​​ ​**BAAAANG**​ ​​ ​​​ ​**CRASHH**​ ​​ ​​​ ​And after this, it seems Juan ​ ​​ ​​ ​just isolated himself​ ​​ ​​​ ​And after this, it seems Juan ​ ​​ ​​ ​just isolated himself​ ​​ ​​​ ​for the rest of the day.​ ​​ ​​​ ​The entire grocery store​ ​​ ​​​ ​was on the verge​ ​​ ​​​ ​of complete and total anarchy.​ ​​ ​​​ ​**BANG**​ ​​ ​​​ ​And this was Xavian's breaking point.​ ​​ ​​​ ​**BANG**​ ​​ ​​​ ​What's up, guys?​ ​​ ​​​ ​**BANG**​ ​​ ​​​ ​Why don't we wake up?​ ​​ ​​​ ​**BANG**​ ​​ ​​​ ​And smell the roses?​ ​​ ​​​ ​**THUUUDDDdddD**​ ​​ ​​​ ​**BAANG**​ ​​ ​​​ ​What was all that BARK y'all had before???​ ​​ ​​​ ​Bring it BACK. I like that one.​ ​​ ​​​ ​I like that version of y'all better.​ ​​ ​​​ ​And after almost 24 hours of this,​ ​​ ​​​ ​the Dream Team decided ​ ​​ ​​ ​enough is enough.​ ​​ ​​​ ​the Dream Team decided ​ ​​ ​​ ​enough is enough.​ ​​ ​​​ ​Hey, Xay, come here.​ ​​ ​​​ ​I wanna talk to you.​ ​​ ​​​ ​I'm not above a conversation.​ ​​ ​​​ ​Xay, I wanna start off with an apology.​ ​​ ​​​ ​We ain't gotta make it ​ ​​ ​​ ​miserable for each other.​ ​​ ​​​ ​We ain't gotta make it ​ ​​ ​​ ​miserable for each other.​ ​​ ​​​ ​We can hang out.​ ​​ ​​​ ​You know what I mean?​ ​​ ​​​ ​Yeahhh, that's what I wanted!​ ​​ ​​​ ​I wanted just to just chill.​ ​​ ​​​ ​So do you wanna come to ​ ​​ ​​ ​an agreement on this orrrr…?​ ​​ ​​​ ​So do you wanna come to ​ ​​ ​​ ​an agreement on this orrrr…?​ ​​ ​​​ ​No, honestly, I don't.​ ​​ ​​​ ​Imagine you were in my shoes. ​ ​​ ​​ ​You're laying down--​ ​​ ​​​ ​Imagine you were in my shoes. ​ ​​ ​​ ​You're laying down--​ ​​ ​​​ ​I-- I was! I have been!!​ ​​ ​​​ ​Imagine if you were in HIS shoes.​ ​​ ​​​ ​Nah, listen to this. How about this? ​ ​​ ​​ ​'Cuz he did everything first.​ ​​ ​​​ ​Nah, listen to this. How about this? ​ ​​ ​​ ​'Cuz he did everything first.​ ​​ ​​​ ​This is y'all's strategy, ​ ​​ ​​ ​and he just doing it better.​ ​​ ​​​ ​This is y'all's strategy, ​ ​​ ​​ ​and he just doing it better.​ ​​ ​​​ ​Things are heating up,​ ​​ ​​​ ​and I'm about to give them an option​ ​​ ​​​ ​that can make things a lot harder.​ ​​ ​​​ ​Completely up to them! ​ ​​ ​​ ​Let's see what they decide.​ ​​ ​​​ ​Completely up to them! ​ ​​ ​​ ​Let's see what they decide.​ ​​ ​​​ ​Raise your hand-- ​ ​​ ​​ ​And really think about this…​ ​​ ​​​ ​Raise your hand-- ​ ​​ ​​ ​And really think about this…​ ​​ ​​​ ​if you want me to make ​ ​​ ​​ ​this video harder.​ ​​ ​​​ ​if you want me to make ​ ​​ ​​ ​this video harder.​ ​​ ​​​ ​One, two…​ ​​ ​​​ ​Three, four, five.​ ​​ ​​​ ​All right!​ ​​ ​​​ ​Go get the boards.​ ​​ ​​​ ​Copy that!​ ​​ ​​​ ​Throughout this entire challenge,​ ​​ ​​​ ​seeing their loved ones ​ ​​ ​​ ​through the glass​ ​​ ​​​ ​seeing their loved ones ​ ​​ ​​ ​through the glass​ ​​ ​​​ ​has been a major source of encouragement.​ ​​ ​​​ ​So for Day 30…​ ​​ ​​​ ​If you have people ​ ​​ ​​ ​you care about out there,​ ​​ ​​​ ​If you have people ​ ​​ ​​ ​you care about out there,​ ​​ ​​​ ​I would say goodbye ​ ​​ ​​ ​while you still can.​ ​​ ​​​ ​I would say goodbye ​ ​​ ​​ ​while you still can.​ ​​ ​​​ ​Slap those on there.​ ​​ ​​​ ​I'm sorry!!​ ​​ ​​​ ​They voted to make this harder.​ ​​ ​​​ ​Oh, nooooo!​ ​​ ​​​ ​This is the consequence.​ ​​ ​​​ ​You gotta do it again!​ ​​ ​​​ ​AGHH!​ ​​ ​​​ ​I'm so sorry! I'm sorry. I'm sorry…​ ​​ ​​​ ​Aww, that's too cute!! I feel bad now.​ ​​ ​​​ ​Me and Eldin's family has been ​ ​​ ​​ ​coming here every day,​ ​​ ​​​ ​Me and Eldin's family has been ​ ​​ ​​ ​coming here every day,​ ​​ ​​​ ​so, like, it didn't make it harder.​ ​​ ​​​ ​It'll be over soon!!!​ ​​ ​​​ ​Over sooner for some than others.​ ​​ ​​​ ​Ahhh, I'm about to tear up.​ ​​ ​​​ ​Naww, you're good dog.​ ​​ ​​​ ​I feel like I've shown ​ ​​ ​​ ​every aspect of myself.​ ​​ ​​​ ​I feel like I've shown ​ ​​ ​​ ​every aspect of myself.​ ​​ ​​​ ​Like, the good, the bad, the ugly.​ ​​ ​​​ ​And I don't, I don't wanna stay here ​ ​​ ​​ ​to see more of the ugly.​ ​​ ​​​ ​And I don't, I don't wanna stay here ​ ​​ ​​ ​to see more of the ugly.​ ​​ ​​​ ​I hate being that way. ​ ​​ ​​ ​I hate that. I hate thaaat…​ ​​ ​​​ ​I hate being that way. ​ ​​ ​​ ​I hate that. I hate thaaat…​ ​​ ​​​ ​Xavian had made his decision, ​ ​​ ​​ ​but he wasn't going to go peacefully.​ ​​ ​​​ ​Xavian had made his decision, ​ ​​ ​​ ​but he wasn't going to go peacefully.​ ​​ ​​​ ​I wanted to have a better ​ ​​ ​​ ​outgoing than this.​ ​​ ​​​ ​I wanted to have a better ​ ​​ ​​ ​outgoing than this.​ ​​ ​​​ ​So he snuck into the Dream Team's base ​ ​​ ​​ ​and stole all their sleeping bags.​ ​​ ​​​ ​So he snuck into the Dream Team's base ​ ​​ ​​ ​and stole all their sleeping bags.​ ​​ ​​​ ​Hee-heee…​ ​​ ​​​ ​HA HA HAAAH HAHAHA!​ ​​ ​​​ ​BYE!​ ​​ ​​​ ​Goodbye!​ ​​ ​​​ ​Mwahh!​ ​​ ​​​ ​YEESSS! HEH HA!​ ​​ ​​​ ​YOU WILL NEVER BEAT ME!​ ​​ ​​​ ​But Xavian wasn't the only one ​ ​​ ​​ ​leaving tonight.​ ​​ ​​​ ​But Xavian wasn't the only one ​ ​​ ​​ ​leaving tonight.​ ​​ ​​​ ​It's been over a month here, ​ ​​ ​​ ​and I'm ready to be going.​ ​​ ​​​ ​It's been over a month here, ​ ​​ ​​ ​and I'm ready to be going.​ ​​ ​​​ ​G-Frank's out.​ ​​ ​​​ ​Made some memories, ​ ​​ ​​ ​had some fun, but…​ ​​ ​​​ ​Made some memories, ​ ​​ ​​ ​had some fun, but…​ ​​ ​​​ ​I'm ready to roll.​ ​​ ​​​ ​Top 6, BABBYYY!​ ​​ ​​​ ​WOOOoooOOo!​ ​​ ​​​ ​At the end of the day, ​ ​​ ​​ ​the Dream Team's plan worked.​ ​​ ​​​ ​At the end of the day, ​ ​​ ​​ ​the Dream Team's plan worked.​ ​​ ​​​ ​So, they returned the burners.​ ​​ ​​​ ​We got 'em all.​ ​​ ​​​ ​They were able to fish ​ ​​ ​​ ​their sleeping bags back inside.​ ​​ ​​​ ​They were able to fish ​ ​​ ​​ ​their sleeping bags back inside.​ ​​ ​​​ ​Xay, this is another reminder.​ ​​ ​​​ ​Even after you left, ​ ​​ ​​ ​you will still never win.​ ​​ ​​​ ​Even after you left, ​ ​​ ​​ ​you will still never win.​ ​​ ​​​ ​And peace seemed to be restored.​ ​​ ​​​ ​But quickly, the real challenge ​ ​​ ​​ ​settled in.​ ​​ ​​​ ​But quickly, the real challenge ​ ​​ ​​ ​settled in.​ ​​ ​​​ ​Dude, we're reaaalllly bored.​ ​​ ​​​ ​Crippling boredom.​ ​​ ​​​ ​Give us some action here. GOLLY!​ ​​ ​​​ ​The contestants were fighting boredom ​ ​​ ​​ ​with anything they could.​ ​​ ​​​ ​The contestants were fighting boredom ​ ​​ ​​ ​with anything they could.​ ​​ ​​​ ​Like sleeping in...​ ​​ ​​​ ​I woke up at 4 o'clock.​ ​​ ​​​ ​Ain't nothing else to do here but sleep.​ ​​ ​​​ ​I gotta go to sleep until I literally ​ ​​ ​​ ​can't sleep no more.​ ​​ ​​​ ​I gotta go to sleep until I literally ​ ​​ ​​ ​can't sleep no more.​ ​​ ​​​ ​This is how I pass the time.​ ​​ ​​​ ​You wanna go and start moving shelves?​ ​​ ​​​ ​They stayed busy breaking down shelves,​ ​​ ​​​ ​cleaning, and playing games.​ ​​ ​​​ ​Awwhhw!​ ​​ ​​​ ​But despite their best efforts…​ ​​ ​​​ ​**CRAASSSHH**​ ​​ ​​​ ​I'm so good at this.​ ​​ ​​​ ​…at some point, ​ ​​ ​​ ​the boredom became inescapable.​ ​​ ​​​ ​…at some point, ​ ​​ ​​ ​the boredom became inescapable.​ ​​ ​​​ ​Last two weeks, ​ ​​ ​​ ​nothing's really been going on,​ ​​ ​​​ ​Last two weeks, ​ ​​ ​​ ​nothing's really been going on,​ ​​ ​​​ ​and that's what's probably gonna ​ ​​ ​​ ​continue to happen.​ ​​ ​​​ ​and that's what's probably gonna ​ ​​ ​​ ​continue to happen.​ ​​ ​​​ ​Along with the thoughts of ​ ​​ ​​ ​everything they were missing.​ ​​ ​​​ ​Along with the thoughts of ​ ​​ ​​ ​everything they were missing.​ ​​ ​​​ ​I can't believe we've been in ​ ​​ ​​ ​a grocery store for 40 days.​ ​​ ​​​ ​I can't believe we've been in ​ ​​ ​​ ​a grocery store for 40 days.​ ​​ ​​​ ​We haven't seen the outside world. ​ ​​ ​​ ​We haven't gave anybody a hug.​ ​​ ​​​ ​We haven't seen the outside world. ​ ​​ ​​ ​We haven't gave anybody a hug.​ ​​ ​​​ ​I've been here 40 days with him.​ ​​ ​​​ ​He hasn't given me ​ ​​ ​​ ​one single hug, so…​ ​​ ​​​ ​He hasn't given me ​ ​​ ​​ ​one single hug, so…​ ​​ ​​​ ​Do you want one right now?​ ​​ ​​​ ​Ummm…​ ​​ ​​​ ​No.​ ​​ ​​​ ​But no matter how hard it got,​ ​​ ​​​ ​all of them seemed determined ​ ​​ ​​ ​to stay in the challenge.​ ​​ ​​​ ​all of them seemed determined ​ ​​ ​​ ​to stay in the challenge.​ ​​ ​​​ ​There is no plan on how long ​ ​​ ​​ ​we'll be here for​ ​​ ​​​ ​There is no plan on how long ​ ​​ ​​ ​we'll be here for​ ​​ ​​​ ​I guess we can stay here forever.​ ​​ ​​​ ​We're just gonna wait till ​ ​​ ​​ ​MrBeast comes back.​ ​​ ​​​ ​We're just gonna wait till ​ ​​ ​​ ​MrBeast comes back.​ ​​ ​​​ ​Everybody's waiting on MrBeast to come.​ ​​ ​​​ ​Why don't we just TP the whole place?​ ​​ ​​​ ​They've proven that they are willing ​ ​​ ​​ ​to push themselves.​ ​​ ​​​ ​They've proven that they are willing ​ ​​ ​​ ​to push themselves.​ ​​ ​​​ ​So, I think it's time ​ ​​ ​​ ​we give 'em an offer.​ ​​ ​​​ ​So, I think it's time ​ ​​ ​​ ​we give 'em an offer.​ ​​ ​​​ ​It's been a while, BOYS!​ ​​ ​​​ ​Jimmy!​ ​​ ​​​ ​There's a lot more toilet paper ​ ​​ ​​ ​this time around.​ ​​ ​​​ ​There's a lot more toilet paper ​ ​​ ​​ ​this time around.​ ​​ ​​​ ​We got bored.​ ​​ ​​​ ​I need you all to pick a leader.​ ​​ ​​​ ​I'll explain more once you pick one.​ ​​ ​​​ ​Step forward if you wanna be the leader.​ ​​ ​​​ ​Ok, you gotta vote on it.​ ​​ ​​​ ​Anyone else? Ok!​ ​​ ​​​ ​I'll do it as well.​ ​​ ​​​ ​Ooohh!​ ​​ ​​​ ​Juan, you wanna be leader? ​ ​​ ​​ ​Come on over.​ ​​ ​​​ ​Juan, you wanna be leader? ​ ​​ ​​ ​Come on over.​ ​​ ​​​ ​Yeah, I can.​ ​​ ​​​ ​You all get one vote.​ ​​ ​​​ ​Uh, Jackson.​ ​​ ​​​ ​Let's go for Jackson.​ ​​ ​​​ ​You both voting for Jackson?​ ​​ ​​​ ​Who are you voting for?​ ​​ ​​​ ​I got my brother.​ ​​ ​​​ ​Can't vote for yourself.​ ​​ ​​​ ​Juan.​ ​​ ​​​ ​I guess Juan.​ ​​ ​​​ ​Juan, who are you voting for?​ ​​ ​​​ ​You're gonna vote for him?​ ​​ ​​​ ​Yeah.​ ​​ ​​​ ​You're the leader.​ ​​ ​​​ ​Come on in!​ ​​ ​​​ ​I'm convinced you guys are willing ​ ​​ ​​ ​to die in this grocery store,​ ​​ ​​​ ​I'm convinced you guys are willing ​ ​​ ​​ ​to die in this grocery store,​ ​​ ​​​ ​so I think we start incentivizing ​ ​​ ​​ ​people to leave.​ ​​ ​​​ ​so I think we start incentivizing ​ ​​ ​​ ​people to leave.​ ​​ ​​​ ​Here's $50,000.​ ​​ ​​​ ​You cannot take any of this,​ ​​ ​​​ ​but you can offer it to them ​ ​​ ​​ ​in exchange for leaving.​ ​​ ​​​ ​but you can offer it to them ​ ​​ ​​ ​in exchange for leaving.​ ​​ ​​​ ​You could pay one person ​ ​​ ​​ ​50 grand to leave,​ ​​ ​​​ ​You could pay one person ​ ​​ ​​ ​50 grand to leave,​ ​​ ​​​ ​two people 25 grand to leave,​ ​​ ​​​ ​or you could offer ​ ​​ ​​ ​no one any money,​ ​​ ​​​ ​or you could offer ​ ​​ ​​ ​no one any money,​ ​​ ​​​ ​and just push it out the door.​ ​​ ​​​ ​But if no one leaves, ​ ​​ ​​ ​no one gets money.​ ​​ ​​​ ​But if no one leaves, ​ ​​ ​​ ​no one gets money.​ ​​ ​​​ ​I can make this shorter. ​ ​​ ​​ ​I'll leave right now for $50,000.​ ​​ ​​​ ​I can make this shorter. ​ ​​ ​​ ​I'll leave right now for $50,000.​ ​​ ​​​ ​But wait, before you give ​ ​​ ​​ ​the money away,​ ​​ ​​​ ​But wait, before you give ​ ​​ ​​ ​the money away,​ ​​ ​​​ ​you might be able to get ​ ​​ ​​ ​two people out.​ ​​ ​​​ ​you might be able to get ​ ​​ ​​ ​two people out.​ ​​ ​​​ ​Would anybody else wanna leave today?​ ​​ ​​​ ​Juan, what's your number?​ ​​ ​​​ ​Would you leave for 25 grand? No?​ ​​ ​​​ ​Factually, only one person is winning ​ ​​ ​​ ​this quarter of a million dollars.​ ​​ ​​​ ​Factually, only one person is winning ​ ​​ ​​ ​this quarter of a million dollars.​ ​​ ​​​ ​Some of you saying no are just ​ ​​ ​​ ​gonna go home with nothing.​ ​​ ​​​ ​Some of you saying no are just ​ ​​ ​​ ​gonna go home with nothing.​ ​​ ​​​ ​This is craaazy!​ ​​ ​​​ ​This video might go on for years after this.​ ​​ ​​​ ​I'm trying!​ ​​ ​​​ ​Are you comfortable offering 30?​ ​​ ​​​ ​I can go put it up there.​ ​​ ​​​ ​Put that up there.​ ​​ ​​​ ​All right, come on, boys.​ ​​ ​​​ ​The next person to step out wins $30,000.​ ​​ ​​​ ​Plus, the 5,000 from Square.​ ​​ ​​​ ​Cold, hard cash.​ ​​ ​​​ ​It's been an awesome experience ​ ​​ ​​ ​being in the grocery store.​ ​​ ​​​ ​It's been an awesome experience ​ ​​ ​​ ​being in the grocery store.​ ​​ ​​​ ​Real big highs, real low lows.​ ​​ ​​​ ​I'm ready to go. Let's do it.​ ​​ ​​​ ​He's really about to get out?​ ​​ ​​​ ​Have fun.​ ​​ ​​​ ​Ohhh!!​ ​​ ​​​ ​Oh, that feels good!​ ​​ ​​​ ​Yeah just pick up all three crates.​ ​​ ​​​ ​Ohhh, yes!​ ​​ ​​​ ​Take care.​ ​​ ​​​ ​And now five remain.​ ​​ ​​​ ​It's the best day of my life!!​ ​​ ​​​ ​WOOOOHH!​ ​​ ​​​ ​Who can complain with $35,000? ​ ​​ ​​ ​Five from Square.​ ​​ ​​​ ​Who can complain with $35,000? ​ ​​ ​​ ​Five from Square.​ ​​ ​​​ ​I'm just finally ready to go home.​ ​​ ​​​ ​They said no to this money, so​ ​​ ​​​ ​the offer's off the table, boys.​ ​​ ​​​ ​Five people out of 100 left.​ ​​ ​​​ ​Insaaaane, bro.​ ​​ ​​​ ​With only five contestants remaining,​ ​​ ​​​ ​it was obvious that loyalties ​ ​​ ​​ ​were about to be tested.​ ​​ ​​​ ​it was obvious that loyalties ​ ​​ ​​ ​were about to be tested.​ ​​ ​​​ ​I'm gonna keep my alliance ​ ​​ ​​ ​with Colin, for sure.​ ​​ ​​​ ​I'm gonna keep my alliance ​ ​​ ​​ ​with Colin, for sure.​ ​​ ​​​ ​But if it comes down to it, ​ ​​ ​​ ​you know,​ ​​ ​​​ ​But if it comes down to it, ​ ​​ ​​ ​you know,​ ​​ ​​​ ​I can also join up with the brothers.​ ​​ ​​​ ​There's no trusting anybody anymore.​ ​​ ​​​ ​The closest people that you ​ ​​ ​​ ​thought were to you, they aren't.​ ​​ ​​​ ​The closest people that you ​ ​​ ​​ ​thought were to you, they aren't.​ ​​ ​​​ ​Anybody can do anything.​ ​​ ​​​ ​**exhales**​ ​​ ​​​ ​Attention, contestants.​ ​​ ​​​ ​There's a red button in the middle ​ ​​ ​​ ​of the grocery store.​ ​​ ​​​ ​There's a red button in the middle ​ ​​ ​​ ​of the grocery store.​ ​​ ​​​ ​He bring me this.​ ​​ ​​​ ​If you want me to make the video harder,​ ​​ ​​​ ​I just need one of you ​ ​​ ​​ ​to press that red button.​ ​​ ​​​ ​I just need one of you ​ ​​ ​​ ​to press that red button.​ ​​ ​​​ ​That is all I'll say.​ ​​ ​​​ ​How much time do we got?​ ​​ ​​​ ​The button's never leaving.​ ​​ ​​​ ​Awwhh, dude.​ ​​ ​​​ ​You know, we're not doing it.​ ​​ ​​​ ​Yeah, we're not doing this, ​ ​​ ​​ ​that's up to y'all.​ ​​ ​​​ ​Yeah, we're not doing this, ​ ​​ ​​ ​that's up to y'all.​ ​​ ​​​ ​All right. Well…​ ​​ ​​​ ​Let's think about it.​ ​​ ​​​ ​Everyone was hesitant about ​ ​​ ​​ ​pressing the button.​ ​​ ​​​ ​Everyone was hesitant about ​ ​​ ​​ ​pressing the button.​ ​​ ​​​ ​That's scary.​ ​​ ​​​ ​Uh, we need we just need to wait ​ ​​ ​​ ​for, like, a day or two.​ ​​ ​​​ ​Uh, we need we just need to wait ​ ​​ ​​ ​for, like, a day or two.​ ​​ ​​​ ​Well, in my case, ​ ​​ ​​ ​I don't wanna affect nobody.​ ​​ ​​​ ​Well, in my case, ​ ​​ ​​ ​I don't wanna affect nobody.​ ​​ ​​​ ​Well, except for Colin.​ ​​ ​​​ ​I don't know, ​ ​​ ​​ ​I think we should press it.​ ​​ ​​​ ​I don't know, ​ ​​ ​​ ​I think we should press it.​ ​​ ​​​ ​They'll live their whole life in here.​ ​​ ​​​ ​They're-- They're enjoying it.​ ​​ ​​​ ​I think it's best for the three of us ​ ​​ ​​ ​if we press the button.​ ​​ ​​​ ​I think it's best for the three of us ​ ​​ ​​ ​if we press the button.​ ​​ ​​​ ​Yeah…​ ​​ ​​​ ​With Jackson convinced, ​ ​​ ​​ ​there was no going back.​ ​​ ​​​ ​With Jackson convinced, ​ ​​ ​​ ​there was no going back.​ ​​ ​​​ ​Oh, Colin's about to press it.​ ​​ ​​​ ​Hold on. Hold on. Hold on.​ ​​ ​​​ ​Hold on!!​ ​​ ​​​ ​So you guys want it harder in here?​ ​​ ​​​ ​Can the five of you help me figure out ​ ​​ ​​ ​where roughly is the halfway mark?​ ​​ ​​​ ​Can the five of you help me figure out ​ ​​ ​​ ​where roughly is the halfway mark?​ ​​ ​​​ ​Oh, my gosh.​ ​​ ​​​ ​How are we gonna use the bathroom?​ ​​ ​​​ ​Oh, I brought a couple porta-potties.​ ​​ ​​​ ​These beams, these are probably ​ ​​ ​​ ​the halfway mark.​ ​​ ​​​ ​These beams, these are probably ​ ​​ ​​ ​the halfway mark.​ ​​ ​​​ ​No, no, no. I think down there is.​ ​​ ​​​ ​Yeeaahh, okay!​ ​​ ​​​ ​So we'll just, uh…​ ​​ ​​​ ​No, no, no. Not right there.​ ​​ ​​​ ​Uh, we'll just put a line right here.​ ​​ ​​​ ​And while I'm painting this red line,​ ​​ ​​​ ​I'll give you five minutes to grab things ​ ​​ ​​ ​on that side of the store.​ ​​ ​​​ ​I'll give you five minutes to grab things ​ ​​ ​​ ​on that side of the store.​ ​​ ​​​ ​Have fun.​ ​​ ​​​ ​I got the fish. Y'all go right here.​ ​​ ​​​ ​Hey, painters, GET TO WORK!​ ​​ ​​​ ​Let's do it.​ ​​ ​​​ ​Go get a cart. Go get a cart.​ ​​ ​​​ ​We don't need a cart.​ ​​ ​​​ ​I'm comin'!​ ​​ ​​​ ​Wahh hah!​ ​​ ​​​ ​Grab what matters!​ ​​ ​​​ ​Oh, yeah. Good idea!​ ​​ ​​​ ​Get it while you caaan.​ ​​ ​​​ ​Get enough chairs for everybody.​ ​​ ​​​ ​Got everybody's?​ ​​ ​​​ ​Sixty seconds, boys!!​ ​​ ​​​ ​Oh, shh--​ ​​ ​​​ ​Hey, he's loadin' up on cheese!​ ​​ ​​​ ​All that's gonna be out of play VERY soon.​ ​​ ​​​ ​Three, two, one…​ ​​ ​​​ ​That side of the store is now off-limits.​ ​​ ​​​ ​All right, well, uhhh…​ ​​ ​​​ ​I'mma let the painters do their thing, ​ ​​ ​​ ​and, uhh… yeah.​ ​​ ​​​ ​I'mma let the painters do their thing, ​ ​​ ​​ ​and, uhh… yeah.​ ​​ ​​​ ​Ayyyy, ay, AYY!​ ​​ ​​​ ​Bye, Jimmy.​ ​​ ​​​ ​Not only was their space just cut in half,​ ​​ ​​​ ​they lost access to sunlight, ​ ​​ ​​ ​the shower, the bathroom.​ ​​ ​​​ ​they lost access to sunlight, ​ ​​ ​​ ​the shower, the bathroom.​ ​​ ​​​ ​Ohhh, my gosh…​ ​​ ​​​ ​There's Coke Zeroes. ​ ​​ ​​ ​We'll wash dishes with Coke Zeroes.​ ​​ ​​​ ​There's Coke Zeroes. ​ ​​ ​​ ​We'll wash dishes with Coke Zeroes.​ ​​ ​​​ ​How are we gonna brush ​ ​​ ​​ ​our teeth without sink, bro?​ ​​ ​​​ ​How are we gonna brush ​ ​​ ​​ ​our teeth without sink, bro?​ ​​ ​​​ ​We have water. We have toothbrushes.​ ​​ ​​​ ​We have Dasani water. ​ ​​ ​​ ​You go like this…​ ​​ ​​​ ​We have Dasani water. ​ ​​ ​​ ​You go like this…​ ​​ ​​​ ​This is about to be stressful.​ ​​ ​​​ ​Well, it's gone now.​ ​​ ​​​ ​Oh, my God. Jimmy's here.​ ​​ ​​​ ​You wouldn't happen to know ​ ​​ ​​ ​where Colin is, would you?​ ​​ ​​​ ​You wouldn't happen to know ​ ​​ ​​ ​where Colin is, would you?​ ​​ ​​​ ​Last night, not even twelve ​ ​​ ​​ ​hours after I put the line up,​ ​​ ​​​ ​Last night, not even twelve ​ ​​ ​​ ​hours after I put the line up,​ ​​ ​​​ ​Colin made a careless mistake.​ ​​ ​​​ ​Ooooof…​ ​​ ​​​ ​Colin, nooo way.​ ​​ ​​​ ​Jimmy's here.​ ​​ ​​​ ​Knock, knock.​ ​​ ​​​ ​Mr. Colin…​ ​​ ​​​ ​Do you remember rubbing your hand ​ ​​ ​​ ​on the red line over there​ ​​ ​​​ ​Do you remember rubbing your hand ​ ​​ ​​ ​on the red line over there​ ​​ ​​​ ​that I told you if you touched, ​ ​​ ​​ ​you'd be out?​ ​​ ​​​ ​that I told you if you touched, ​ ​​ ​​ ​you'd be out?​ ​​ ​​​ ​shhh… Yeah.​ ​​ ​​​ ​Why'd you do that?​ ​​ ​​​ ​Uhhh...​ ​​ ​​​ ​It was kinda just, like, ​ ​​ ​​ ​heat-of-the-moment kinda thing.​ ​​ ​​​ ​It was kinda just, like, ​ ​​ ​​ ​heat-of-the-moment kinda thing.​ ​​ ​​​ ​I... I literally just put that line up.​ ​​ ​​​ ​Yeah.​ ​​ ​​​ ​Alright, you gotta head out, man.​ ​​ ​​​ ​You're eliminated.​ ​​ ​​​ ​All right.​ ​​ ​​​ ​Well, Colin… It's been fun, bro.​ ​​ ​​​ ​Good one, dude.​ ​​ ​​​ ​Yeah. I got ya, brother.​ ​​ ​​​ ​Take care, boys.​ ​​ ​​​ ​Bye, Colin.​ ​​ ​​​ ​Any last words?​ ​​ ​​​ ​Yeah, you spend 50 days ​ ​​ ​​ ​in a grocery store with one goal,​ ​​ ​​​ ​Yeah, you spend 50 days ​ ​​ ​​ ​in a grocery store with one goal,​ ​​ ​​​ ​to not touch the red line.​ ​​ ​​​ ​Four people left.​ ​​ ​​​ ​We're getting close to ​ ​​ ​​ ​gett'n up outta here.​ ​​ ​​​ ​We're getting close to ​ ​​ ​​ ​gett'n up outta here.​ ​​ ​​​ ​TOOOP O' THE Morning!​ ​​ ​​​ ​How's everybody doing todaaay?​ ​​ ​​​ ​We have something very fun. ​ ​​ ​​ ​We're gonna be donating your food.​ ​​ ​​​ ​We have something very fun. ​ ​​ ​​ ​We're gonna be donating your food.​ ​​ ​​​ ​Everything that's across ​ ​​ ​​ ​the red line, we're taking.​ ​​ ​​​ ​Everything that's across ​ ​​ ​​ ​the red line, we're taking.​ ​​ ​​​ ​The dairy products, cheese.​ ​​ ​​​ ​This is a great thing that we're gonna ​ ​​ ​​ ​be able to do, to help some people out.​ ​​ ​​​ ​This is a great thing that we're gonna ​ ​​ ​​ ​be able to do, to help some people out.​ ​​ ​​​ ​This is going to help over ​ ​​ ​​ ​10,000 people in need.​ ​​ ​​​ ​This is going to help over ​ ​​ ​​ ​10,000 people in need.​ ​​ ​​​ ​Despite losing their food, the contestants ​ ​​ ​​ ​had started adjusting to their new space.​ ​​ ​​​ ​Despite losing their food, the contestants ​ ​​ ​​ ​had started adjusting to their new space.​ ​​ ​​​ ​We had a shower, until the red line.​ ​​ ​​​ ​Reyhan had a great idea, finding us ​ ​​ ​​ ​water from the produce section.​ ​​ ​​​ ​Reyhan had a great idea, finding us ​ ​​ ​​ ​water from the produce section.​ ​​ ​​​ ​I called Juan over, and me and him ​ ​​ ​​ ​tore all of this apart.​ ​​ ​​​ ​I called Juan over, and me and him ​ ​​ ​​ ​tore all of this apart.​ ​​ ​​​ ​Now we have fresh water.​ ​​ ​​​ ​Coming from the liiiine.​ ​​ ​​​ ​So the boys have a shower.​ ​​ ​​​ ​You have your bucket of water, ​ ​​ ​​ ​and you bathe yourself.​ ​​ ​​​ ​You have your bucket of water, ​ ​​ ​​ ​and you bathe yourself.​ ​​ ​​​ ​So, slide this.​ ​​ ​​​ ​Oh, where'd you go?​ ​​ ​​​ ​Can't see nothin'!​ ​​ ​​​ ​You're fresh.​ ​​ ​​​ ​You look good.​ ​​ ​​​ ​I happy, today.​ ​​ ​​​ ​But their morale boost ​ ​​ ​​ ​from the new shower, was short-lived.​ ​​ ​​​ ​But their morale boost ​ ​​ ​​ ​from the new shower, was short-lived.​ ​​ ​​​ ​Somebody's coming.​ ​​ ​​​ ​Nooo way, dude.​ ​​ ​​​ ​Oh, my Goood.​ ​​ ​​​ ​Sooo, as you boys can see,​ ​​ ​​​ ​there seems to be ​ ​​ ​​ ​a giant red button on the floor.​ ​​ ​​​ ​there seems to be ​ ​​ ​​ ​a giant red button on the floor.​ ​​ ​​​ ​Is it now that we click it ​ ​​ ​​ ​and it gets easier?​ ​​ ​​​ ​Is it now that we click it ​ ​​ ​​ ​and it gets easier?​ ​​ ​​​ ​If you want to press the button ​ ​​ ​​ ​and find out,​ ​​ ​​​ ​If you want to press the button ​ ​​ ​​ ​and find out,​ ​​ ​​​ ​you're more than welcome to.​ ​​ ​​​ ​We're not gonna press it.​ ​​ ​​​ ​No...​ ​​ ​​​ ​Everyone seemed to agree ​ ​​ ​​ ​that they shouldn't touch the button.​ ​​ ​​​ ​Everyone seemed to agree ​ ​​ ​​ ​that they shouldn't touch the button.​ ​​ ​​​ ​I'm not pressing that button anytime soon. ​ ​​ ​​ ​I don't think anybody is.​ ​​ ​​​ ​I'm not pressing that button anytime soon. ​ ​​ ​​ ​I don't think anybody is.​ ​​ ​​​ ​Yeah, that button is definitely cursed.​ ​​ ​​​ ​Y'all are probably wondering, how have ​ ​​ ​​ ​you been in a grocery store for 50+ days?​ ​​ ​​​ ​Y'all are probably wondering, how have ​ ​​ ​​ ​you been in a grocery store for 50+ days?​ ​​ ​​​ ​I've been working out, making food, ​ ​​ ​​ ​and making friends.​ ​​ ​​​ ​I've been working out, making food, ​ ​​ ​​ ​and making friends.​ ​​ ​​​ ​POW! Oh-ho-hooo!​ ​​ ​​​ ​Let's gooo.​ ​​ ​​​ ​And that's how it is. ​ ​​ ​​ ​Look at us now.​ ​​ ​​​ ​And that's how it is. ​ ​​ ​​ ​Look at us now.​ ​​ ​​​ ​Top four...​ ​​ ​​​ ​OH, my God.​ ​​ ​​​ ​This is what it's all about, guys.​ ​​ ​​​ ​Chilling and friendly competition.​ ​​ ​​​ ​We're having a blast out here, guys. ​ ​​ ​​ ​Like my childhood all over again.​ ​​ ​​​ ​We're having a blast out here, guys. ​ ​​ ​​ ​Like my childhood all over again.​ ​​ ​​​ ​YOO! Been two weeks, boys.​ ​​ ​​​ ​Hey!​ ​​ ​​​ ​Jimmy!​ ​​ ​​​ ​Did you miss me?​ ​​ ​​​ ​Yes, I did.​ ​​ ​​​ ​If I were going to put ​ ​​ ​​ ​a soccer goal in here,​ ​​ ​​​ ​If I were going to put ​ ​​ ​​ ​a soccer goal in here,​ ​​ ​​​ ​where would that go?​ ​​ ​​​ ​Maybe there?​ ​​ ​​​ ​Over there?​ ​​ ​​​ ​Bring in the soccer goal!​ ​​ ​​​ ​OKAY! I hope you guys are ready ​ ​​ ​​ ​for a challenge.​ ​​ ​​​ ​OKAY! I hope you guys are ready ​ ​​ ​​ ​for a challenge.​ ​​ ​​​ ​Coca-Cola wanted me to give each ​ ​​ ​​ ​of you a chance to win tickets​ ​​ ​​​ ​Coca-Cola wanted me to give each ​ ​​ ​​ ​of you a chance to win tickets​ ​​ ​​​ ​to the 2026 FIFA World Cup.​ ​​ ​​​ ​Oh-ho-hooo!​ ​​ ​​​ ​All you have to do to win ​ ​​ ​​ ​it is score a goal on Majd.​ ​​ ​​​ ​All you have to do to win ​ ​​ ​​ ​it is score a goal on Majd.​ ​​ ​​​ ​I'm the best goalkeeper in the nation.​ ​​ ​​​ ​Don't you remember when you covered up ​ ​​ ​​ ​his kid in the windows?​ ​​ ​​​ ​Don't you remember when you covered up ​ ​​ ​​ ​his kid in the windows?​ ​​ ​​​ ​I'm SO sorry. I'm sorry. I'm sorryyyy.​ ​​ ​​​ ​Hah hah haa haaa ha!​ ​​ ​​​ ​Oh, man...​ ​​ ​​​ ​What's cool about the 20oz Coke ​ ​​ ​​ ​is you can peel off the label​ ​​ ​​​ ​What's cool about the 20oz Coke ​ ​​ ​​ ​is you can peel off the label​ ​​ ​​​ ​and see if you can collect all twelve ​ ​​ ​​ ​Panini limited edition stickers​ ​​ ​​​ ​and see if you can collect all twelve ​ ​​ ​​ ​Panini limited edition stickers​ ​​ ​​​ ​featuring 12 of the best soccer ​ ​​ ​​ ​players in the world.​ ​​ ​​​ ​featuring 12 of the best soccer ​ ​​ ​​ ​players in the world.​ ​​ ​​​ ​All right, who wants to kick first?​ ​​ ​​​ ​I'll go first.​ ​​ ​​​ ​All right. Come on, Jackson. ​ ​​ ​​ ​Let's see it.​ ​​ ​​​ ​All right. Come on, Jackson. ​ ​​ ​​ ​Let's see it.​ ​​ ​​​ ​Here's my ticket...​ ​​ ​​​ ​I'll hold it.​ ​​ ​​​ ​Will he win a ticket?​ ​​ ​​​ ​Woah!​ ​​ ​​​ ​Let's goooo!​ ​​ ​​​ ​I thought I saved that one!​ ​​ ​​​ ​Jackson is officially going to ​ ​​ ​​ ​the FIFA World Cup.​ ​​ ​​​ ​Jackson is officially going to ​ ​​ ​​ ​the FIFA World Cup.​ ​​ ​​​ ​And if you want to be like them, ​ ​​ ​​ ​grab a 20oz Coke,​ ​​ ​​​ ​And if you want to be like them, ​ ​​ ​​ ​grab a 20oz Coke,​ ​​ ​​​ ​and see if you can collect all ​ ​​ ​​ ​12 Panini limited-edition stickers--​ ​​ ​​​ ​and see if you can collect all ​ ​​ ​​ ​12 Panini limited-edition stickers--​ ​​ ​​​ ​OH!​ ​​ ​​​ ​Oh no…​ ​​ ​​​ ​There's too much mustard there.​ ​​ ​​​ ​Let me take that from you. ​ ​​ ​​ ​Let me...​ ​​ ​​​ ​Let me take that from you. ​ ​​ ​​ ​Let me...​ ​​ ​​​ ​Lemme just…​ ​​ ​​​ ​I could've just put that in my car.​ ​​ ​​​ ​You don't have to--​ ​​ ​​​ ​Yep, it's gone.​ ​​ ​​​ ​Even if he wins this ticket, ​ ​​ ​​ ​he might still be in here​ ​​ ​​​ ​Even if he wins this ticket, ​ ​​ ​​ ​he might still be in here​ ​​ ​​​ ​when the FIFA World Cup ​ ​​ ​​ ​comes around.​ ​​ ​​​ ​when the FIFA World Cup ​ ​​ ​​ ​comes around.​ ​​ ​​​ ​That is a good point actually.​ ​​ ​​​ ​Is he winning it?​ ​​ ​​​ ​Ooohhhh!​ ​​ ​​​ ​Let's goooo!!!​ ​​ ​​​ ​Let's goOOoo!​ ​​ ​​​ ​Oh-ho...​ ​​ ​​​ ​There you go!!​ ​​ ​​​ ​Let's goooo!​ ​​ ​​​ ​All right, you're going without ​ ​​ ​​ ​your brother to the FIFA World Cup.​ ​​ ​​​ ​All right, you're going without ​ ​​ ​​ ​your brother to the FIFA World Cup.​ ​​ ​​​ ​And now, it is Juan's turn.​ ​​ ​​​ ​JUAN! JUAN! JUAN! JUAN!​ ​​ ​​​ ​JUAN! JUAN!​ ​​ ​​​ ​JUAN! JUAN! JUAN! JUAN!​ ​​ ​​​ ​Yeaaahhhhh!​ ​​ ​​​ ​Let's go, Juan.​ ​​ ​​​ ​Congrats on the FIFA World Cup!​ ​​ ​​​ ​Minus, you know, one of them.​ ​​ ​​​ ​And for everyone else, ​ ​​ ​​ ​don't forget to peel the label off​ ​​ ​​​ ​And for everyone else, ​ ​​ ​​ ​don't forget to peel the label off​ ​​ ​​​ ​your next 20oz Coke,​ ​​ ​​​ ​to collect Panini limited-edition stickers,​ ​​ ​​​ ​featuring 12 of the best ​ ​​ ​​ ​soccer players in the world.​ ​​ ​​​ ​featuring 12 of the best ​ ​​ ​​ ​soccer players in the world.​ ​​ ​​​ ​You're not pressing the button.​ ​​ ​​​ ​You're not making this harder ​ ​​ ​​ ​on each other.​ ​​ ​​​ ​You're not making this harder ​ ​​ ​​ ​on each other.​ ​​ ​​​ ​How long you guys got?​ ​​ ​​​ ​We're chilling. ​ ​​ ​​ ​We're having a good time.​ ​​ ​​​ ​We're chilling. ​ ​​ ​​ ​We're having a good time.​ ​​ ​​​ ​We're all together every single day.​ ​​ ​​​ ​We're playing cornhole. ​ ​​ ​​ ​We're playing volleyball.​ ​​ ​​​ ​We're playing cornhole. ​ ​​ ​​ ​We're playing volleyball.​ ​​ ​​​ ​We're playing RC cars.​ ​​ ​​​ ​No one wants to make it harder?​ ​​ ​​​ ​No--​ ​​ ​​​ ​No.​ ​​ ​​​ ​Nahh, we're good.​ ​​ ​​​ ​I guess I'll see you guys in a week ​ ​​ ​​ ​for a million-dollar decision.​ ​​ ​​​ ​I guess I'll see you guys in a week ​ ​​ ​​ ​for a million-dollar decision.​ ​​ ​​​ ​Ooooh-ho-ho-hoo!​ ​​ ​​​ ​What does that meeaaan?​ ​​ ​​​ ​I don't know.​ ​​ ​​​ ​What is THAT?​ ​​ ​​​ ​I'm exciteeed!!!​ ​​ ​​​ ​Yeah, I'm excited too.​ ​​ ​​​ ​Jimmy dropped the million-dollar ​ ​​ ​​ ​decision next week.​ ​​ ​​​ ​Jimmy dropped the million-dollar ​ ​​ ​​ ​decision next week.​ ​​ ​​​ ​WHAAAAT?​ ​​ ​​​ ​What do you mean?​ ​​ ​​​ ​What does that mean?​ ​​ ​​​ ​Ugh! A million dollars is...​ ​​ ​​​ ​is a lot... a lot of money.​ ​​ ​​​ ​Over the next week,​ ​​ ​​​ ​the reality of leaving this grocery store ​ ​​ ​​ ​with life-changing money​ ​​ ​​​ ​the reality of leaving this grocery store ​ ​​ ​​ ​with life-changing money​ ​​ ​​​ ​was setting in for all of them.​ ​​ ​​​ ​For a million dollars, people are ​ ​​ ​​ ​gonna do some crazy stuff.​ ​​ ​​​ ​For a million dollars, people are ​ ​​ ​​ ​gonna do some crazy stuff.​ ​​ ​​​ ​I mean I'm gonna do ​ ​​ ​​ ​some pretty crazy stuff.​ ​​ ​​​ ​I mean I'm gonna do ​ ​​ ​​ ​some pretty crazy stuff.​ ​​ ​​​ ​I know, but it's a million...​ ​​ ​​​ ​If I were to win this money,​ ​​ ​​​ ​I would love to take it and ​ ​​ ​​ ​give back to the community.​ ​​ ​​​ ​I would love to take it and ​ ​​ ​​ ​give back to the community.​ ​​ ​​​ ​Despite the pressure of this decision,​ ​​ ​​​ ​the guys went out of their way​ ​​ ​​​ ​to do something nice ​ ​​ ​​ ​for Juan on his birthday.​ ​​ ​​​ ​to do something nice ​ ​​ ​​ ​for Juan on his birthday.​ ​​ ​​​ ​We have his cake made.​ ​​ ​​​ ​We have the Pin the Tail ​ ​​ ​​ ​on the Donkey made.​ ​​ ​​​ ​We have the Pin the Tail ​ ​​ ​​ ​on the Donkey made.​ ​​ ​​​ ​We have his piñata made.​ ​​ ​​​ ​Let's make this man the best birthday ​ ​​ ​​ ​that he's ever had.​ ​​ ​​​ ​Let's make this man the best birthday ​ ​​ ​​ ​that he's ever had.​ ​​ ​​​ ​All right, go get him.​ ​​ ​​​ ​Juan, come here. ​ ​​ ​​ ​I gotta show you somethin'!​ ​​ ​​​ ​Juan, come here. ​ ​​ ​​ ​I gotta show you somethin'!​ ​​ ​​​ ​Come here.​ ​​ ​​​ ​♪ Happy birthday to you. ♪​ ​​ ​​​ ​♪ Happy birthday, dear Juaaaaannnn. ♪​ ​​ ​​​ ​♪ Happy birthday to youuu. ♪​ ​​ ​​​ ​Ayyyyeee!!!​ ​​ ​​​ ​YAYYYY!!​ ​​ ​​​ ​We're gonna eat this after. ​ ​​ ​​ ​We got some surprises for you.​ ​​ ​​​ ​We're gonna eat this after. ​ ​​ ​​ ​We got some surprises for you.​ ​​ ​​​ ​Oh, we got the piñataaaa.​ ​​ ​​​ ​Give it a whack!​ ​​ ​​​ ​Aye-hey heyyyy!!​ ​​ ​​​ ​So Juan broke the piñata,​ ​​ ​​​ ​and now he's playing his ​ ​​ ​​ ​Pin the Tail game.​ ​​ ​​​ ​and now he's playing his ​ ​​ ​​ ​Pin the Tail game.​ ​​ ​​​ ​OHHH ho-hoooo!​ ​​ ​​​ ​Ha-haaa! So close.​ ​​ ​​​ ​We love you too, Juan.​ ​​ ​​​ ​We love you too, dude.​ ​​ ​​​ ​Juan's birthday made for ​ ​​ ​​ ​a nice distraction,​ ​​ ​​​ ​Juan's birthday made for ​ ​​ ​​ ​a nice distraction,​ ​​ ​​​ ​but the million dollars was still ​ ​​ ​​ ​all they could think about.​ ​​ ​​​ ​but the million dollars was still ​ ​​ ​​ ​all they could think about.​ ​​ ​​​ ​A million-dollar decision.​ ​​ ​​​ ​A million-dollar deal, dude.​ ​​ ​​​ ​I just hope we end out on top.​ ​​ ​​​ ​And on Day 67, it was time for them to ​ ​​ ​​ ​find out what I had in store.​ ​​ ​​​ ​And on Day 67, it was time for them to ​ ​​ ​​ ​find out what I had in store.​ ​​ ​​​ ​BOYS!​ ​​ ​​​ ​Jimmyyyyy!​ ​​ ​​​ ​What's going on?​ ​​ ​​​ ​This entire video, you've been ​ ​​ ​​ ​competing for $250,000.​ ​​ ​​​ ​This entire video, you've been ​ ​​ ​​ ​competing for $250,000.​ ​​ ​​​ ​Would you like to compete for ​ ​​ ​​ ​a million dollars instead of 250K?​ ​​ ​​​ ​Would you like to compete for ​ ​​ ​​ ​a million dollars instead of 250K?​ ​​ ​​​ ​Whoa-ho-ho-hooooo…​ ​​ ​​​ ​BOYS, bring it on in!​ ​​ ​​​ ​If you don't mind, just speed it ​ ​​ ​​ ​up a little bit.​ ​​ ​​​ ​If you don't mind, just speed it ​ ​​ ​​ ​up a little bit.​ ​​ ​​​ ​It's a lotta money.​ ​​ ​​​ ​There is now a MILLION dollars in ​ ​​ ​​ ​front of you.​ ​​ ​​​ ​There is now a MILLION dollars in ​ ​​ ​​ ​front of you.​ ​​ ​​​ ​If you guys decide ​ ​​ ​​ ​to change this video​ ​​ ​​​ ​If you guys decide ​ ​​ ​​ ​to change this video​ ​​ ​​​ ​from a last-to-leave the grocery store​ ​​ ​​​ ​to letting me restock it and ​ ​​ ​​ ​eating everything in the grocery store,​ ​​ ​​​ ​to letting me restock it and ​ ​​ ​​ ​eating everything in the grocery store,​ ​​ ​​​ ​wins one million dollars.​ ​​ ​​​ ​Jax doesn't want to get fat. ​ ​​ ​​ ​Reyhan doesn't want to get fat.​ ​​ ​​​ ​Jax doesn't want to get fat. ​ ​​ ​​ ​Reyhan doesn't want to get fat.​ ​​ ​​​ ​Ohh- I'm glad you brought that up.​ ​​ ​​​ ​That's why we'd also build ​ ​​ ​​ ​a gym in the back and​ ​​ ​​​ ​That's why we'd also build ​ ​​ ​​ ​a gym in the back and​ ​​ ​​​ ​give you guys your very own ​ ​​ ​​ ​nutritionist and personal trainer.​ ​​ ​​​ ​give you guys your very own ​ ​​ ​​ ​nutritionist and personal trainer.​ ​​ ​​​ ​Ohh, my gosh…​ ​​ ​​​ ​What if I also told you ​ ​​ ​​ ​we'd build you beds?​ ​​ ​​​ ​What if I also told you ​ ​​ ​​ ​we'd build you beds?​ ​​ ​​​ ​Give you showers?​ ​​ ​​​ ​Make it a lot more enjoyable?​ ​​ ​​​ ​Wooow…​ ​​ ​​​ ​I mean, what's kind of making this ​ ​​ ​​ ​hard for you?​ ​​ ​​​ ​I mean, what's kind of making this ​ ​​ ​​ ​hard for you?​ ​​ ​​​ ​A wife and two kids.​ ​​ ​​​ ​Okay, that's a lot.​ ​​ ​​​ ​It's a big decision.​ ​​ ​​​ ​This opportunity will never form ever again,​ ​​ ​​​ ​to have this much money ​ ​​ ​​ ​in front of us.​ ​​ ​​​ ​to have this much money ​ ​​ ​​ ​in front of us.​ ​​ ​​​ ​I knew it was not gonna be ​ ​​ ​​ ​that easy, though.​ ​​ ​​​ ​I knew it was not gonna be ​ ​​ ​​ ​that easy, though.​ ​​ ​​​ ​You can stay?​ ​​ ​​​ ​Oh, I wouldn't even stress that if I ​ ​​ ​​ ​were you.​ ​​ ​​​ ​Oh, I wouldn't even stress that if I ​ ​​ ​​ ​were you.​ ​​ ​​​ ​You're gonna have help.​ ​​ ​​​ ​You'll have trainer. ​ ​​ ​​ ​You'll have gym.​ ​​ ​​​ ​You'll have trainer. ​ ​​ ​​ ​You'll have gym.​ ​​ ​​​ ​Am I restocking this store, ​ ​​ ​​ ​quadrupling the prize pool,​ ​​ ​​​ ​Am I restocking this store, ​ ​​ ​​ ​quadrupling the prize pool,​ ​​ ​​​ ​and turning you guys ​ ​​ ​​ ​from enemies into teammates?​ ​​ ​​​ ​and turning you guys ​ ​​ ​​ ​from enemies into teammates?​ ​​ ​​​ ​Jackson… yes or no?​ ​​ ​​​ ​Stock the store.​ ​​ ​​​ ​Stock the store!​ ​​ ​​​ ​Juan?​ ​​ ​​​ ​Stay in the store.​ ​​ ​​​ ​Stock it, dude.​ ​​ ​​​ ​Stock it?​ ​​ ​​​ ​Stock it up, brother.​ ​​ ​​​ ​OH, MY GOSH!​ ​​ ​​​ ​Ok! This video is over.​ ​​ ​​​ ​The prize pool is now a MILLION dollars.​ ​​ ​​​ ​RESTOCK THE STORE!!!​ ​​ ​​​ ​One million dollars if they ​ ​​ ​​ ​eat everything in this store.​ ​​ ​​​ ​One million dollars if they ​ ​​ ​​ ​eat everything in this store.​ ​​ ​​​ ​See ya in a year.​ ​​",0.02348002640883313,0.2889253138178678,14,Video,10
TDv56whosPQ,"Survive 100 Days In Prison, Win $500,000",20250816,@MrBeast,MrBeast,2375,False,156532943,3141483,43000,https://i.ytimg.com/vi_webp/TDv56whosPQ/maxresdefault.webp,https://www.youtube.com/watch?v=TDv56whosPQ,"I did not expect them to do that lol
Get your hands on the new MrBeast Lab Hybrids here:
https://www.moosetoys.com/brands/mr-beast-lab ad MooseToysPartner


New Merch - https://mrbeast.store

Check out Viewstats! - https://www.viewstats.com/

SUBSCRIBE OR I TAKE YOUR DOG
╔═╦╗╔╦╗╔═╦═╦╦╦╦╗╔═╗
║╚╣║║║╚╣╚╣╔╣╔╣║╚╣═╣ 
╠╗║╚╝║║╠╗║╚╣║║║║║═╣
╚═╩══╩═╩═╩═╩╝╚╩═╩═╝

For any questions or inquiries regarding this video, please reach out to chucky@mrbeastbusiness.com

Music Provided by https://www.extrememusic.com

----------------------------------------------------------------
follow all of these or i will kick you
• Facebook - https://www.facebook.com/MrBeast/
• Twitter - https://twitter.com/MrBeast
•  Instagram - https://www.instagram.com/mrbeast
•  Im Hiring! - https://www.mrbeastjobs.com/
--------------------------------------------------------------------","I built this maximum security prison, and if this cop and this criminal survive 100 days together, I will give them half a million dollars. - What's going on? - Nice to officially meet you. - Nice to meet you. Lenny. - Ian. You guys want to be uncuffed? That'd be great. Now that that's out the way… At any point over the next 100 days, if either of you decide to leave, you’ll both get nothing. Have you guys ever seen $500,000 in real life? Never. Well, I owed a half a million when I got out of prison. Does that count? How long were you a cop? 17 years. How long were you a… …criminal? 3 years in federal prison. How do these compare to the prison you were in? These are a little thicker. And we have a pillow. You didn't get a pillow when you're in prison? They don't give you a pillow. Well aside from the pillow, this prison is a 1:1 replica of what an actual prison would be like. Dude, he's got the real prison toilet. Wow. We’re gonna feed you guys 3 times a day, we’re gonna cut the lights off at the same time every night, and we’re gonna give you a wake-up call every morning. Good luck. They really made this like prison. These seats are cold. - Uncomfortable! - Cold. Hard. As always, we have a ton of cameras monitoring their every move. They're listening to everything that we're saying, so anything that we say… They're gonna get ideas. Today was the first time that this cop and this criminal have ever met. And we didn't know it yet, but over the course of this video, Ian and Lenny quickly became enemies. There's gonna be stealing… I'm now the smuggling convict. Fights… So because I'm not religious, it's an issue. Whoa, I didn’t say that. We're gonna need an EMT! And even betrayal. You’re Lenny, the snitch. This is brutal. Will they make it the entire 100 days or will one of them screw the other? All I want to do is go home with all the money, and if I have to strangle a cop, so be it. - Dibs on bottom bunk. - Nah, I'm taking the bottom bunk. Whatever, old man. In prison, it goes by the elder respect. So whoever's older gets to decide first. What if he snores at night? I do. Good night. Hey, what about a warning? All right, criminal. Get some rest. Good morning. It is way too early. The stupid cop was snoring all night. Your snoring kept me up. - It did? - Yeah. So I think it's like, judging by the sky, like maybe 6 or 7 a.m. right now? The first night. Jimmy, I gotta say, that really did feel like prison. The most important question: What were you locked up for? Fraud and money laundering. So I start lying, borrowing money from this person to pay this person, lost everyone's money. But the problem became I lied about the losses. So I ended up with $500,000 of debt… Which coincidentally is the same amount of money they could win in this video. Meal time. Guys, we got our first meal in prison right here. This actually looks better than prison. Ian the criminal seems to be right at home here. It's actually pretty cozy down here. While Lenny the cop is fighting to adapt to prison life. I've locked people up my whole life, so it's weird to be on the other end of it. Them telling me what time I gotta go to sleep, what time I’m gonna be waking up, and what time I'm going to be eating. Like, that’s a wild, crazy adjustment for me. Good morning. Ian and Lenny’s relationship was off to a bit of a rocky start. I think I might sleep on the floor for the snoring. Bro, it’s so annoying. I have officially moved my bed, and hopefully it will deflect Mr. Lenny's snoring. Even with the tension between them and Ian's lack of sleep, the cop and criminal had to do something to cure their boredom. They worked together to create a basketball hoop with their bed frame… This is a dope idea. And even utilized it as a pull up bar. I was not athletic my first prison go around, so I'm making it up my second one. There we go. It was clear that they wanted some workout equipment. I'm tryna turn a jail body into a beach body. And as usual, I had something for them on day 10 that might help them out. Officer Beast reporting. Officer Beast reporting for duty! Let's see how our prisoners are doing. How's it going, boys? Warden Jimmy! I see you dismantled the bed here. Well, I'm living with Snorlax over here. Snorlax? What, you snore? Apparently, but I don't believe it. What do you think the day 10 offer is? - Personal chef, a library… - A book. What if it was none of the above? Follow me, boys. This locked door is the first of many restricted areas that I will reveal throughout the course of this video. Guards! Unlock the door. East wing unlocked. Right this way. Welcome to the prison yard! Out here, you'll have everything you need to stay fit for the next 90 days. Let's go. For 1 hour a day you'll have access to a pull-up bar, a basketball goal. Just soak it in. This would make time go by so much faster. Oh, it feels great seeing the sun. Are you ready to hear the offer? - Yes, we are. - Yes. Alright, come on in. Unlock the interrogation room. Area unlocked. Alright, come on in. Have a seat. Alright. Now that you're in separate rooms with no ability to communicate with each other, the day 10 offer is… If you guys want the recreational area, it's gonna cost you $50,000 of your prize pool. If you both accept it, it's yours for 50 grand. But where this gets interesting is if one of you accept it and the other doesn’t, you still pay the 50 grand for the prize pool, but only one of you gets access to it for the rest of the video. This is not what I was expecting. You've had 10 days in this prison to get to know each other, but can you predict what the other person will choose? Oh, my goodness… It's a big decision because this affects the next 90 days. I'm tired of lookin’ like the bad guy in life. You know what the good guy would do, but being the good guy for 90 days kinda sucks. I wanna cry. Alright, you've both made your decisions. They have no idea what each other chose. Want to kick us off? I said yes. I haven't told him what you chose yet. I said yes. My view on the money aspect has changed drastically. I'm willing to spend money to live more comfortably, to get through this time here. Who knows? You might not make it to the end if we pass up the things that could make our situation more comfortable. Some money is better than no money. That's the way that I see it. Good morning. It was crazy to see that an hour a day of recreation time made them feel like they could stay here for 100 days. Wow. Freedom, baby. Definitely worth the 50K. 50 grand well spent. Over the next couple of days, they took full advantage of everything the yard had to offer. Gonna come out of here looking like savages. For now, it seemed like the rec yard allowed them to tolerate each other enough to survive. But there were some things about this challenge that they didn't handle so well… because I built this set to be just like a real prison. And we all know prison food is not that good. This is Warden Jimmy’s version of meatloaf. Like a frozen burger, probably defrosted with some gravy on it. This food is absolute butt cheeks. I had no idea the people I arrested were eating this. I really don't know how much longer I can eat this. I would not wish this upon my worst enemy, what's goin’ on right now. And that's why, on day 20, I had the perfect thing for them. Are you ready for the day 20 offer? - Yes. Let's go. - Yes. One of you is gonna have to make the decision for both of you. Which one of you wants to make the decision that both of you will have to live with? Alright, I'll just let you rock with it. Ok. Oh, really? You trust him that much? - Course he does. - Yeah. We talk a lot. Ok. Let's go. Kitchen unlocked. Come on in. Wow. There's a kitchen in here? In this kitchen is all the ingredients and cooking equipment you'll need to cook delicious and healthy meals for the rest of your time in this prison. You can continue eating the prison meals which you don't like or take this kitchen and eat whatever you want for breakfast, lunch, and dinner every single day. You just have to give up your yard time every day. Do you know what the offer is? It's trade the rec yard for a kitchen. Me personally, I would rather have the food. Could have fun cooking throughout the day. We can make creations. Do we have any meat? What do ya think? We got some beef patties, some hot dogs. Everything you could want. Ok, ok. But here's the thing: You're not just deciding for you. What do you think your partner would think? Aw man, I don’t know what he’d want me to do. Well, I'll give you a minute to choose. Ian, I gave your roommate the choice to trade the recreation yard for a fully-stocked kitchen. I already know what he picked. He picked keep the yard time. Yeah, he didn't even consider my offer. Guys, every single day you complain about the food, I thought you were gonna take it! You know what? That was a little easier than I thought. Day 30, I’m gonna make it not so easy on you guys. Alright. Bye, Warden Jimmy. Not giving up this rec yard for nothing. Another day in paradise. It's been a full 24 hours since my bunkie and I made the decision to turn down the kitchen. We're not feeling the least bit of regret. - You feeling any regret over there? - None. We're so happy we're not cooped up all day. I can't wait to see my wife's reaction. She's gonna be like, ain't no way that you didn't take that basketball court. No way you didn't take being outside. Despite being happy with the results of their challenge, they were also beginning to think about what they were missing outside of the prison. What I have to remember is why I'm here and what my purpose is. Winning that money for my family is the ultimate goal. I got my wife. I have a beautiful family. I can't back out of this because everybody else is depending on me. It must be nice having a wife and kids. Yeah, I did a year without my family. I mean… I saw my dad once in that year for two days. Once? But I didn't see my brother or my mom for a year. Really? That's that. Limited to an hour of yard time a day… Can't wait for yard time. … they grew restless and found creative ways to pass the time before the next challenge. Ketchup Dodgeball! Get outta here, copper! We’re gonna need an EMT. Wrap me up! Officer, am I gonna lose it? I‘m losing breath! Our inmates have now been living in this prison for 30 days. Let's see how they're doing. What up, boys? - Hey! - Hey, Warden Jimmy! Guys, you're a month into it. How's it been? It's been good. Come on inside, fellas. There's a new area of the prison that we're going to unlock right now. Unlock the library door. You gotta be kidding. Library unlocked. Are you serious? Seriously! And there are literally hundreds of books in here. We got magazines. Wait, hold up. Here's the catch. Access to this library is 100% free, but only one of you gets it. - For the next 70 days… - You gotta be kiddin’ me. …one of you will get to go in here for an hour and read. The other will not. Oh, for an hour every day? And you can't bring the books out? Cannot bring the books out. That is strictly forbidden. What else is included in there? Alright, we'll do a tour. You have lots of books in here. They got a Bible. Look at this. This right here will get me through. This the only book that I need. What's the computer about? You gotta put that back. Leave it to him to try to steal a book. This bad boy will play Tetris and Minesweeper. Got some more books over here. Oh man, this is tough. It's disrespectful. I'm gonna need you guys to step out. I'll give you guys a couple hours to negotiate amongst each other. Good luck deciding. - Thanks, Jimmy. - I'm not happy with this. You guys like reading this much? Yeah, have you ever been locked up? No, actually. We're dying in here. Ok. I'll be back in 2 hours for your decision. One of us always has to suffer in MrBeast’s prison. We got to talk it out just like we do everything else. Hopefully it doesn't come down to me putting him in a headlock. After I left, Ian and Lenny kind of avoided each other… This sucks. …agonizing over my offer. It is literally so close. I'm not asking for any other books. I just want one. We have to come up with something. We can't just do nothing. This library, I mean, it's meant, obviously, to pit us against each other. So what's on your mind? You're the philosophical one. I think that we have no choice but to take it. Because it's a freebie. It's too good to pass up. The question is, though, is who takes it? Right now, I'm shooting hoops, and… I'm still pretty happy with the decision that we made in regards to that, so… I’m gonna put the ball in your court because you put the ball in my court for the last one. Oh, sorry. Trying to kill me out here, bruh… It seemed like a fair trade to put the library decision on Ian. But there was one thought that Lenny just couldn't shake. I should have my Bible. With all honesty… Why do you think that you deserve the library more than me? Just like, what I need to help get me to 100 days, you know? You possibly wanting to cop out as a result is… I don't know. What makes you think you deserve the library, then? The Bible is the only thing that'll get me through the next 70 days. It's not just for entertainment. So because I'm not religious, it's an issue. Whoa, I didn't say that. I just feel like you're changing up on me out of the blue for no reason right now. Then we just go with no books. If that's the way it's gotta be, bro. Alright. It’s whatever, bro. It's just really making me second guess. Honestly, this whole thing's getting ridiculous. Too bad you don't have a book to distract you. I think we're ready for the warden at this point, guys. It looked like this cop and criminal might have landed back at square one, but nonetheless, their time was up. Alright, I'm ready for your decision. Is it you or is it you that is getting library time every day for the next 70 days? Jimmy, the thing is… Looks like I'm gonna be getting that library time. - You are? - Yep. You're givin’ it to him? I was a little concerned. It's been a hard last couple hours. Why did you give it to him? When it came down to the yard… I said yes… Without hesitation. He was cool losing 25,000. That's the only thing that he's wanted. So I had to do him the justice. You're lucky. He's a good man. He's a good cop. I didn't expect that from a cop. I was wrong. I feel like that was unnecessary. He just gave you a library. Library unlocked. It was Ian's first day with access to the new library. And right away, he got to work to ensure that Lenny wouldn't be left out. I believe this is what he was looking for. I know how important the Bible is to Lenny. So I'm writing down quotes from it that I can share with him. Thank you, I appreciate it. I gotta live through you. Vicariously through me, you know. The fact that he’s sharing, it shows that he's a good bunkie. But no later than the very next morning did Ian begin to test the limits. Found a little artwork we can hang up somewhere. Said we can't bring books out, but I'm just smugglin’ pages out. Wow, that's pretty cool. And over the next couple days, it wasn't just Ian having all the fun. We got some artwork. And the prison began to change. Makin’ this place look nice. And even with cameras aimed at them all the time, Ian's inner criminal finally surfaced. There was no way I was gonna leave him out there struggling with no Bible, no books, nothin’ to do. And I was in here enjoying myself. This thing is a beauty. That’s all I need while I’m in here. They carried on as if they'd never be caught… Enjoying the materials. My new name's Smuggler Vic, the Smuggling Convict. I literally have books hidden everywhere. Here in the bathroom. Look at that. In here. We're just gonna keep getting as many books as possible. Hidden all over this place. It's day 40. How's it going, guys? We have a surprise, but we can only take one at a time. You guys have to decide who goes first. Rock, paper, scissors, shoot! He got me. He goes. Store unlocked. We've opened our very own shop. You're gonna have some decisions to make. We combed through all of the prisoners’ conversations and stocked this store full of items that they wanted. And it ranges from this mystery box, which could literally be anything, all the way down to this handball that on the outside would cost $1. But in this prison, every single thing here is the same price: 10,000. A handball for $10,000? But of course, they were only allowed to spend the money that they were competing for. - And I have to decide now? - Yeah. I'm gonna take the… …mystery box. $10,000. Pleasure doing business with you. And while Lenny was happy with just the mystery box, Ian's criminal spending habits resurfaced. Oh, wow. This is actually pretty cool. If I spend too much money, Lenny’s gonna get really mad. I’m a little nervous here. This is 100% gonna be my first purchase of the day. See, the thing is, at least he knows what he's getting. I have no clue what’s in there. This is a great package for 10,000. Don't buy too much, Ian. I'd like the melatonin and the clippers. We're gonna have some fun in here, buddy! But how much did you spend? 30,000, but we got Feastables. And honestly, I am so happy right now. I got clippers for us. I got you the sleep mask. If I really needed those things, I would’ve spent the 10K on them. Listen, I went to prison for spending a lot of money, so… I couldn't resist! There was just dollar signs everywhere. Do you wanna see what's in the mystery box? 20 grand! Come on. He's makin' money! I think now we have enough to keep us busy to the point where we don't need to spend anything else. And now that the boys had some of the items they wanted, they were able to pass time more easily. They made art with the $10,000 colored pencils. These are my first of the colored ones for the walls. Feastables, the best chocolate in the world. So excited for this. - Oh, these things are legit good. - That's my new favorite. You guys already know, Feastables is the best tasting chocolate in the world. And we just launched our brand new creamy hazelnut cups. Usually cups have peanut butter inside of them, like our Feastables Peanut Butter Cups, but when I was testing prototypes, and I tried creamy hazelnut chocolate filling inside of a cup, it was phenomenal. And so we launched this product, and the reviews have been out of this world. It's available at these retailers. Go give it a try. Then they made paper airplanes with $10,000 paper. Somebody come get this guy. A new level of boredom. Did they ever diagnose you with ADHD? And Lenny gave Ian the most expensive haircut of his life. Now the guards will finally be afraid of me. And eventually, Lenny came to appreciate what Ian bought for him. I gotta keep it real with you. These earplugs and the melatonin, they definitely come through in the clutch. Really helps me get some extra rest. - Thanks. - You’re welcome, buddy. But they still wanted one thing that they couldn't buy in a store. Tomorrow's day 50, challenge day. Hoping it's family or a phone call. Toughest part is being away from my family. Would you spend money on a phone call? Yeah, I’d spend money on a phone call. So I have the perfect offer for day 50. Boys! It's day 50! Before I reveal the day 50 offer, I need to show you two some clips. Let's do it. Here's you one day, smuggling the books into your pants. Eventually, you started caring so little that you literally threw the books out. And then you just flat out walked out of there with the books. Day 50 is a huge milestone. Your families are sitting outside in a prison bus, and we were going to celebrate it by bringing in both of your families for free. But because you broke the rules, only one of you gets to see your families instead of both of you. And this will be the only time you can see your family until the end of the 100 days. Warden’s playing dirty. The only thing I think I've been very consistent about seeing my family. So who is it gonna be? My man’s gonna see his family today. - Really? - Appreciate that. How does that make you feel? Well, I just see him honoring me, just like I honored him. Looks like I'm gonna be getting that library time. And he's kinda also the reason why we're being punished. This man is working with the cops right now. Are you kidding me? - Confiscate all the paraphernalia. - Are you serious? Oh, and there's one more twist. You can keep your family as long as you want, but he doesn't leave solitary until they leave. Ok. Wow, this is brutal. Chandler, take him to solitary. I'm happy, but I feel horrible at the same time. Yeah. Just don't sneak books out, man. I’m gonna keep sneaking the books out, warden. Spoken like a true criminal. Close the door. Have fun. Oh, man. This is brutal. Come on inside. Lenny’s waiting to see you guys. Hi, Dad! Lenny! Go see him! Daddy! Look, it's daddy! That's so freaking adorable. Oh, I miss you so much! Oh my gosh… What's it like seeing your dad in orange instead of blue? - Very weird. - Yes, he never wears that. Your family can stay in here as long as you want. Just know your partner doesn't leave solitary until they leave. Have fun, everybody! Thanks. You miss dadda, mama? Ah, you miss dadda. I'm happy to have my family here with me. Apparently, I can keep them here as long as possible. It's definitely gonna be a recharge for me as well, and makes me want to push through to get on day 100. I want everybody in the family to be proud of me, not just the people that are here. We're all counting on you. I got you. Hearing Lenny and his family out there just chilling and I'm stuck in here locked up like a dog. Every minute I'm standing in here, I just got more and more mad that I'm sitting in the solitary. It gives you PTSD. It sucks. Ian got some time to think about things. But as the hours went on, Lenny spending more time with his family only made Ian more mad. Ian, your time is up. I'll tell you what. I figured out your nickname while I was in there, though. Oh, yeah? What you got? You’re Lenny the Snitch. He's kinda also the reason why we're being punished. You rat me out on my book supply, bro. Look at this. I got wiped clean. You come out here laying down the law, why’s that? I’m a little upset, bro! I was stuck in there. You were having a good meal. You know what I got? I got nothing, bro. You volunteered to do it, so why complain? You threw me right under the bus saying it was my idea for the smuggling. Everything was on video! But I'm just saying you coulda just, we could have stand united. You snitched me out— I didn't snitch you out. They did not know about under the bed. Bro, they have camera footage! And I went into solitary confinement— They have camera footage! But it still didn’t go under the bed. So do you want to hear me talk or you just want to express your feelings or— I’m just saying, I took the major one for the team— All I'm saying is this: Watch what you say. - That's all I'm saying. - Ok. Well, you made your decisions. I make my decisions. It is what it is, you know? It is what it is. You snitched me out. Ian’s definitely feeling in a bit more of a somber mood today. I got to see my family. Ian didn’t. It's definitely changed the atmosphere as a result of that. He didn't want to play any chess, he didn't want to play basketball. Lenny and I have definitely been talking a lot less. He has his routine, I have my routine, and that's all there is kinda really to it. Even with the divide, Lenny couldn't help but worry about his friend. You alright, buddy? I'm depressed. What's the matter? I'm ready to go home. I’ve had enough. Even though it was only halfway through the challenge, Ian was ready to call it quits. Oh, man. I can't wait to go home. All I want to do is go home. I'm just fed up. Lenny will have to find a way to rekindle their friendship. Because they can leave at any point and if Ian goes home, they both lose. Gentlemen! - Morning, Jimmy. - Morning! I have good news for the both of you. Our day 60 offer, something that will help bring you back together. Hey, Chandler! Bring it on in! Here we come. A TV. Look at this thing. I know this TV is old, but it's what you're getting since you're in prison. And you can watch these movies on it over the next 40 days. What, were you guys born in the 50s with some of these movies? What, you don't want to watch movies? And the board games are included? Of course. You can have all this for 1 hour a day for the measly price of $30,000. I think this man's losing it. I don’t know, it's kinda tempting. Ok. An hour a day? An hour a day for 40 hours of entertainment. Jimmy, you can't even watch a movie in an hour. You just watch an hour of a movie, we take it away and then the next day you watch the other hour of the movie. The movie selection… not really my cup of tea. This is a terrible deal. Hard no. No? No. Hey, I thought you guys were bored. No worries. Chandler, wheel it on out. Ah… man. Hold up, Chandler. Pat him down. I didn't do anything. Pat him down. Oh my gosh. In the underwear!? And he's looking for sympathy after the last time he broke the rules. Get it out of here before he steals anymore. Bye TV, bye VCR, bye Titanic! Ian was not happy with the offers, which was making Lenny worried that Ian would leave. I just feel like I'm getting brutalized every 10 days now. No family, not even a phone call. It's pretty miserable, honestly. I could definitely feel myself having a bit more of a short fuse. It kinda gets annoying. There's always something to complain about with this guy. I feel like I got hit by a bus the second time. I do not wanna be here anymore. I'm definitely starting to get worried he's gonna quit. I wanna go home. I wanna go home, he says… I'm just going to be thinking about that dogging. He dogged me on that last challenge. I got dogged, dogged, dogged, dogged, dogged! Man, I wish this guy would shut up already. But because I had my biggest offer planned for day 80 I decided not to give them anything on day 70 so they'd have to heal the divide themselves. When you're actually in this thing, when you're in the belly of the beast, it's hard. It's been very depressing and sad the last few weeks. All you can do is read, work out, play chess. It's definitely mentally challenging. I just wanna go home. It’s one of those days, huh? Ian was saying how he feels like he wants to go home. It's gonna be an uphill battle. Just gotta keep this guy on board. Because either one of these contestants can leave at any time, Lenny was continually worried that Ian would leave early and lose them both all the money they had worked for. - What time is it? - Time for you to get a watch! I was gonna ask if you wanna play chess, but I'll go back and have a seat. His name's Leonard, aka the Snitching Convict. You've snitched on yourself. That guy cracks himself up. Yo, we got the Snitching Convict! You’re the real convict, not I. It became clear that Ian wasn't gonna let certain things go. Here, there was only an option for a visit once, and only Lenny got the visit. Desperate to stay in the challenge, Lenny knew he had to lift Ian's spirits if they were gonna make it to the end. Life is good! No, just makes me miserable. But things only got worse. I don't think I would have any problem walking outta here early. Being here with Ian and feeling negative the whole time, I feel frustrated. If they give me an offer to take less money, I'm gonna take that. - What to leave? - Yeah, I'm out of here. At this point, with only 20 days left, it looked like they were about to fail, so I had an idea. My next offer was an opportunity to rekindle their friendship. Or, the final factor that could bring this entire video to an end. Oh boy. Oh, what do we got here? What the— In front of you is a 2,000 pound boulder. Inside of which is a key that will unlock a box containing $100,000. If you want that money, you will have 1 hour a day for the next 10 days to break this rock open and get the key. By accepting this risk, you give me that $50,000 right now. But if you complete it, I will give you $100,000. If you guys wanna have a shot at pulling this off, you're going to have to work together. I'll give you guys some time to decide. We just gotta grind it out. You know Ian, I know you don't like to sweep, but you're gonna have to put in your work on this one. Are we both gonna be able to whack at this thing? Bro, we gonna be good! You gotta— We just— We’ll be fine. There's no way Lenny! Feel like this is a highway robbery. Now, do you guys think you have what it takes to take on this challenge? We got this. - Do we? - Absolutely. Alright! You brought this on yourselves. Boys, take the $50,000. Just be easy with it, 'cause we're gonna get that back soon. It's gone! Be easy with it. Inmates, your first hour begins now. For the entire first hour, they hammered the boulder nonstop. This is hard! I think we just lost 50,000. I hate it here! We have 9 hours left to get through this rock. But despite their lack of progress, the next day they came outside and got started right away. We gotta hustle ain’t got no time to play. Every minute counts. There it is! And even though it was only their second hour with the rock, Ian was already settling into more of a hypeman role. Come on, Lenny! There we go, there we go Lenny! Everything we got on this Lenny! And Ian watched from the sidelines, all the way through day 4. Oh, man. Very disappointing day. All I know is I'm spent. Yeah, I'm pretty fried. We have to work as a team. I think Ian could tell Lenny was disappointed. Because the next morning, he had a pretty big shift in his mindset. Let's go! Yeah boy! And when Lenny tapped out, Ian stepped up. Let me try hammering it so we can get that key. Now, it was both of them together, versus the boulder. Son is putting in that work! We gotta real chisel. We're getting major progress right here, as you can see, there's giant cracks. There you go! There it is! Oh, she blows! We got hope now, boys! While they're hammering that rock, I wanna tell you about the brand new MrBeast Lab's Hybrids. These test tubes just started hitting shelves. Inside these are random parts of Hybrids that you can mix and match to create your own unique MrBeast Lab experiment. They call me the rock slayer! And to make these things even cooler, we developed an animated show, so a lot of the characters you'll be creating with these Hybrids, you'll actually see in the show in October. We got 18 minutes! We're gonna be close to this thing! Hybrids are available wherever you buy toys. Go collect unique parts, and build your very own customizable beast that only you have. Panthar, should they buy ‘em? Let's see if they smash this rock open. And even though they were working as a team, an hour a day for 10 days is a pretty tight deadline. Inmates, your sixth hour is up. 1 for the rock, 0 for the inmates for today. We made no progress. No progress, son. We need something that's gonna help us get that key to get that $100,000. Each new day, they swung hundreds of times, but the rock wasn't budging. We did a lot of work. No major progress. We might not make it, I'm not sure. If we lose that 50 grand, I'm gonna quit. Ian realized force wasn't enough. What they needed was knowledge. There’s gottta be an answer in here. Oh, a book about rocks. I ripped out the pages that had to do with our exact task. It says we need to use leverage. You think it can fit under this? Oh, yeah. Push it that way. I can stack weights on there too, to hold— It’s not gonna budge… But they still couldn't even put a dent into the rock. This is a grind. Tired of you, rock! Sick of this. The rock was just too heavy to lift. So with 2 days left, Ian went back to his book to search for more answers. There's another picture right here I was able to find. It looks like we're supposed to use a chisel on a weak point in the rock. This is the kinda the weak spot. Oh, it's coming apart! Look at this! It’s splitting, Lenny! Dude, the whole rock's split in half. Yo, we might literally make $100,000 today! Not getting any movement. Inmates, your ninth hour is up. Man, we had a good momentum, but we ran outta time. We are almost through this thing. It's gonna be the final day. This rock is no joke! No, it's not. Way harder than I expected it to be. I think at this point, it’s 50/50 if we get through this thing. I’m ready to go. Inmates, it's rec time. Suit up! It's rock slaying time. This rock is goin’ down, ladies and gentlemen! Your final hour starts now. Keep pushing. - I'm right here with you. - Yeah, we gotta go a little deeper. That's a thick freaking slab. Let's get this thing outta here! Look at this! We got a key yet? - Here's home! - Yeah! The key's gotta be in here! You have 30 minutes remaining. You better hurry up on this! This concrete's the only thing in our way from us and 100 grand! 15 minutes remaining. 10 minutes remaining. Oh my God, the key’s out! Oh, baby! $100,000 right there! Get it! The $100,000 is officially yours! - Let's go! - Let's get it! - Let's go! - A hundred grand baby! Cop and con! Cop and con, baby. For life. Are you guys ready to hear what the day 90 challenge is? - Yes! - Yeah! What I'm about to offer is actually… …nothing. Because on day 99, we have something especially brutal planned for the two of you. I'll see you then. Wow. What's happening day 99? All throughout this video, Ian has stayed true to his convict ways. Time flies when you're stealing books. Well on day 99, he will have the chance to steal the entire prize pool. Today is day 91. But most importantly, it's my man Ian's birthday. I woke up to a nice surprise by my bunkmate over there. He's such a good guy. I can't believe I'm spending my third birthday now in prison, but at least I got a good bunkmate. But even with over 90 days behind them, Ian and Lenny never imagined that the final 10 days would be the toughest of their 100 day sentence. Going slow. Trying to find new ways to pass time in here. There's nothing else for us to do. You got access to the library, right? That would give us something to do if I just emptied the library. If you pulled the computer out that would be hilarious. That would be great, son! And honestly, I don't blame them, 'cause this is the only prison where acting up won't extend your sentence. I'll wake up early tomorrow and get it. Operation computer is a go! You crazy! We've set up shop! There we go. Good job, buddy. We're in business baby! We got somethin’ new to do! Normally I would punish them for stealing, but with day 99 quickly approaching, I'm just gonna wait until then. We should bring this thing in here today as a little chair. That we can put in front of the computer! - Yeah, this would be nice! - Here you go. Warden Jimmy, we're doing whatever we can to get back at you this week. Oh, we could be like two brothers sitting down next to each other. Hello, buddy. It's kind of poetic, that throughout this entire video, the thing that brought a cop and a criminal closer together was stealing. I like seeing Lenny go over the dark side a little bit. He's encouraging me to break the rules, too, this time. We're taking extra rec time today. Time is up. Please come inside. Another win for the inmates. You're a troublemaker. Yeah, I've adapted to it, like I feel comfortable with it. I'm glad that I got to experience this as a police officer. To understand what it feels like to be on the other side of the fence. I have no regrets. But what both of these prisoners don't know, I will be putting the relationship they've been building over the last 99 days to the ultimate test. Boys, boys, boys. Well, well, well. 99 days ago, you two were strangers. Do you guys think you're gonna be friends outside of jail? - Oh, yeah. - We’re definitely close. Well, let's see if this final challenge changes that. - Ah, man. - Here we go again. For this entire video, we've been seeing how two people from completely different backgrounds get along together. You've been through so many ups and downs and it all comes down to this final day here. Wow. And that's exactly why for the next 24 hours, I’m gonna put each of you in two different solitary confinement cells. Warden Jim. Twice solitary? But this time there's a twist, because in each of your cells, there is a button. And if either one of you presses it before the 24 hours is up, you leave your cell immediately and walk away with the entire $480,000 prize pool, thus stealing all of your fellow inmate's money. That's foul, bro. I don't think you're gonna take it, but you have to ask yourself, is he gonna take it? Just like he stole the books, the movies… And if so, should you take it before he does? He cried a lot about solitary confinement when it came down to the family visit, and he's been saying, ""He’s not paying me to ever go back into there again."" Well now I'm paying you $480,000 to leave this room. I know, that's why it's a very tempting offer. I could imagine. I think he’ll do it. - You think he will? - I think he will. I'd hit that button before he does. Alright. Do you need anything? Uh, Freedom? Yeah, just press that button. Alright, the 24 hours has now begun. Oh, and one final thing. You won't know if the other person is left until that timer hits zero. This sucks, man. I don't know if trusting the criminal with a red button that can give him $480,000 was the smartest idea. I mean a guy that went to prison for fraud could be a little tempting, you know? Worried about Ian not being able to make it through. How do I know that I can trust him with this prize money? They've been through so much throughout this video that it feels like they would never screw each other. But as someone who's spent a lot of time in solitary confinement, a lot of time alone to yourself can make you see things differently. I think someone's pressing it. This is my first time in solitary confinement. This is Ian’s second. He’s scared of tight spaces. I don't like being in tight, confined spaces like this. This is not meant for me. Just remember, you're free to leave whenever you want to. All with the press of that button. Honestly, for me, I don't want to see this counter because it just gives me anxiety looking at it. So I'm gonna use one of these garbage bags and I’m gonna put it over the clock. I don't need it in my face. But the longer they sat in those cubes, the harder they thought about what they could do with their partner's half of the money. If I just go and hit that red button right there, I could pay off all my restitution in just one shot. Well, I owed a half a million when I got out of prison. I could fix everything in the past in just one push. There's a lot of things that I could do with $480,000. That's an education for my kids, a new car for me and my wife, possibly another house, all with the push of that button. Do I hit the button, get the $480,000 and pay off all my old debt and screw over Lenny? Might have to. And the longer Ian thought about the money the more he realized he deserved it more. Honestly, I feel like I had a way worse time than Lenny these 100 days. Especially because I didn't get that visit and didn't get to see my family. How come I gotta spend twice as much time in solitary than Lenny does? Doesn't make sense. If he left, that’d be heartbreaking. I've put in just as much work as him. If he can't toughen up for 24 hours, then it just goes to show that his convict ways are still the same. There's been too many doggings to go around. I've had enough. Good night. I hope that Ian is out there when this all wraps up. 100 days. All dependent on the last 24 hours. If you're in solitary, please come out to the middle. I repeat, if you are in solitary, please come out to the middle. There are currently black curtains blocking off both sections of the prison. If you're both standing there, you'll each evenly split that prize pool. But if only one of you is there, then you just spent 100 days in prison for nothing. 3, 2, 1… Drop the curtains! Boom! They didn't screw each other over. My man! That is your $240,000— Well now he dropped some of the ground. And to celebrate, we brought your families! You two are free men! Hopefully they never go to prison again! If you haven't already, turn on notifications. We upload every other Saturday. Look how happy they are. This is amazing. I loved this video. And don't forget, we're still raising money for Team Water. A $1 donation on average gives someone 1 year of clean water.",0.020343851836989994,0.2870252674373147,15,Video,11
pAnGwRiQ4-4,"$1 vs $1,000,000,000 Futuristic Tech!",20260124,@MrBeast,MrBeast,1383,False,140578246,3035122,88000,https://i.ytimg.com/vi_webp/pAnGwRiQ4-4/maxresdefault.webp,https://www.youtube.com/watch?v=pAnGwRiQ4-4,"This video made me truly realize how awesome the future is going to be

Shopify technology made it possible for way more people to start businesses. Now it's your turn. Go to https://shopify.com/mrbeast to start your trial. ShopifyPartner

With Wing, Get food, groceries, and essentials in as little as 15 minutes. Find out if Wing currently delivers to your area. https://wing.com/mrbeast WingPartner

Big thank you to @Colossal for having us! 

New Merch - https://mrbeast.store
Check out Viewstats! - https://www.viewstats.com/

SUBSCRIBE OR I TAKE YOUR DOG
╔═╦╗╔╦╗╔═╦═╦╦╦╦╗╔═╗
║╚╣║║║╚╣╚╣╔╣╔╣║╚╣═╣ 
╠╗║╚╝║║╠╗║╚╣║║║║║═╣
╚═╩══╩═╩═╩═╩╝╚╩═╩═╝

For any questions or inquiries regarding this video, please reach out to chucky@mrbeastbusiness.com

Music Provided by https://www.extrememusic.com
----------------------------------------------------------------
follow all of these or i will kick you
• Facebook - https://www.facebook.com/MrBeast/
• Twitter - https://twitter.com/MrBeast
•  Instagram - https://www.instagram.com/mrbeast
•  Im Hiring! - https://www.mrbeastjobs.com/
--------------------------------------------------------------------","This is a $1 billion rocketship. A future technology that will one day take you all the way to Mars to live in your brand new home, a $500 million biosphere. Oh my gosh. And throughout this video, we'll show you just how epic the future will be. You'll see how we're going to bring extinct species back to life. This is literally the future. Flying cars that can take you anywhere. [Karl] What? [Jimmy] And so much more. No way. All starting with this $1 light, which when you combine millions of them, can simulate the future of humanity… or Mars. And in this video, I'm excited to show you guys the most futuristic technology on the planet. But next, we're going with a $10,000 technology, Neuralink, which is a computer chip surgically implanted into the brain, enabling people like Noland here to reconnect to the world. So you were paralyzed from the neck down? Yeah, and for about eight years, I was trying to find some purpose in my life. And then you got Neuralink, and what has that changed? Anything anyone can do on a computer, I can do. And he literally does it by using only his brain. You're currently moving that with your thoughts? Yeah. Yeah, man. I want to see you send a text with your brain. Ok. His hands are paralyzed, but we're gonna film ‘em so you can see they're not moving. And using the neurons firing in Noland's brain, Neuralink can translate those signals into movements. He just typed “Hi” with his mind. Is this not crazy to anyone else? But that's not all he can do. So you just think left and you're about to turn left? Left, right. Don't die. -[Jimmy] Ah! No! -[Noland] There we go. He absolutely crushed us playing with only his mind. I never thought it would allow me to do anything like this. And future technology cannot only help the mind, but also the body, for people like Kai. A 12 year old born without an arm and was sadly abandoned on the side of the road. This is what Kai thinks he's about to get. This is hard. And he has no idea he's in a fake doctor's office, and about to get the most advanced bionic arm on the planet. A $25,000 bionic ligament straight out of a superhero movie. Let’s surprise him. Hey, Kai. Hello. [Jimmy] Do you mind telling me a little bit about yourself? I'm 12. I’m adopted from China. Kai has no idea that that’s Jimmy. Your mom told me that you're a big fan of the channel. Wait. No way. Yes and this is the arm you were gonna be getting, but I didn't think that was good enough, so I got you a present. No way. This is the most futuristic bionic arm on the planet. Your mom told me that you like playing sports, you like being active and this should make everything you wanna do much more easy. There's no way. The cool part about this arm, too, is there's sensors in there, and you'll be able to use the hand without having to pull on anything. The sensors will be able to pick up on your nerves. [gasp] Isn't that freaking cool? Yes! Flex that forearm. Oh, look at that. Here's a piece of wood. See if you can grab it. There you go. Is that not freaking crazy? All right, do you wanna try shaking my hand? [Tareq] Oh, that's so cool. [Jimmy] There we go. Look at that. And then, obviously, if you ever don't want the Beast branding, you can just pop it off, so you don't have to have it. I'm keeping this on. [laughing] This is the best day of my life. Really-- Aw. I've seen so many of your videos where you help people. I never thought that would be me. Here we are. Sure, this bionic arm is life changing, but it's nothing compared to the $150,000 flying car. Do you think that thing will beat me to work? Oh, yeah. If somehow you win, I'll give you $1 million. You'll give me $1 million if I win? Oh, yeah. Oh, all right. Let's get this goin’! We're gonna race to work and see which is faster: a flying car or a normal car. All right, let the race begin. Ok. Whoa! [Karl] He's right next to you! [Jimmy] He's literally flying! What? Did he just peel off into the ocean? [Jimmy] Yeah, he doesn't need roads. [Karl] That’s cheating! For this to be a true test, we have to obey all traffic laws. See look, we have to stop at a stop sign. Now, we can go. But with a flying car, he can just take a straight path. Which is why, for as long as people have thought about the future, flying cars have always been at the forefront. Oh, wait. I can see him. [Karl] Oh! That’s him! -Wait he might already be over halfway! -How? We just started! We gotta hurry. Imagine how much time you could save every single day if your commute to work was cut in half, because you could fly to it instead of having to drive to it. I’d save like a thousand hours a year. Uh, maybe not a year. I didn't do any math. This $150,000 flying car doesn't even compare to the $1 billion rocket ship we’ll be seeing later. This is just the beginning. This thing got here so fast. Come on in. Oh! Oh, God. I forgot we're at a beach. Jimmy's not catching up to that at all. [Karl] Jimmy, I think you're cooked for the million. Yeah, well luckily, I never said I would give him a million if he won. He just said he'd give me $1 million. [Jimmy] Let me make sure I don't actually run over someone. [Jimmy] Oh, there it is. How long have you been here? Ten minutes. -You've been here for ten minutes? -Absolutely. Oh my gosh. I don't know about you guys, but I'm excited to drive one of these one day. And if you're not excited for the future yet, how about you take this jetpack to work soon. [Jimmy] For the price of half a million dollars… this jetpack can fly over 80 miles an hour, and with a three mile range, it's easily the fastest way to get to work. So happy at work. [Majd] Glad you could make it. [Jimmy] The future of transportation isn't just in the sky. It's also on the ground. And for a million dollars, we have the fastest car in the world. And I’m gonna get in and drive it. Now, not only is this the fastest car in the world… Oh, oh! Oh my gosh, it accelerates so fast. But it has so much suction that it can drive upside down. Oh, all right. Oh my gosh! Jimmy is turning upside down right now! This is absolutely terrifying, but not as terrifying as being in a normal car. [Tareq] This is so crazy. [Nolan] He's defying gravity right now! Oh, I feel all the blood in my body rushing to my head. This thing has two vacuum fans so powerful you can literally drive it upside down. Just not very far. And at ten times the cost of this car, Mercedes put the future price tag of this concept car at $10 million. This is a vision of a futuristic car in, let's say, a couple hundred years. It’s also inspired by the universe of Pandora. It's more like a creature. So if I touch it… It will react to you, yes. Whoa! What happens if I pet it? Yeah you see, he likes it. Um, that is-- Uh, ok. Can I take the creature for a spin? Yes. Let's have some fun. So all you do is you just press it forward to go forward. [Karl] What? [Jimmy] Is that crazy? And then you pull it back to stop, and then this top part twists so you can drive the car sideways. [giggling] Oh my God. These chairs pick up your heartbeat and all your vitals and then automatically adjust everything. They will automatically change the temperature for you. Watch this. Wait, so then in theory I can drive. Yeah, you can drive it. But this car is worth $10 million, by the way, so… -It is? -Yeah. And I'm driving with my left hand right now? Ok… Oh my gosh, this is trippy. Speaking of trippy, see that drone right there? I do. That is called Wing. This is literally the future of delivery. Now check this. [Karl] That is crazy, and then it just lets go. [Jimmy] Super convenient. They can deliver your packages in minutes. And to put that to the test, while we were shooting our next Wilderness Challenge video, I ordered s'mores ingredients for a contestant through the Wing app. And even though they normally deliver to your doorstep, Wing did a special delivery for this Wilderness video faster than any other delivery service could have. What would've normally taken hours, was just delivered in a couple of minutes to the middle of the woods. There you go. Everything you need for s'mores delivered in minutes. Normally though, Wing delivers to your doorstep or backyard. What the heck? Flying packages? [Jimmy] And this isn't just the future. Wing has already delivered over 750,000 packages to people's doors. Thanks, Jimmy. Go to Wing.com/MrBeast to learn more. But for now, we're heading to our $200 million technology. Which brings us to Upside Foods that has literally produced hundreds of thousands of pounds of chicken meat without killing a single chicken, which is incredible because over 220 million chickens are killed every single day in order to sustain demands for their meat. And Upside Foods has spent over $200 million in research and development in order to create this technology. Let me show you how we do it. Please do, I don't understand. When we took cells from a chicken egg in 2018, we cracked an egg, we took a small amount of cells, and we froze them in this that goes down to -80. Wow. And you've used those cells to make hundreds of thousands of pounds of chicken meat? Step two is we take those cells, we gently thaw them out. Oh my gosh, this is simulating a chicken's body and the cells are just multiplying? Once we get enough of them, we move on to step three. This is protein, fat, sugar. I'm literally feeding the chicken cells over there so they can multiply into chicken meat. That's right. Yes. And once the chicken feed is in the container, it moves all the way through these pipes and through the factory and eventually ends up in here. We can look through this. You'll see chicken cells just swimming and swimming in there. [Jimmy] Oh my goodness. It's a lot of chicken. Every two seconds this produces a chicken's worth of chicken meat? Yeah, every few seconds. [Jimmy] And saving chicken lives is not the only upside to Upside Foods. These chickens don't get diseases, so you don't have to worry about a disease spreading on the farm, and then you eating a sick chicken. Honestly, it seems too good to be true. Well, let's go and try it! Please, I need to try it. I need to see how this tastes. Now we're gonna put the meat we just grew to the test. Come on in! I brought one of the best chefs I know, Nick DiGiovanni, and he's prepared for us two chicken sandwiches, one of these sandwiches, a chicken was killed today to make. The other, no chickens were killed, and it was grown in a lab. Which do you think we’ll like better? I think if I cook it right, you won't be able to tell. Ok, this is gonna be a good test. He's now giving me one of each chicken sandwich. So we're both trying this one. Here's what it actually is. Me and Tareq do not know. -Cheers. -Cheers it. Here we go. Yeah. It's chicken. Chicken. Now we're gonna try this one. This is what it is. We don't know. Cheers it. I honestly can't tell. It's actually scary how similar th-- I mean, they're both chicken. No matter what, both of them taste really good. This one's the cultivator. You're wrong. No shot. That's the cultivated one. Honestly, can't tell the difference. What the heck? And what's crazy is, in the near future, this technology could save the lives of trillions of chickens and other animals. Which brings us to Colossal, the $400 million future tech which literally brought the dire wolf back to life and is currently working on bringing back the woolly mammoth and dodo bird. This is the founder, and he's responsible for bringing back from extinction the animals we're about to see today. You're gonna be one of our scientists and go in the whole process. You're gonna help us do the all the steps to bring back extinct species. I'm not qualified, but let's do it. Tens of thousands of years ago, woolly mammoths ruled the mainland. But after the end of the ice age, they all went extinct, leaving behind their DNA in the form of their fossilized tusks. This is a real tusk. It's 43,000 years old from Alaska. This might be one of the coolest things in the world. It really is. And this is leading to bring back the mammoth. How many decades till you're able to make a woolly mammoth? We will have mammoths this decade. Oh my gosh. And I'm directly helping by collecting a real mammoth DNA sample. -There you go. -[Jimmy] Oh! Perfect. You nailed it. This is a piece of a 43,000 year old tusk. And that's just the first step in bringing an extinct creature to life. Next, we have to clone the DNA. You're gonna use a laser to actually pierce into a cell and transfer and clone the cell. Wait, wait. Let me try the code. Ok. 1-2-3-4. Oh my gosh! If anyone wants to break in, let me know. It's definitely not 1-2-3-4. [Jimmy laughs] [Ben] Step once on that orange pedal. All right. [Ben] So now with your right hand, you're gonna move that little pipette and you're gonna go through the hole that you cut using the laser. We're almost there, yeah. Ok… [Ben] Surgical precision. [Scientist] You got it! Yep. [Ben] And there you go. [Scientist] Yes, yes, yes! Yes! You have successfully extracted the DNA. Wait, I wanna put it in a different one. Is he supposed to do that? Yeah. He totally can! I mean, that is the cloning process. I'm a cloner. [Ben] So now… [Jimmy] I got it. Don't worry about it. -See, then you just shove it in here. -[Scientist] Yep. Oh, oh, little too much. -[group reaction] -[Jimmy] Oh… That's exactly the opposite of what's supposed to happen. I need some more practice in cloning animals. But before they can bring a woolly mammoth back to life, first, they mixed its DNA with that of a mouse and created a woolly mouse. In just a few years, Colossal will use this same technology to bring the woolly mammoth back from extinction. All right, crazy question. Can I touch it? Yes, you will be the first person ever outside of our animal operations team to touch the woolly mice. Like, I actually never even pet the woolly mice. I'm literally going to hold an animal that until recently, never existed in history. [Ben] This is Dale. [Jimmy] Dale is so soft. I now have woolly mammoth DNA. Anyone wanna buy it? -I'm selling it! -No, no-- -Someone wash his hands, please. -[Jimmy] Nope! Colossal has spent over $400 million not just bringing back animals, but also saving them from extinction. We have over a thousand species already in this bio-vault alone. There are over a thousand species in here that could one day go endangered. And you're just holding on to their DNA -in case you need to bring them back. -Exactly. Ben let me label some of the samples that could actually be stored for hundreds of years. This is dozens of endangered species that I'm gonna slide into here. Close it. Yep. Ok. And those might sit there for years, decades. -Yeah, for decades. -But if any of those species go extinct, you can now pull out blood and tissue -and clone them. -And reanimate them and clone them, yes. How did more people not know about this? This is crazy. And before I left, I had a little surprise for them. Can I ask one favor? Sure. Tareq, hand it to me. This is a cake made of meat, and you have two dire wolves that you brought back from extinction. I know your dire wolves are classified, but what if I hand you this and you give the meat cake to the dire wolves and film it? I will totally do that. Ok. I like that answer. And Ben kept his promise. You're watching the only two dire wolves in the universe, literally resurrected from the past, enjoying a meat cake made just for them. And apparently, the only difference between saving all animals and saving all humans is $100 million. Bringing us to this half a billion dollar biosphere… which is literally the blueprint for what human life will be like on other planets. Let's go be Martians for a day, boys. -[Karl] Woo! -[Nolan] Let's do it. Because this exact biosphere could be our future home on Mars, surviving there means it needs to produce its own oxygen, water, and self-sustaining food source. Come on in, boys. Make sure you seal the door behind you. We are now sealed inside the biosphere, which means we can take these suits off. -[Jimmy] Now, just gentle on the nose. -[Nolan] Okay… [Jimmy screams] -You good? -Yes. -[Karl] Yay! -Okay. Wow, being an astronaut is way harder than you think. It's time to begin our first day as Martians. While we're not actually on Mars yet, this biosphere could save humanity if Earth becomes uninhabitable. This biosphere has everything needed to sustain human life. Even a girlfriend for me? It's a biosphere, not God. -[Nolan laughing] -Can't pull off miracles. This place also has five different biomes, much like Minecraft. I wanna take you to one of the cooler ones, a rainforest. I don't know if you guys realize, but these plants have been living in here, some of them, for over 30 years. Dude, that's older than Tareq. No, it's not actually. -Oh, it's the same age? -[laughing] Yeah. Now, if we keep walking right over here, the rainforest can also… [claps twice] -…rain. -It's literally raining in here. I told them to only have it rain on the left side of the biosphere, which is why I'm dry and you guys are getting wet. Are you getting a little cold? -Yeah, it's freezing. -Well here, come on the not-raining half. Oh! It literally isn’t raining. You know like, those snow globes you get for Christmas? -Yeah. -That's what this biosphere is. It's your own mini Earth that you can put on any planet in the Solar System. Like in the real world, there isn't just rainforest. Now, we're gonna head over to the savanna. The savanna biome is the ideal climate for growing food, which is why it's arguably the most important of the five. These are ghost peppers, as you can see. Nolan, you wanna give it a try? Sure. Oh! [cough] Actually, no. I actually need water! It's a ghost pepper. [chugs water] Nolan, we don't have much water on Mars. Stop wasting it. I hear milk helps. You wanna try our brand new Feastables caramel chocolate bar? Stop talking. Put it in my mouth. And much like the current state of Nolan's mouth, we're now in the desert biome. All right, ignore the ""do not enter"" sign. -Do you feel that wind? -Wait, we're inside. Wind like this is actually important so the trees strengthen themselves and stand up. And that is just one of countless findings that has come out of this biosphere. It's done wonders for research. All right, gentlemen, this right here is a swampland. And the cool part about this… -[Jimmy] Grab one of these plants. -[Nolan] What is this? This tastes just like a potato chip. Isn't that crazy? It's crunchy. Salty. Yeah. On Mars, if you're, like, boiling food or whatever, you’d put that in there, and it would make the food salty. What! That's awesome. And that brings us to our final biome, the ocean. -[Jimmy] Check it out. -[Nolan] That's a lot of water. [Karl] That's a beach. [Jimmy] A literal beach inside of the biosphere. Now that we have everything we need to survive the rest of our lives here, I say we have a Martian dinner. Minus the ghost pepper? With extra ghost pepper. Let's do it. This is a vertical garden which can grow the same amount of food as two and a half acres of farmland. Just 20 years ago, if you wanted to turn this vertical garden into a business, it would've been nearly impossible. But thanks to Shopify, it's never been easier to bring your business to life. Just like the technology in this video is changing the world, Shopify changed the world of starting a business, making it easier than ever. Every 26 seconds, there's a sale made on Shopify. Karl, do you want some lemons? Yes, please. Shopify’s new tool, Sidekick, is basically like an AI co-founder for your business and can help with websites, set up marketing plans, and routine tasks to save you time. It's pretty awesome. -Ghost pepper again? -No. -This one's small. -No! -It's in the basket. -No. And since we can't solely rely on lemons and ghost peppers… one thing Mars could have? Cultivated chicken from Upside Foods. This chicken that doesn't kill chickens, this biosphere, all the things you see in this video were once an idea in someone's mind. Thanks to Shopify, you, too, can play a part in shaping the future. Whatever ideas you have in your mind, you can bring to life. All you have to do is scan the QR code or go to Shopify.com/MrBeast to turn your dream into an actual business. You could literally do it today before you go to bed. It's kinda wild that this is all futuristic tech, but it's not that far away. Like, if a woman ever talks to Nolan and he has a kid, there's a reality where that kid grows up on Mars one day. Everything in this video is in reach. Well, minus “you having a kid” part. All this stuff you see here doesn't just magically teleport to Mars. It needs a rocket ship to take it there. And as of now, that rocket ship is Starship, the $1 billion futuristic tech made possible by SpaceX, who invited me here to see their plans to launch thousands of starships to Mars, making humanity a multi-planetary species. Starship is made here in one of the largest buildings on the planet. Why do they need such a large building? Well, basically, raw materials come at one end, and literal rocket ships go out the other. Like that? Yeah, like. I mean, bro, there's rocket ship pieces everywhere. And we have the vice president of Starship to show us how the technology they're developing here will define humanity's future. [Vice President] This is the inside of Starship. Whoa! In a few years, we'll be sending people to the moon and shortly after, to Mars. Can we buy tickets to Mars? -Yeah. Let's talk about it later. -Dibs. And you want to be able to send thousands of Starships at a time? -[Vice President] Thousands of Starships. -[Jimmy] And each Starship -could hold 100 people? -Yes. Oh my gosh. Bro, the future is crazy. I'm so excited. While I was being shown around arguably the coolest thing humanity's ever built, I wanted to ask some hard hitting questions. Has Starship ever encountered an unidentified object up in space? Not yet, that we can talk about. Would the answer be different if I asked you off-camera? No. Anyways, let's keep going. It's crazy how normal everyone is in here. Like they're all working really hard, but I think they might be numb to the fact that they're building rockets. This is crazy. You guys realize you're working on a rocket ship, right? -Yes. -Isn't that freaking crazy? Yeah, it is. I'd be terrified if they didn't realize that. And the rockets that these two are building are fully reusable Starships. And when they reenter Earth's atmosphere, they endure temperatures hotter than molten lava. So the SpaceX team engineered a custom heat shield system. We've been talking a little bit about heat shield tiles, and here we have one for you to hold. -Yeah. -What do you think? So this is the heat shield tile? -This is a real heat shield tile. -Whoa! This is very light! Wait, hold that. [Vice President] Because there's 18,000 of them. How hot can this get? They can get so hot that a blowtorch can't get through it. What if I put my hand here, we put this here, and then you blow torch this? I'll blow torch it. Really? You have that much faith? I have that much faith. Let's test it. Someone give me a blow torch. Not sure I signed a waiver. No waiver required. Oh, of course the blow torch looks like Starship. I love how committed this company is. For reference, so you can see this is real. Look at that. [blows] -Karl, you should-- -I'd love to. I’ll hold it. Wait, wait, don't-- Don't burn my hand. Of course. [Jimmy] Wow! Look, it's turning orange. This is over 2,000 degrees, and I feel nothing on my hand. Science is cool. What happens if I touch it now? It probably won't burn you, but it will… [laughing] He's like, ""What an idiot.” SpaceX is building hundreds of Starships all at the same time. You guys are churning out rockets like they’re cars. Exactly. This is basically a car line that builds rockets. I was then granted access to do something that is normally off limits for civilians. This is a flap so it's getting all the tiles installed. Can I put one on? Let me ask. -We don't want the rocket to blow up. -Of course. I mean, we’ve never had someone install flight hardware who's not trained for it. So what we got here is a heat shield tile. We put this on, then we fold the edges up and we snap the tile in. -Okay. -And we're gonna let you do that. Oh, really? But you can only do this once. You can't go backwards. So if you mess it up, we have to destroy it to get it out. -Really? -Yeah, so no pressure. -That feels like a lot of pressure. -Okay, let's do it. I'm a rocket engineer. Yeah, this will fly to space if you do it right. And if you don't… -You'll have to pull it off? -It’s bad. Uh, it's definitely… -No? Wrong end? -Definitely wrong. Maybe it does take rocket science. So now you can push it. Just push down? -There you go. -There it is! -Ok! -You did it. Now, I'm signing the tile MB, MrBeast. If for whatever reason, this tile causes the rocket to blow up… Everything you're watching right now is AI. It's not real. You can't prove this is real. Well, I'm an eyewitness. You're also AI. In the case that this blows up. As massive as this billion dollar rocket factory is, it’s still not big enough for the final step of building Starships. This is how large Starship is, once it's fully put together everything we just showed you. The camera doesn't do it justice. This thing is massive. There's a good chance you'll be able to fly on this one day and go to a different planet. Crazy. And at the end of our Starbase tour, they took us to see all the other Starships just waiting to go to space around the Starbase campus. Social media and the news can make the future seem so negative and dire. But honestly, what I saw in this video gave me hope. From the insane of biotech developed to give people with disabilities a new chance at life… to cars that literally fly in the air, redefining how we move around the world… to the DNA technology saving animals from suffering as well as from extinction… learning to live on other planets and how to get there, pushing humanity beyond Earth to worlds we once thought unreachable. And if you ask me, that's a pretty exciting future.",0.0222162538576559,0.28272811443669865,16,Video,12
_AbFXuGDRTs,"$1 vs $1,000,000,000 Nuclear Bunker!",20250830,@MrBeast,MrBeast,1037,False,169020616,2952049,38000,https://i.ytimg.com/vi_webp/_AbFXuGDRTs/maxresdefault.webp,https://www.youtube.com/watch?v=_AbFXuGDRTs,"Feastables Creamy Hazelnut Cups are available for a limited time at Five Below, Circle K, and Albertsons! Go get them while you can 👉🏼  https://fstbls.com/5mj6dv feastablespartner ad

MASSIVE SHOUT TO COLIN FURZE - https://www.youtube.com/@colinfurze

He was so kind to me when I visited and I’m very grateful for the time he gave me. Amazing guy

Special Thanks to the United States Department of Defense, the Government of Canada Department of National Defense, and the North American Aerospace Defense Command

SUBSCRIBE OR I TAKE YOUR DOG
╔═╦╗╔╦╗╔═╦═╦╦╦╦╗╔═╗
║╚╣║║║╚╣╚╣╔╣╔╣║╚╣═╣ 
╠╗║╚╝║║╠╗║╚╣║║║║║═╣
╚═╩══╩═╩═╩═╩╝╚╩═╩═╝

For any questions or inquiries regarding this video, please reach out to chucky@mrbeastbusiness.com

Music Provided by https://www.extrememusic.com

----------------------------------------------------------------
follow all of these or i will kick you
• Facebook - https://www.facebook.com/MrBeast/
• Twitter - https://twitter.com/MrBeast
•  Instagram - https://www.instagram.com/mrbeast
•  Im Hiring! - https://www.mrbeastjobs.com/
--------------------------------------------------------------------","Hidden in this mountain is a $1 billion nuclear bunker. We are 2,000 feet underground inside of a mountain, and it can survive the biggest atomic bombs ever made. And I'm gonna show you the difference between this $50 million nuclear bunker, this $30 million bunker, and everything in between. Starting with this $1 bunker. Feels safe. Let's see what's inside. Oh, it's wet. I'm gonna give you guys a tour of this bunker. The tour's over. It's basically a shipping container buried underground And already bending. Which would explain why they sold it to me for $1. I mean, it looks like it's already after the explosion. Do you think this bunker would survive a bomb? - No. - Let's find out. Drop the bomb! Wait. What? The bunkers get crazier as we go, let’s head to the next one. Next is the $1 million bunker. It was originally built to shoot missiles, survive a nuclear apocalypse far underground. But how do you even get inside it? Well, after descending countless stairs and opening a 7,000 pound door… Why is 7,000 pounds so heavy? you reach the heart of the bunker. Oh my God. This kind of looks like Star Wars. This room is where they would launch the missile from. This whole facility is designed to withstand a nuclear attack and then respond. The floor we're standing on is actually suspended like a giant platform hanging from the ceiling above. These 8 springs are the only thing holding all of us up right now. It's crazy to believe that 50 years ago, this used to be like a missile command center. But now this man has turned it into a hidden, fortified house that's ready for the end of the world. How did the government let you buy this? Dude there’s a bath tub! How's the IQ of my friends compared to your normal guests? Um… I think it's lower. We're gonna go 2 floors down. This is the lowest point. We are now 5 stories underground. So kitchen, entertainment area, but the best part about this? This is a club. This guy actually throws parties 5 stories underground that Nolan is probably not invited to. So I don't normally show people this. Like, no one sees this. But he actually took us to a secret part of the bunker, to the nuclear silo where decades ago, a real nuclear missile was stored inside. No. Jimmy, come in here. Whoa, wait. What is this? - Is that safe over there? - Uh, no. Wait, no Karl. He said it's not s-- How bad would it be if we turned the lights off? I mean, I actually don't know how we-- - Oh, dude. - This is really scary. I can't even see anything. What's crazy is we're just getting started. The bunkers later in this video are insane. They just keep getting bigger and more and more expensive. But if you were going to try to build one yourself, it might look like the one in this backyard. Secretly hidden beneath our feet is a bunker worth $3 million. Follow me to this creepy shed. Going into a bunker someone built in their backyard. This is crazy. This is awesome. In terms of security, you've got like a meter of concrete above you. Other than a safe house, it is kind of a museum for my YouTube creations. If you're wondering why this bunker is worth $3 million, it's because of this YouTuber's collection of insane and dangerous weapons. That's a backpack flamethrower. This guy's like a real life Tony Stark. I mean, look at this wrist-mounted rocket launcher. It fires knives and has a taser in it. And a machine gun with a chainsaw. Oh my gosh, this is crazy. Don't break into this bunker. He did mention fire earlier, so… - Oh, gosh. Wait. - No way. Bro, we're in a bunker! You come here. Ok. Now you can-- Oh my gosh. I don't know if I feel safe with this. This is terrifying. You're gonna burn your bunker down. Do you want a go? Yes. Oh my God. This is insane. This guy is crazy. This would be the worst bunker in the world to rob. Well, it's not just this bunker. There is another room. Oh, what do you mean? I think this guy really likes digging holes. He has like a literal underground tunneling system. Whoa, wait this one's bigger than the other bunker. And there's one invention in here that's so dangerous we saved it for last. Just in case. I'm gonna go over here. But first, Colin showed me a cannon that turns anything into ammunition. I mean, we’ve got bread rolls at the moment. Here it comes. Ok, just do it. I'm about to do it. Get it over with! - About to happen. - I'm terrified! Any second, he’s gonna shoot it. Just go. This is awesome. The whole toilet roll? The whole point of a bunker is to protect you. But I can't say I felt safe once Colin pulled this out. This is my spinning belt of knives. Don't get too close. Oh my gosh. Especially after he started doing this. Have you ever had a knife fall off? No. Alright. Turn it off. You could do that without having a spinning belt of knives. Yeah, but this is so much better. Now Jimmy, check this out. This is a freezer-wave, the opposite to a microwave. So we get some Feastables, we shove that in there, we've got this little thing. He couldn't wait to show us how it worked on some Feastables Cups. Done. Nothing is what it seems. Oh my gosh. Frozen Feastables. - That's cool. Right? - Yeah. Well, literally. But as safe as Colin feels there's no chance it compares to this island paradise, $5 million presidential bunker. Why does it smell like cat pee? It may not look like much, but in 1961, it was more than enough for one of the United States' most well known presidents, JFK. Oh my gosh. What? You're telling me that JFK only had this? But yeah, now it's kind of a dump. These are the presidential bathrooms. You're telling me five mil. But more impressive, we've got a billion dollar bunker so secure that it's the only place you could survive a nuclear extinction. This is not very big. I hope JFK never sees this video 'cause he's going to be like pretty upset at all the other cool bunkers. I have a feeling he won't. Now let's go from the bunker of the past to the bunker of the future. Welcome to the $30 million bunker. This is a 15 story bunker. It's basically an underground skyscraper, and it's built for 75 people to survive anything. First of all, these are armor plated steel doors. The doors are 2 feet thick. How many RPGs would it take to blow through this door? Probably 3. And if that doesn't make you feel safe, there's a sniper's nest on the roof, 24 hour security, and Larry's favorite… Guns. Oh my gosh. So you're ready for an invasion! We aren’t gonna let people steal our food. Can I hold one? This bunker also has its own indoor shooting range. This is insane. Maybe this is all overkill, but if the world was really about to end, who wouldn't wanna live here? This bunker has a hospital, an exam room, a dentist office, a pharmacy. This is jail! And 15 luxury apartments, which we've actually seen before. Dude, I remember. Five years ago, we filmed a video where we did 24 hours in this bunker. We looked so different. I was younger. This apartment 15 floors underground is nicer than most people's not bunker apartments. Washer dryer. This is awesome. And all the other amenities on the other 14 floors. Don't tell Chandler and them 'cause he might get jealous, but I think we'll buy one of these. - Yo, Jimmy. - Oh, what's up? Hey. - I saw there's like another-- - Yo, can you go check out over there? There’s enough rooms for all of us to-- Can you guys check that? I'll take this room, yeah? Jimmy I'll take this room. And if you're wondering what they eat down here. This is our grocery store. You really want this to feel like real life, this is crazy. Y'all got bacon in a can? What kind of bunker would be if we didn’t have bacon? In a can? And if you don't want to try bacon in a can. This is the entrance to the hydroponics. Wow. This is probably one of the most important rooms in this bunker. Instead of dirt, hydroponics use water to grow a variety of plants that would essentially produce infinite food for the residents. And finally, we made it to what could be the most protected pool in the entire world. Oh my gosh. I'm gonna be honest, this bunker is at least 20 times better than every bunker we visited so far. It had a pool, infinite food, a gym, and even an entire rock wall. I don't know how it's gonna get better than this, but somehow there are more expensive bunkers. Let's go check 'em out. And now the $50 million bunker which is underneath this ordinary house in this ordinary neighborhood. But if you look 30 feet underground, you'll find one of the most expensive and most bizarre bunkers on the planet. Let's go explore it. Inside here, it's just a normal house. But there's a secret code to open up the elevator. Blur this because I'll get in trouble if it shows it. Ok. One, two, three… And the elevator opens up. Alright, you guys ready? Now we're going 3 stories underground. If you turn around, you can literally see the-- You can see! This is like all the stone and cement we're going down. That’s so cool. This elevator takes forever. Ok. And-- Oh my gosh. How’d they fit all that in here? This is crazy. This $50 million bunker is designed to look like you're not in a bunker. Dude, hey, feel this carpet. Is this carpet or grass? I don't know, but it feels great. If you're forced to be trapped in a bunker for 100 years this is probably the bunker you would choose because it doesn't feel like one. It looks like you're outside. They got palm trees 3 stories underground. They have a Christmas tree. Even though Christmas was 9 months ago. I guess they just leave it up all year. Let's kick this bunker tour off by exploring the house that is in a bunker underneath. Watch out! Oh my God. The guy who built this bunker is like 5 feet tall. Wait, Tareq, walk under it. I'm good. No, that's not a flex. You're short! Oh my God. What is this place? Whoa! This is huge. This is way bigger than I thought it would be. This is so fancy. It does not feel like you're in a bunker. No, I feel like I'm in a normal house. Obviously, this bunker was designed in a way where if you had to live down here for decades, you wouldn't miss the outside world because it feels like the outside world. Bro it literally looks like you're outside with the trees in the window. Surely if you're own a $50 million bunker, you wouldn't care if I took a Diet Coke. Wait how old is this? Oh, God. Um… Yo. Yo, wait. This expired 2 years ago. It tasted so bad. Hey, Google if I'm gonna die. Yeah, I'm not getting anything. Yeah, it's 'cause we’re 3 stories underground. - Whoa! - Yeah. Where is this? Bro. Yeah, this is it. This is the room. Wait, is this the video where we trapped Hugo and Rayne in a bunker for 100 days to win $500,000? What do you guys think of Hugo and Rayne? - They always fight. - I like ‘em. What if I told you… that was a signal for them to come down the elevator, and they're probably gonna be mad this bunker's way nicer than the one I put 'em, in. What the heck? Welcome to the $50 million bunker! - Hey, guys. - What the-- What do you think? This is a bunker? This is nicer than the bunker I built you guys. - I'm sorry. - Yeah. And don't drink the diet Coke, it expired 2 years ago. Have fun! Yes! Don't fight. Don't disrespect me like that! You’re so stupid. We won't fight. We're watching your bunker video in a bunker, in a house in the bunker below another house. How does that make you feel? What did you just say? Don't worry about it. Let's keep going. It didn't take long for Hugo and Rayne to fall back into old habits. It's all pink! Hugo, I promise, if this was our kitchen in the bunker, I would have cooked for you every night! It is nice, but I still don't think you woulda cooked. No-- Oh my God. Outside this house is a pool! We're still in a bunker, keep in mind. Hugo! Oh! He just jumped in with socks on. So far, my only critique of this bunker: The pool can use some heat. It’s pretty cold. How different would your challenge have been if you guys had a pool? - Very different. - I don’t think I would've left. And to make this bunker even better…. You guys loved our peanut butter cups so much that we decided to make an alternative version with hazelnut. They're only available for a limited time at these select retailers, so go try some before they're gone. And if you haven't already, try our peanut butter cups and tell us which you like more. They taste amazing. And obviously, it wouldn't be a hidden bunker without its own secret escape route. That's the secret exit. Not sure if I'm supposed to show it. And that brings us to last, but not least, the $1 billion dollar bunker, the most secure bunker on the planet! The Cheyenne Mountain Space Force Station. This bunker is shielded by over 2,000 feet of solid granite rock, and can literally withstand the most destructive weapons ever devised by mankind. What happens if we run down this tunnel? Don't ask him. They'll shoot you. Oh. I won't run down the tunnel then. Alright, let's do this. Now, usually this is where we'd have a fancy 3D map showing just exactly how this bunker is laid out. However, this place is so secretive and secure… I need you to put a lens cap on this camera. I legally cannot show anything like that from here on out. And if somehow, you make it past the guards… Can I hold your gun? Or no? - No, you cannot. - Ok, alright. Karl-- don't ask that. Wait, can I hold it? You'll reach this massive nuclear bomb-proof door. Durable enough to protect you from the biggest and deadliest bombs ever created. Whoa! Wait, there's 2? And if all of that somehow wasn't enough, there's a second one right on the other side. If someone blew up a nuke out there, and we were here… We would be good. So this is what we call the welcome wall. This is going in to the compound now. Does that say Space Force? It does. You have Space Force here. These are the 4 commands that operate outside of this bunker. And to ensure complete safety for these elite world leaders, this bunker’s also designed to survive something far less predictable than any enemy threat: mother nature. And it does so by literally floating. They carved out a gap between the mountain and the bunker, and then put the bunker on springs so the shockwave of a nuclear attack or even an earthquake is completely absorbed. Welcome to the most secure bunker on the planet. Alright. We've gone through massive blast doors, walked for an eternity… I can't even tell you how far because it's classified to get here, the most secure place on the planet. Let's see what's inside. And now, we are at the what? The battle deck. Am I allowed to show all this? Everything except for what's on the right. That's definitely not a UFO. But to protect North America from an airborne or maritime attack, this is where the leaders of NORAD would be calling the shots. This is where our General sits. Oh, this felt like the General seat. - Can I sit in the General seat? - Absolutely. Go ahead. Just don't touch anything! Uh, I touched the chair. Is that fine? - That's it. - Ok. I'm the General now! Tareq, ready the systems. Yeah… sure. No! Did you actually touch something? You're not supposed to touch it! - Don't touch anything. - I didn't-- Tareq, they've only told us like 30 times not to touch anything. We gotta make sure for real. Dude! He’s gonna get arrested! Oh my God, I'm so sorry. I am actually so sorry. Tareq might have literally just got us kicked out. Don't touch it again. - Ok. I'm so sorry. - Please don't do that. I'm so, so sorry. Tareq, these buttons could launch missiles for all you know. What's on the other side of those windows? You wanna clap? No way. Really? I just clap? Yup. - Yo! - Stop it! Eric showed us the secret command post at the heart of the bunker. Alright, where am I? You're in the AJOC. Alternate Joint Operation Center. And it's responsible for protecting the air and sea of the entire North American continent. With an unknown aircraft, how many minutes until fighter jets are tailing them? Less than 5 minutes. Then we're getting into some dangerous territory. I can read between the lines. And because they're monitoring every potential threat, you know I had to ask… Any UFOs? Uh, possibly? You can't answer? He’s lookin' at the ground. Oh, nevermind. - Different subject. - Cut it there! So, I finally got permission to film a hallway. Take it all in! Now I need you to put the lens cap back on, Jimmy. Really? Alright, I'll see you guys in the next room. While the number of people that work here is classified, I can tell you it has everything needed to keep hundreds of people alive for years at a time, including a gym, a grocery store… Wait, so many people work in this bunker that you opened a Subway? Correct. I'm about to have the most secure meatball marinara I've ever had. It also has its own fire station. Yes, with fire trucks that drive on actual roads inside this mountain. Alright, hold up. Oh, let's not run with that. - No running with that. - Alright. I got you. They usually practice on dummies, but we brought one of our own. They better save me. - He's unconscious! - Slap him in the face! - Get him up! - Wake up! Sorry. - Lift me up! - Hurry! Sir, how would you say we did? Uh, probably a 4/10. That's 'cause we didn't do enough CPR! More! Wait! I'm good! Some bunkers hide in backyards. And with enough money, hide under entire neighborhoods. Others go beyond survival and are so luxurious that they have their own water park. But none compare to this: an underground city with its own power grid, endless hallways, highways, and multiple lakes. This bunker one day could be what defends North America and humanity. One last thing I need you to do. Cover the camera. Before I do, could you say the U.S. military will hunt them down if they don't subscribe? Absolutely not. Ok, I tried. Thanks for coming out.",0.01769043960885813,0.282593063864645,17,Video,13
oBXSvS2QKxU,100 Kids Vs World's Strongest Man!,20251011,@MrBeast,MrBeast,1640,False,172204763,2856390,52000,https://i.ytimg.com/vi_webp/oBXSvS2QKxU/maxresdefault.webp,https://www.youtube.com/watch?v=oBXSvS2QKxU,"No one could have predicted that outcome at the end lol

Feastables launched a new variety bag in Costco just in time for Halloween so you can give out mini sizes of our favorite flavors to trick-or-treaters! Find a store near you 👉 https://www.costco.com/w/-/locations FeastablesPartner

Incase you noticed the turbines moving during the Plane Pull section of the video, we just wanted to mention these engines were on idle therefore not sucking in any air. In order to control the planes braking system you have to have the engines on idle, which is standard in every strong man competition. We also had 2 pilots in the plane with full control of the aircraft along with personnel in contact and guiding them to ensure everything was safe for the kids, parents and crew we had on set that day.

New Merch - https://mrbeast.store

Check out Viewstats! - https://www.viewstats.com/

SUBSCRIBE OR I TAKE YOUR DOG
╔═╦╗╔╦╗╔═╦═╦╦╦╦╗╔═╗
║╚╣║║║╚╣╚╣╔╣╔╣║╚╣═╣ 
╠╗║╚╝║║╠╗║╚╣║║║║║═╣
╚═╩══╩═╩═╩═╩╝╚╩═╩═╝

For any questions or inquiries regarding this video, please reach out to chucky@mrbeastbusiness.com

----------------------------------------------------------------
follow all of these or i will kick you
• Facebook - https://www.facebook.com/MrBeast/
• Twitter - https://twitter.com/MrBeast
•  Instagram - https://www.instagram.com/mrbeast
•  Im Hiring! - https://www.mrbeastjobs.com/
--------------------------------------------------------------------","Who would win in a game of tug of war? The strongest man on earth or 100 kids? Three, two, one… Go! And that's just the first of some of the most epic competitions you've ever seen. We're racing the fastest jet pack in the world. We have the world record high jumper in a dunking contest. We have the world's best soccer player competing against celebrities, starting with the fastest woman on the planet vs. these 100 men in a race. When did you win these 3 gold medals? -Two weeks ago. -Literally two weeks ago. How many gold medals do you have? Zero. Yell if you think you can beat her. [yelling] We’re not losing! Easy dubs baby, let's go. Between us are you confident you're gonna beat them? -Yes. -Ok. Hey, guys. I'll give you 100 grand if you beat her! [cheering] [Jimmy] Alright, please don't lose. Please don't lose now. This is a race to the finish line, and the first to cross wins. $100,000 to anyone faster than Melissa. Three, two, one! Alright, they’re off! They’re off! Can any of the guys beat the fastest woman on the planet? Let's go! Oop! Ugh. She's ahead! Oh! She's ahead! Oh, it is actually close! She's currently in the lead! Wait. 35! 35 is gaining on her! Wait, she’d speeding up! She's going faster! Oh my God. Oh, look! Oh, she was first! Oh my gosh! Whoa! Woo! [Jimmy] You won! Shocker, you won. 35, you were actually not too far behind. [Melissa] Good job, I saw you. Great job! -Wait, do you do track? -No. Oh, you probably should. Shocker, the fastest woman in the world is very fast. Let's go to the next event. For our next challenge, we have the smartest, greatest, #1 jet ski racer on the planet: DJ Khaled. That's right. Miami zone 305. I'm ready to go. I don’t care who's on a jet ski. -Well-- -You know I run the ocean. -You, you’re- -I am gonna come out on top. Well, you're not racing someone that's using a jet ski. Uh, you'll see. -You're cleared for takeoff. -Takeoff? Just look right over there. You're racing the #1 jet suit racer on the planet. I don't know what that is. I didn't either, but apparently, people actually race in jet suits. And this guy is the best in the world. So is there a trophy? Is there… Yeah, the winner gets a huge trophy. -Ok, cool. -Yeah, I'll take that. Um, hey, can we get a trophy made before the end of the race, please? Thank you. The challenge is simple. DJ Khaled will be on a jet ski while Issa takes to the skies. And the first person to complete one lap through our course is the winner. Gentlemen, are you ready? Three! Two! This guy can't beat me. One… Go! Go! Go! And they’re off. Alright, DJ Khaled is in the lead. But Issa’s right behind him, and he’s catching up. They're turning the first corner now. [DJ Khaled] Woo! Woo! Oh he’s catching up! He’s so close! Issa’s going faster on the straightaway! [Jimmy] Oh, no! [Majd] He’s just blastin’! [Jimmy] He caught up to Khaled. [Majd] Go, Khaled, go! But it's not over. Wait he could still actually win. These turns are where the jet ski will go faster. Khaled can gain ground. Go, go! Khaled go faster! There's only a few turns left. This is your last chance to be the greatest. [Majd] Wait, Khaled’s catching up! Go, Khaled, go! Go, go! Woo! Woo! [Jimmy] What are you doing? Go, Khaled, go! The race is still going, but Khaled’s celebrating? Woo! Woo! Let's go! Oh my gosh. I think Issa did it! That was a blowout. Jet suit was so fast. And then there's DJ Khaled. [DJ Khaled] We the best! Sky can’t beat me! We did it! You won, but Khaled is celebrating like he won. Woo! It feels so good to win. No, I won. -Brother. -Bro, I won. Brother, we all winners. -You're gonna have to take-- -Another one. Make sure my trophy's ready. Imma put it beside all my other trophies. Alright, let's go to the next challenge. You definitely won, but it’s fine. Congrats, Khaled! I've brought back a couple of people you might recognize. We have Speed, Ronaldo’s biggest fan on the planet going against Khalid, who defeated Ronaldo, the best soccer player in the world. Which, I don't know, might make Khalid the best soccer player in the world. If Speed wins, I will give a random fan of his 100 grand. If Khalid wins, he gets 100 grand instead. Sorry Speed fans. Let's go. Let's go. Alright, the rules to this game are simple. First person to hit three targets wins. Exactly like the game you beat Ronaldo in. Back then I said it's a 50/50 chance, but now it's like 90/10. Whoa. You're that confident? He's still confident. He beat Ronaldo. Ronaldo wasn't trying, so now he thinks he’s all rainbows and horses. -Let's go! -Everyone back up. Good luck. Ok Speed, $100,000 for your fans on the line. For Ronaldo and my fans. I gotta do it for them. Will he hit a target? Hit it. [Jimmy] Ooh. Where'd that go? Speed completely whiffed his first shot. Let's see if Khalid can go up by one. [Tareq] Oh, he got close. [Speed] He's too accurate. Oh my God. That was close. Alright, Speed's going right into it. What's going through your mind? Bro, Beast is like. Bro. He's like-- Beast. Beast, Beast, Beast, Beast. Jimmy, give him some space, bro. My bad. I'm sorry. That was Chandler, not a target. [Karl] Chandler is not red and white. [Jimmy] Alright, it's on you. Whenever you're ready. You don't have to keep going easy on him. The slow mo. Oh! [Khalid] Let's go! C’mon, bro. Out my face, bro. Oh my God. In his face. Bro, congrats. I think Speed's actually getting mad. Well, if Speed doesn't hit this, he might be doing what Ronaldo did. Ooh, it's just under. Are you gonna show no mercy? Are you gonna Ronaldo him? [Majd] Oh my God! [Taeq] That’s two! Oh my gosh. [Jimmy] Speed! Do it for your fans. Alright, surely he hits one. [Jimmy] Oh my gosh. I've known Speed for a while, and I could tell that he was actually getting mad. Oh my God. This is literally to a T what happened to Ronaldo. You’re about to beat Speed after beating Ronaldo. No shot. No shot he just ends right here. No shot. [Jimmy] Oh! Speed, I can't believe I'm saying this but you're about to get 3-0’d by Khalid. I hope Ronaldo isn’t watching. -[Tareq] Oh! He hit it! Let's go. -[Jimmy] He got it! He got a point! You're in this now, man. Bro, he's so locked in. This is the quietest I've ever seen Speed in my life. [Jimmy] Oh my goodness. [Karl] It's a beautiful goal. This is aura if he wins. [Karl] This one’s for Ronaldo. -[Jimmy] Oh! So close. -[Majd] Oh my gosh. They kept going back and forth. And even though Khalid was confident, he was struggling to make that final shot. [Majd] Let’s go, Speed! [Tareq] Feet is not changing. He tied it! He tied it! He's not even saying a word. [Tareq] 2-2! Speed, the world wants to know. What-- something, give us something. Ronaldo. Whoever hits the final target wins. Khalid, you could end it here. If you don't… he could end it. [Tareq] Oh my God. [Jimmy] The dagger! [Majd] I tryna to hype you up! I couldn't believe it. These two kept going back and forth, and I knew that in any moment, either one of them could win the $100,000. This is Speed's opportunity to end it all. Get the dub. Oh, he did it! He got it! Congrats to this Speed fan for winning $100,000! GGs bro. GG bro. This is the strongest man in the world. Later in the video, we're gonna see if he can win a tug of war against 100 kids. But first, to showcase how strong he is he’s seeing if he can pull this plane weighing over 50,000 pounds over 75 feet. This is who you guys will be going up against! He got nothing on me. Go! [grunting] It's not budging. [cheering] [grunting] Wait a minute. It's moving! He is literally pulling a plane. This is your opponent. What? [Jimmy] Oh my gosh. [Kid] We’re gonna win! [Kid] You suck! [Jimmy] Oh my God! [Jimmy] Oh! Oh! He just pulled a plane! Do you think you can beat him in tug-of-war? We'll find out later in the video. For this next 1v1, we crashed a Savannah Bananas baseball game. Hi, everybody! How you guys doin’? Before I came out here, out of 40,000 people, I had them pick two random seats. So will Kyla W. and Bowin H. come on down? So here's what we're gonna be doing. Chandler, come on out. If Chandler gets on base, she will win $50,000… Come on, hit the ball! Alright, that's the goal. But if the Tailgaters get him out or anyone in the stadium catches the ball, he will win $50,000. Three pitches, three strikes. I got you, man. $50,000 at bat in front of 40,000 people, Chandler. Good luck. Here comes the first pitch. Strike one! Your odds are not looking too good so far. If he gets three strikes, he's out. Come on! Here's the next pitch. Oh, man. It's going into the stands! If a fan catches that, he's out. Let’s go!! Sorry, Chandler. You're out! To that fan over there that caught the baseball and won you $50,000, what do you want to say to them? Thank you for $50,000. I just showed up to this game and won $50,000 because Chandler sucks. So, of course we found the fan that caught the ball and brought him down to the field because we wanted to also give you $10,000 for getting Chandler out. Let's go! Chandler, what do you want to say to him? He's the reason you got out. Why would you do that to me? My bad, my bad. It’s alright. Congrats. Chandler, that was embarrassing. I know, I'm a little sad. I'll put up another 50 grand if you wanna run it back. I do! But since this was an actual baseball game, we'll have to wait for the next inning to end. Alright, it's time. If Chandler gets on base, Kyla here-- unlike last time-- will win $50,000. But if the Tailgaters get him out, then Brian, the fan that caught Chandler's foul ball will win $50,000 on top of his 10,000. What do you wanna say to Chandler over there? All he has to do is get on first base. Keep your eye on the ball… and make sure you use your hips. What do you have to say to your pitcher right here? I need you, bro. -I got you. -I need you, bro. This is Chandler's last chance. It's time to lock in. Here comes pitch #1. Swing and a miss! One strike. He has one strike, but we’re still good. It all comes down to this moment. All Chandler has to do is get to first base. Oh! Oh! [Kyla] Go, go, go! It's gonna be close! [Jimmy] Aww! Your dad just won fifty grand! Yeah, let’s go! Is your dad the coolest dad now? Yeah! Anything you wanted to say, Chandler? Umm… I'm sorry? Yeah. Let's, uh-- let's go to the next bit. Next up, we have one of the closest competitions we've ever done. If this amateur, Johnny, can manage to hit this golf ball all the way to the middle of the lake and hit this Tesla, he keeps it. And, no joke, Johnny is literally a random guy found on a golf course. Are you subscribed to MrBeast? Yeah. For sure. Are you free for the next couple hours? I can be. Come with me. But, if two-time major champ Bryson DeChambeau, one of the greatest golf players alive, hits it first, I will give his biggest fan the Tesla instead. Let's go. And obviously, since he's the best golf player in the world, we're gonna give you three shots for every one he gets. Good luck. Alright Johnny, you're up first. Three, Two, One! [Majd] Oh my gosh. [Bryson] Oh my gosh, that might actually hit it. [Majd] Wait, that actually might snipe it! [Jimmy] Did he do it? [All] Oh! Oh!! -It hit right in front of the Tesla! -It’s right before! Oh, I'm getting real nervous. [Jimmy] Alright, two more. [Fan] Ah, there you go. Left, left! Wait. That one was way off. Alright, I gotta get it right here. Last shot, and then it's Bryson's turn. [Chandler] Oh… [Fan] Turn right! [Johnny] Turn! [All] Oh! Oh my gosh, that almost hit me. Alright, Bryson, I need a ride home. The bus dropped me off, so I don't wanna carry these clubs all the way back. Hey, come on. Bro, is he gonna one-shot it? Come on, Bryson Rochambeau. Best golf player on the planet. [Fan] Go, ball! Get left! [Tareq] Oh, whoa! Whoa! [Jimmy] Aw, to the right! [Bryson] Got three more shots. Nothing special here. [Jimmy] Is that it? -[Fan] Get away from it! -[Johnny] Oh, come on! [Johnny] That's it! Right over top. This is his second. [Fan] That took a good turn, baby! Come on! [Johnny] No… Oh!! It hit the dock, but not the Tesla! That was so close! Three more shots, Johnny. You're not gonna get many more chances. [Johnny] Aw, yanked it again. [Jimmy] Karl! We're good! And while they're whiffing, let's talk about our brand Feastables. We just released a 70-count pack, and it has all of our favorite flavors in mini sizes. Milk chocolate, milk crunch, and creamy peanut butter cups. That’s pretty good. This is the most Feastables you can get one bag, and it's exclusively available at Costco. It’s here just in time for Halloween, so get yours today. [Jimmy] Thanks, Karl. Now watch your head. [Fan] There it is! [Bryson] Please, please, please. [Jimmy] Is that the money? -[Fan] Oh, my-- -[Bryson] No way! [Chandler] Whoa! [Johnny] What? [Chandler] That is crazy. [Majd] Johnny, you got this! [Johnny] No… Really yanking it. Alright, my turn. [Fan] That's it. [Fan] Get left. [Jimmy] It's on point. [Fan] Oh, my-- Go, ball! [Karl] That might be it. [Fan] That's it. -[Fan] Oh, the dock again… -[Bryson] Oh my gosh! That landed right in front of us! This is rigged. Completely rigged. You need to lock in, Johnny. Bryson keeps getting closer. This might be your last chance. [Fan] No! [Majd] Fore! [Jimmy] Heads, heads! The amateur’s getting tired. Are you tired, Johnny? Do you want Chandler to get a shot in for you? I can do in five tries right now. Oh, my gosh, he called it out. Let’s see what we got here. Oh, Chandler's hitting now? Dude wait, I’m gonna piss him off. Beep the horn as soon as he hits it. Chandler is subbing in for Johnny, but it will still count for him. Who honked at my swing? If it's Nolan, I'm gonna kill him. He's gotta be mad! Chandler, this is your team's third shot. This could be your last chance. [Nolan] Chandler doesn't have a chance. [Chandler] Oh, man. Oh, yeah! [Johnny] Chandler, I'm begging you. [Jimmy] What are you doing? [overlapping voices] Chandler-- Chandler, Chandler… [Karl] You got this, Chandler! Lock in! Keep going. Keep turning! Go! [Karl] Oh, my-- Oh!! I did it! I’m better than Bryson DeChambeau! Bryson, I have to walk. [Chandler] Let's go. Congrats on the Tesla! Woo! Chandler, you're better than Bryson DeChambeau. Let's go to the next bit. Let's head to our final challenge before 100 kids face off with the world's strongest man. Up next, we have Darius-- famously jumped higher than a tiger, topping his own world-record vertical leap-- doing a dunk contest vs. Druski. Yes. With a trampoline. Well, that helps. There is one catch: You will have to dunk on this 10 foot goal, but each round, we’ll be raising its height by half a foot until one of you can dunk, and the other can't. Let's see what you're up against, Druski. Darius is gonna be going first. We're starting off with your typical 10-foot hoop. Alright, lemme see if I still got it. Let's see, Darius. Oh my gosh, wait! Yo, he just trick shotted on you! -He said, a normal dunk’s too easy. -That ain’t nothing. I got something. Boys, bring in the trampoline! Druski’s turn on a 10-foot goal. We gonna have somebody test it before I go up? You worried you might break it? 'Cuz you had some of your boys set up some of this stuff. You won't die. Ok. Alright. You'll be good. Make me like Mike. Alright. Michael Jordan! [cheering] This is actually gonna be an intense dunk contest. Hey, that trampoline work, don’t it? Yeah. Raise the goal to 10.5 feet! On you. The #1 jumper on the planet. Oh my gosh. Alright, 10.5 feet when you're ready. Make me like Mike!! Come on, Druski. [Druski] Ah! [all cheering] -[Majd] Let's go! -[Tareq] Are you ok? Ah! Druski! Are you ok? Yeah, yeah. Alright. Cool, cool. Where's the prize money? It's about pride. It's about showing up the highest jumper on the planet-- No, I said prize, not pride! Yeah, it's about pride. Ok. Alright, 11 feet. Raise it up. Alright, surely he can do 11 feet. [Jimmy] Ok, ok. Whoa, I think we're getting to his limit. [Darius] 11.5, that's gonna be tough. But I don't know if Druski can do 11, though. I can do 11. Bring out the trampoline! Come on! Let's go! I can see him shaking. You see him shaking? Yeah. Druski, this is a big moment. 200 million people are gonna watch this. Where's the $200 million man? [Jimmy] Ok. Mm, maybe next time. Alright, Druski, 11 feet. This is gonna be interesting. LeBron James! Agh! [grunts] [cheering] [Jimmy] Let's go! Yeah! Let's go! [Nolan] Watch out! We gotta do the next one. Y’all chill out. He made that look easy! What’d I tell you? To be honest Druski, I actually don't know if he can do 11.5. What?! Set it up! I don't like, look-- Oh my gosh! It's- You can hoop? That was a bucket. That goal is terrifying. Bring in the ladder. It’s a long way up. Oh my gosh. Darius, you touched both feet in the air when you beat Luna the tiger. But there's a difference between jumping 12 feet and getting your hand in a ball in this rim. Is there any human on the planet that can dunk on this goal? We gon’ see. The highest jumper on the planet! Let's see if he can do it. [Darius] Let's do it! [Chandler] You want a lob? -[Darius] Yeah. -[Chandler] Yeah? [Jimmy] Ok. In front of the entire world, can Darius, highest jumper on the planet… [Druski] Woo! dunk on an 11.5 foot goal? Chandler is gonna be alley-ooping it. Got my faith in you. Alright. [Jimmy] Oh no! He missed! [Nolan] No way! Druski, if you hit an 11.5 foot dunk, you win! Yes! -You got this, man. -I got this. Everyone is gonna think you're an athletic freak in nature. -I was always an athlete. -Everyone will respect you now. No, they always have… Put that ball in the hoop. People have always respected me. What are you talkin’ about man… [Tareq] Let's go Druski! -Off the backboard right? -Yeah. Alright you don't need that anymore then. Ok. -Come on, man. Don't let me down. -Deep breaths! I got you. Druski, are you the most athletic man on the planet? -Be honest. -I am. Prove it right here. Come on Druski! I'm like Vince Carter! [cheering] Oh my gosh! [Tareq] Hey! He's too fast! Yeah! I've never seen him run that fast before! Yes sir! Whoo! I told you man, when we started this, I was more athletic. [coughs] Y’all could bring the water in. Yeah. -Hey you need to sit down? -No, it's good. I told you. You can jump higher than a tiger, but not Druski. But not Druski. Let's head to the next challenge. And now, our grand finale is one of the world's craziest battles of strength. This is the strongest man in the world! And he's gonna be playing tug of war against these 100 kids. That is a lot of kids! That plane you were pulling earlier weighed 50,000 pounds. So in theory, you should just be able to drag them. It sounds so simple when you say it. Well, simple doesn't mean easy in this version of tug of war. You'll have to pull the other team's red marker across the red line, and you'll win the round. If you guys win, I'll give you Feastables! Yeah! [cheering] -Are you ready? -Yes! Are you ready? Yeah! [cheering] Three, two, one. Go! [Tareq] Pull! [Nolan] Pull with everything you got! Oh my God, the kids just gained momentum! Fight! Fight! The rope’s across the line! The kids just destroyed him! Alright, bring the rest of ‘em out! I brought the 10 strongest men on earth! These guys are freakin’ huge! I've never felt so small in my life. [singing] You aren’t scary! Standing in front of you is over 2 tons of raw muscle and power. These titans have won strongman competitions across the globe, and together they can lift the weight of 4 pickup trucks! And now we're going to start adding strong challengers to each new round to see how many it takes to beat 100 kids. Starting with 2019’s official strongest man in the world! Alright, surely this time you can resist, what, a couple seconds? We better be able to. It's past your bedtime! Go to sleep! No! Alright. Three, two, one… Go! [grunts] The kids just yanked the rope! Oh my God, they're waxing ‘em! [Nolan] You got this! Oh my God! Stop! [Nolan] The kids just destroyed ‘em! [cheering] That was almost instant! So this isn't going right. I think we bring in 2 guys this next time. Let's go! Let's go! Now we're gonna up the strong team to 4! This should be… a little closer. Ready?! Go! [Jimmy] Oh my God, the strong team isn't budging! [Nolan] Pull with everything you got! [Jimmy] The kids are pulling them now! Oh! Oh, the kids are winning! The kids are winning! [Tareq] This is too easy! Whoa! They just destroyed ‘em! Well, since 4 still wasn't enough to win, we upped the strong team to 6. Go! This round started off neck and neck, but then the kids dug deep and dragged the strong team over the line. Light work! Easy! [Jimmy] That's crazy. Eight absolute giants are stepping up to the rope! If the kids wanna take this round, they're gonna have to give it everything they've got! Three. Two. One. Go! Pull! Oh, they're holding ‘em back! Pull! The men are standing their ground! Pull! The kids are pulling them now! [Nolan] Oh, this is closer! But the kid's got it! [cheering] We’re aura! Light work! Light work! Too easy! You're goin’ down! I see the fear in all your eyes! All ten! Ok. [cheering] And now, the moment we've all been waiting for… The ten strongest men on the planet! Weighing over 4,000 pounds, 7 world championships vs. 100 kids. Are you ready? [cheering] Remember all the squats you've done? All the huffing and puffing over the years? The difficulties all have led to this one moment of glory! Alright, this is it! Both sides ready! Three, two, one… Go! Dig in! Dig in! Everything you’ve got! Oh my God, the kids are pulling them! Look at that teamwork, they're taking off! The guys are losing ground! Hold! Hold! [Jimmy] Oh, they’re holding it! Dig deep, give it everything you have! All of your hard work comes down to this one moment! Show these kids what you can do when you dedicate your life to one thing! Dig in! Oh my God, he's slipping! -[Nolan] Pull! -[Kid] Let’s go! Oh! Fight! Fight! Fight! Pull! You're gonna do it! You're doing it! [groaning] [Nolan] Yes! [Jimmy] You won, let’s go! You won! A hundred kids beat the 10 strongest men on the planet! I can't believe the kids won! Subscribe!",0.01688913796188088,0.2818028010252481,18,Video,14
JFtlf8RoPZY,Trapped On An Island Until I Build A Boat,20260321,@MrBeast,MrBeast,1813,False,123053309,2711268,114000,https://i.ytimg.com/vi_webp/JFtlf8RoPZY/maxresdefault.webp,https://www.youtube.com/watch?v=JFtlf8RoPZY,"I cant believe we got that far

Write 4x faster with the Typeless voice keyboard. Just speak naturally and Typeless turns your speech into your best writing by understanding your intent: removing fillers, refining wording, and structuring your sentences. Works in any app on any device. Download Typeless here:
https://www.typeless.com/mrbeast

If you noticed any trash in the video, we had a crew cleaning the beaches both before and after filming the video. All the garbage collected was then transported to a waste and recycling facility.

New Merch - https://mrbeast.store

Check out Viewstats! - https://www.viewstats.com/

SUBSCRIBE OR I TAKE YOUR DOG
╔═╦╗╔╦╗╔═╦═╦╦╦╦╗╔═╗
║╚╣║║║╚╣╚╣╔╣╔╣║╚╣═╣ 
╠╗║╚╝║║╠╗║╚╣║║║║║═╣
╚═╩══╩═╩═╩═╩╝╚╩═╩═╝

For any questions or inquiries regarding this video, please reach out to chucky@mrbeastbusiness.com

----------------------------------------------------------------
follow all of these or i will kick you
• Facebook - https://www.facebook.com/MrBeast/
• Twitter - https://twitter.com/MrBeast
•  Instagram - https://www.instagram.com/mrbeast
•  Im Hiring! - https://www.mrbeastjobs.com/
--------------------------------------------------------------------","We are now stranded on this island in the middle of the Pacific Ocean. And our only way off this island is to build a sailboat and then set sail over miles of open ocean to that other island. Why? Uh, because they like when we suffer. Let's kick this thing off. Let's do it. What are we looking for? Uh, things to build a sailboat. Wait, have you guys sailed before? No. But I do know we need a camp. Yeah, I'm sweating already. I think this would make a good spot for camp. Yeah, let's do it. You guys can't see that 'cause it's a 3D animation, but that's what we have to build. That's impossible. I mean, if we don't build that, we're just stuck. I think you've actually gone crazy. Before we start construction on the sailboat, we need to gather supplies and start building a shelter so this island doesn't kill us before we can escape. The reason why we're doing this challenge is I've always wondered, if me and my friends were stranded on an island, would we be able to escape? Yeah, every young man wonders that. And so we're not stuck on this island as old men, the fort's coming along very well. We unloaded the crate, which has a small amount of survival essentials. This water might seem like a lot, but it's gotta last us until we build a sailboat. And I genuinely don't know how long that's gonna take us because in reality, we're just a bunch of YouTubers trying to build a shelter out of nothing. Ideally, it sits higher. Chandler, I have an idea. All right, let's go. Ok. I got it. -[Chandler grunts] -[Jimmy] Whoa! All right, Chandler, how's the knot going? Don't kill me. All right, it's done. Get me down. How do I put him down? Squat! We're struggling to build a camp. Imagine when we get to the sailboat. Yeah. Oh, boy. This might last a while. -Oh. -Sweet. Yeah, this is gonna last a while a while. But this was only the beginning. Little did we know, this challenge will push us far past our breaking point, testing our will to survive as a group. Starting to get tunnel vision. We gotta paddle! Big wave, big wave! [group exclaims] The sun was setting fast, so we very safely lit a fire. -Ooh! -Oh, drop it! And then made a game plan. Nolan, have you built a sailboat? No. Chandler, have you? No. I haven't either. That is why Hase is here, because in a previous video, he kinda built one. And tomorrow, we begin building the sailboat. -Let's do it! -Yeah! I have no idea how we're gonna do this. But we're stuck until we do. First day, we built a shelter. It's like a tree fort. I'm looking forward to sailing with a bunch of guys who've never sailed before. Since Hase is the only one that knows what he's doing, on the morning of Day 2, he was the only one working on the boat. Hase, what're you doing, bro? Trying to get out of here. Everybody just creased their eyes open, and you're out here building. What're you doing? This is our little miniature. We got two hulls. So then on top of that, we have cross beams, then right here is our mast. Where's the sail? Nolan, we need your shirt. Why my shirt? I don't need all of your shirt. Whoa, whoa, whoa! Dude, I'll just give it to you. [laughs] Let's see if it floats! It floats! [cheering] We now have a working prototype, but we need something 30, 40 times bigger, can hold 1,000 pounds and take us all the way to that island. And we're stuck here until we do that. [chuckles] Well, we better get on it. First, we need to gather materials. You know what makes for a great sailboat? Bamboo. Bamboo is very light, which makes it buoyant. This is big if we can find enough of these. But all of the bamboo is deep inside of this jungle, and I have no clue what dangers are lurking inside. Hase called an emergency meeting. What's up? Ok, so before we go into the jungle, things you gotta look out for. The Fer-de-Lance snake, the Yellow Eyelash Viper, and the Wandering Banana Spider. You serious? Ah, we'll be fine. Let's go get some bamboo. Ah! [whining] Dude, there's, like, ants in my shirt. [groans] What would happen if I poked this beehive? Don't do that. [laughs] I would never do that. Everything is trying to kill us here, I swear. [screams] What is that? Dude, a bird! [mock screaming] [laughs] Dude, there's like crates that we can put stuff in. Dude, that's gotta be useful for something, right? I hope. Just gonna have to take our time getting back. Boys, you got a lot! Yeah! This is great. Any container, if it's sealed, it's, like, more than gold. Large ships pass through here and dump trash into the ocean that washes onto this island. Trash that we could repurpose. We can use it to build a sailboat. Yeah, we're cleaning the beaches up and escaping. There might be some washed-up stuff over there. We need to scour this entire island. These things gotta be perfect. Oh, is that what I think it is? I found another one of these blue containers, but it's been completely smashed open. That sucks. Hey, Jimmy! Check this out. Bro, we gotta check if it floats. Does it float? Ah! [laughs] It floats. Ok, that's big. Yo, another blue container. This one looks intact. I can't believe it. Ugh, I'm about ready to pass out of heat stroke, but it makes it all worth it. We now have enough materials to start building the sailboat, but with the heat, we didn't have the energy to start construction today. I'm starting to feel like we didn't accomplish much today. I know the guy with the fish on his head ain't saying that. Take that back, sun hat! Whoa. [laughs] That crossed a line. Sailboat on three. One, two, three… Sailboat! Day 2, everyone's exhausted. Jimmy, are you happy with how much we got accomplished today? At this rate, it's gonna take a month. [all laughing] Get some rest, boys. In the morning, we got a sailboat to build. Good night. -[screams] -Oh, my God! -Ooh! -Nolan just, uh… Nolan just woke up to a spider in his bed. [all shouting] It's right there. Ow, that's a big one. That's the bad one. Nolan, get it! It's coming towards me! -What do you want me to-- -Oh, my God! Get it out of here! Ow, you just flung it everywhere! All right, we handled it. Can you go back to bed and stop seeking attention? [laughs] I don't know if I can sleep. Good night. It's still hunting somewhere. The next morning, we didn't feel like melting in the sun like we did yesterday, so we decided to move our work area to the shade a ways up the beach. Words cannot describe how hot it gets on this island. We need to relocate to where there's shade so we can actually build all day, instead of just a couple hours a day. And on our way to the new spot… [gasps] Gold mine! Chandler found a third barrel, making it more likely that our sailboat will actually float. [sighs] The boys are tired from scavenging, but we finally have enough bamboo and wood to actually build a good sailboat. Let's build this thing! Let's build it! Let's do it! Get out of here… as soon as possible, please. I know this doesn't look like much, but this pile of sticks and trash will somehow become a sailboat. It's just gonna take a lot of work. I'm tired. Give me that! Darius, you go do something. I'm gonna film. Wait, what? Oh, Chandler's filming now. -I'll film you. -Do you want me… Chandler? I'm taking a break. Did you just sub in our cameraman? Here, go help them. Oh, my God. -All right… -Darius, I guess you're helping. All right. All right, I hope you know how to build a boat. Uh… 'Cause we don't. With Darius promoted to sailboat duty and Chandler behind the camera, the raft was finally coming together. But if even one of these knots is loose when we get hit by a wave… Ah! we will sink in the middle of the ocean. It's time to build the poop deck! Poop deck? Isn't that what they call it on ships? I don't know. Why do they call it a poop deck? That's where you go poop. To be clear, nobody's allowed to go poop while we sail. This bamboo right here is our ship deck. It's actually starting to look like a sailboat now. Yeah, it's coming together. Oh, man. Look at that! Let's go! We can start tying, even out things, construct the sail… or we can go have dinner. We could have dinner. Dinner, 100%. Ok. Have we come up with a name for it yet, or are we waiting for that? Are we waiting for that? Chandler, what's the name? [burps] All right, that's the name. [laughs] The next morning, Hase began to notice a possible advantage in the tides. When the tide comes up, when the tide goes down, it pulls the water away from the shore. So, if we can hit that tide, it's gonna rip us out to the ocean. But, if the wind is wrong and the currents are wrong, you could give me a motor, and we will not get to that island. And I feel like everyone's counting on me. So, if I pull this off, and we actually accomplish what we set out to do with guys who have never sailed before, I would cherish that memory for the rest of my life. Boys, how are we feeling? Tired. My body hurts bad. I'm tired of having sand everywhere in me. I'm feeling great. I slept really good. Shut up. The objectives for today are clear. We tie down the poop deck, gather materials to make paddles… Then we build a sail? No. Then we test it, make sure it floats. If it floats, then we build a sail. If it don't float, I'm swimming. When Chandler and I went to find materials, I realized most of this video so far has just been us foraging through trash, trying to find what we need for a sailboat. But this trash was our only hope for getting off this island because we still needed that fourth barrel. We're uneven. Like, that end's gonna be weird. Yeah, we need a fourth barrel. Well… yeah. I really think at this point, we just have to literally walk until we find it. I just want you to know right now, it is like a hundred degrees. I am sweating. This island is unbearable. Oof. How'd it go, Chandler? Did you get what you needed? He doesn't seem to be in a happy mood. You gotta play to everybody's strengths. One lash tied the wrong way and this whole thing could fall apart. I can tie knots probably better than anyone here, so I should be the one doing 'em and checking 'em. We're still looking for a blue barrel. We've been literally scouring the beach for two hours. This is ridiculous. Wait, hold on. You see something? There's no way. No way! Boom! -Come here! -This is crazy. [laughing] Let's go! -Oh, my god. -Aw, man. We have to carry it back… through a mile of rocks. Oh, my god. I'm gonna pass out. You ok? I don't think I can carry it… legitimately. I think I'm gonna pass out if I try to carry it. Dang, I should've brought my water. We found this metal thing washed ashore… [grunting] And we're gonna build a fire under it, so we can boil pieces of plastic that we can then mold into paddles. All right, let's go get some more firewood and see what happens to the plastic. Not carrying the water was a bad idea. Yeah, I'm starting to get tingly fingers and tunnel vision in the eyes. [panting] Ah… Oh, my god. It is… so hot. Darius! Darius! Darius! I'm not going searching for anything. Or carrying it back ever again after this. Hase! That is one of the most beautiful things I've ever seen. Darius is walking up with a blue barrel. Hase, I think Nolan needs help. He's not looking too good. I got you, buddy. I got you. Chill out. He's gonna pass out. Water. I need water. Drink, drink, drink. Camel up. [groaning] Honestly though, he came back with a barrel and a rudder. Worth it. We might actually be able to do this, Nolan. Nolan? Mmm… This was one of those moments that we realized, it was going to take all of us working together to succeed. We had already gone through more than half of our water supply, so we literally cannot afford to stay here much longer. And now that we had that last barrel we needed, it was time to lock in. All the barrels are now latched into a cradle. These are gonna be the mechanisms that keep us afloat, and they are not going anywhere. -Hopefully. -Well, if they do, we're just gonna sink. And then we're gonna have to start all over. So, now that that's done, it's time to do the crossbeams. This is the lashing we're gonna be replicating for all 17 beams. And we also have to do it on both sides. [grunting] And you broke it. We're trusting this rope to hold us together while we sail across the ocean. We're now at a critical junction. We have two options. Keep building, cross our fingers it works. And if it falls apart on the day of, we're just screwed. Or we can take a break, put this in the water… and you know, see if it floats before we go any further. See if she floats. Let's go swimming. Let's do it. All right. Woo! All this time on an island leads to this moment right here! Come on! We're gonna trust these knots. We're sailing us to that island over there. Ope, and you broke it. I'm not like, a, shipwright or anything. I just, like, know some stuff. It floats! [cheering] It's floating! Yeah, baby! Yes! The boat actually floats! Yes! We passed the float test. This is crazy. Now, picture this with an actual floor, a sail, some rudders, and some oars. Boys, we're gonna be cooking. We're going to that island. This is the first time in this entire video where I've felt like this is actually possible now. On this channel, we do so many videos where we build massive sets, and we bring down hundreds of contestants, and we give away large prizes, like a million dollars. And honestly, sometimes it's just nice to, you know, get dropped off on an island with your four friends and build a sailboat. Like, it's hot. There's bugs. This is definitely one of the harder videos. Don't get me wrong. This isn't easy, but there's just something so fun about hanging out with the boys again. We used to do videos like this all the time, and not really sure why we stopped, but I'm gonna have a lot of fun. I think if we lock in by the end of tomorrow, we could have a sailboat. And then, day after tomorrow, if the current's right, we can set sail for that island. But as you can see, we're missing a rather important piece of this puzzle. Right now, we have a raft, not a sailboat. Essentially, we need to make something that can catch the wind to drive us across the ocean. So today… we make a sail. We gotta get out of here. Water situation's getting low. Nolan's looking rough. His bug bites got me a little worried. I have over 60 bug bites on my arms and hands alone. Legitimately, if we do not leave tomorrow, I do not know how much longer I can do this. I'm going to make sure it gets done. We're leaving tomorrow. We failed. We could not melt the plastic. I mean, the water was literally boiling, so in theory, shouldn't the plastic be boiling as well? That's how I cook noodles. I don't understand, but that's why you watch Mark Rober, not us. Yeah. You're here to watch a bunch of idiots survive on an island. Wait, what? You see, what a skeg does is it allows the boat to go straight, even when it doesn't want to. Perfect. I have a new plan, Chandler. What if… You see? You picking up what I'm putting down? Ok. Wait, turn it sideways. Now we have an oar. Oh-- Ok. Well, we'll tie it down. You get the idea. This is just a prototype. Let's see how it works. Is it sad our paddle looks more like a flag than a paddle? We'll tie it a little tighter. Oh yeah, we build four of these bad boys. We're gonna be rowin'. I will say my shoulders are already tired, and we might have to do this for hours. I need super thin, tough bamboo. This is our sail right here. Crab sail, just like the ancient Polynesians. All right. And after Hase was done tying off the sail to the masts, it was time to drill a hole for the hinge of the sail. If that fails, the whole sail breaks. Um… yeah, this is gonna be interesting. Yep. And just like that, we all took a task and became this beach-ridden, well-oiled machine. Give me this shirt. Thank you. Just working on the skegs. I really hope this sail works. Almost done with this oar. This rope is freaking stuck. I don't know if we're gonna be able to do this. This last leg of building was literally make or break if we wanted any chance of getting to that island tomorrow. Because… We're at extreme tides with the new moon. If we go while high tide is going out to low tide, it's gonna suck us right out, straight towards that island. The timing is perfect. If we can finish this today, tomorrow could be absolutely perfect. And with less than 12 hours 'till the tide changed, we kept pushing. And it was now time to mount the sail. Yeah! -It is working! -Yes! Wow. Look, we get wind. The oars… -…are done. -It's pretty good, actually. They're finished. The wind's gonna hit this and push us forward, but if we don't like the direction of the wind, we just pull this rope… Boom, the sail's gone. Good job. It's about to get dark here pretty soon. Got pretty much an hour and a half to get done whatever we wanna get done before it gets dark. And we kept working for hours into the night, pushing ourselves until we hit complete exhaustion. It's almost midnight. Let's give them updates. Chandler, what are you working on? Oh, I don't even know. What is this called? I don't think anybody's brains are really working anymore. Am I creating a rudder? We're usually asleep by now. I feel like I'm making a rudder. [grunts] [laughs] I'm gonna use a saw. You good? [wheezing laugh] We're done. And that was it. At this point, we had done all we could together to get us off this island once and for all. As I dreamed through the night, all I could think about was leaving this island, going home, seeing my family. But the only way to get back to them is this makeshift sailboat across an ocean of infinite danger. Today, the fate of our lives rests in the hands of Mother Nature. By the end of today, we will be on that island. And the only thing separating us from her power is this sailboat and each other. Let's go! Look at that ocean. It's finally about to happen, bro. I can't believe it. After a week of slaving away, this is the contraption we came up with. It's time. Before we set sail and land on that island or in the middle of the Pacific Ocean like the Titanic-- Titanic was in the Atlantic. Now you ruined it. [laughs] I want to tell you guys about Typeless. A smart voice keyboard that turns your speech into perfect writing in every app. And since there is a chance we could drown in the ocean, we should send Tareq a message. Tareq, we're about to sail to an island. Uh, and if we don't make it, I hate you. Uh, yeah. And thanks to Typeless, you'll see it translates the message, it gets rid of all the filler words, and restructures your sentence. That's good. I say a lot of filler words. You kinda do. Tareq, this is Chandler, um… Where are you? We needed your help. And see, all the ums and everything is gone. Wow, it really did, and it put punctuation. Tareq, I'm messaging you on Typeless, which is available on iOS and Android, as well as Mac and Windows. Removes filler words, restructures your sentences, and makes typing four times faster. Scan this QR code, then never type again using Typeless. All right, who's ready to get off this island? [cheering] When you're tired, what are you gonna do? Keep paddling. When you're even more tired, what are you gonna do? Keep paddling. When you want to stop paddling, what are you gonna do? Keep paddling! Paddle on three. One, two, three! Paddle! I don't have a paddle. [groaning] The moment of truth. Oh! Oh, my God! Oh! All right. We're in too deep now, boys. Oh! It's now or never. The current's great. Oh dude, it's sucking me out. Get those paddles ready. Paddle like you've never paddled before. Paddle, paddle, paddle. Come on, we gotta get past this. Right side, paddle more. I'm working on it. Nolan, how you doing? Not well. This is not working. Keep paddling. Heave! Come on. Heave! Oh my God, this is gonna be the longest day imaginable. We land on that island or we die. The tide is helping us. We will get there. Find a rhythm. The current is naturally wanting to take us out, so that's helping us. But this current won't help us for long because in just a few hours, we will enter this channel where the current will try to pull us sideways directly into open ocean. So we need to use everything we have now to get us as close to the island as possible. Open up the sail. Watch out. Woo! Ok, let's see if we can catch some wind and sail to the island. There we go, guys. We're getting a breeze now. -Yeah, we are. -Heck yeah. Now we're moving at one mile an hour. One mile an hour at least means we'll make it. I know it doesn't feel like it, but we're actually moving now. This is how far away we are from the island so far, and you can't even see the island still. And that's because we still have over five miles to go and we have no clue how long it will take us. Twenty minutes in, how's everyone doing? Very tired already. -Bad! -I'm already getting sick. I'm sorry, guys. You gotta paddle the whole time. But it was clear that if all four of us paddled non-stop for hours… Dude, my arms are already tired! I don't envy you guys right now. we would burn ourselves out before we even made it to the channel. We're heading straight upwind, pretty much, which is crazy. So as captain of our ship… Right side, keep paddling! I'm trying. Continuous paddling. My back's tired, so I'm paddling like I'm sleeping. Hase devised a strategy. I think this oaring style is no good, guys. We're gonna do 15-minute rotations. You get a little bit of a break. Let's do three people on the right. Nolan, come over. Yeah. We're rotating rowing and giving one person a break. I'm currently on my break. Ow, my shoulder is killing me. Jimmy, can you switch? My turn to sub in at the front. Let's get it, boys. Now, we're cruising. It's a do or die, baby. We are approximately 45 minutes in, and it looks like we're about 20% there. But now, as we made our way closer to the channel, things were starting to turn south. Oh, no. The paddle broke. Nolan's paddle broke! -Dude, this is a big problem. -I know! I'm just gonna shove it in there and hope it works. Yeah, that's not gonna work. But I don't know, I gotta keep paddling. And if the oars weren't enough… -Oh, no. -Wait, no! We dropped part of the boat. Even though Hase fell, I gotta keep the paddling. Sorry, guys. That cost us. And to cap it off, we weren't even pointed in the right direction. Oh wait, we're definitely turning sideways. Anytime we're off course, we gotta all paddle. Ready? Here we go. Big long strokes. Pull as hard as you can. The wind is picking up too. I'm giving her all she's got… The harder you pull, the more we turn. That's good. There we go, guys. Now, we're turning it. All right, we're back on course. Whew! We are pointed in the right direction. We're sailing. Woo! It's been a rough start, but we're finally catching our groove. There's no one else I'd rather be stuck in the middle of the ocean paddling with. Same. Yeah, we're getting really far away from the island we came from. I can't even see our beach anymore. It's basically smooth sailing from here. There's a lot of work. A lot of work is an understatement. Because with tons of progress came even more fatigue. [groaning] I know. I'm dehydrated. Chandler, how you doing, buddy? You don't look so hot. You feeling all right? Feeling sick. I don't know how far away we are. Feels like it's been hours, two hours at least. And we've built a boat six days straight, twelve hours a day, so we're all tired. Ah, I don't know why, my shoulder's fried. Chandler, I might need you to tap in for me. I'm seeing stars 'cause I'm really hurting right now. More beef stick, though. Dude, the sun is beaming. We are cooking like lobsters in the sun. I mean, this is excruciating. At this point, I genuinely don't know if we're gonna make it or not. But as I've said all along, the current we're going to face inside of this channel is so strong that it will do everything to push us sideways into the deadly open ocean. And now, we weren't hours away, but rather, minutes. Whoa, we're getting really wavy. This is the channel. We're in the open ocean right now. It wants to take us out. Darius, stop right now. Stop. Do not paddle anymore. You don't understand. Like, if I stop paddling for five seconds, we're gonna literally be facing this. Yeah, I know, but we're gonna turn into the wind, which is what we can't do. We're already about to be turned in-- All right, guys. Let's go. We need to get through this channel. This is the most current, the most wind, and your power is keeping us from going too far south, so we can actually make the crossing. I haven't stopped paddling. Dude, I feel like we're starting to lose steam. -Oh, we're not starting to lose steam. -Heave! This is our second wind. Let's go! -Back paddle, back paddle. -Heave! We're working on it. [groaning] Ah! I'm literally paddling as hard as I can. -Love you for it. -Ugh… -[grunts] We're all burnt out. -Heave! We're tired, but we're not giving up. I feel like I'm gonna vomit. Giving up's not an option. We worked too hard to lose here. 100%, we're gonna do it. Zero doubts. My arms are like noodles now. They already were noodles. Dude, don't make me come up there. I'll turn this ship around. Come on! For hours and hours, the current relentlessly pulled us to the left… All together, all together! dragged us to the right… Paddle. We gotta get on course. Come on. and spun us in circles. I'm so dizzy. Come on! Together, all at once. We realized we weren't making any progress. Feel like we kinda got stuck a little bit then. We're stranded. Here in the middle of the ocean, we were starting to feel defeated. Do you think there's sharks under us right now? 100%. At this point, we were too far to turn back. And even more hopeless to keep going. I think Jimmy is about to throw up, and I think Chandler is asleep. We've been rowing on and off for six hours. Darius has been going the whole time. Hase has been steering and holding the sail, and Jimmy's seasick, and all of our bodies are done. I can't go anymore. With me and Chandler now useless, this mission was all in the hands of Hase, Nolan, and Darius. Darius, you're a G. Thanks, man. The island's 3.5 miles away. If we get into the proper wind direction from the island, then we can ride with the current and the wind. But the issue is we lost so much ground in the beginning that we're essentially climbing uphill so we can ride down the hill. And despite their efforts, we just weren't gonna succeed without our entire team working together. It feels like we're not moving. I'm shaking. I'm literally shaking. We've been out here for seven hours now. This thing is just not moving like we thought it would. I really thought we had it. I did too. We were making such good ground. And in moments like this where we stop paddling, we just start recessing. Now we're just getting sucked into the Pacific Ocean. I think it's time we break out the flare. [pants] I'm not gonna say no. Dude, I can't go anymore. I've literally paddled almost nonstop the entire seven hours we've been out here. And, uh… I don't know, I just can't. I can't anymore. And what sucks is it's literally right there. It's so close, but so far away. Before we set sail, we all made a promise. When you wanna stop paddling, what are you gonna do? Keep paddling! Laying here lifeless on this sailboat, I started to think about what I said two days ago. Sometimes it's just nice to get dropped off on an island with your four friends and build a sailboat. So this past week, I've had a lot of fun. And just as my hope was returning again, by some miracle, Mother Nature was pushing us. I don't know if you noticed this, but we're, like, turning towards the island without doing anything. 'Cause the tide's coming up, so it's sucking us towards the land. And by this point, without realizing it, we had officially escaped the channel. Darius, are we getting closer? It says 2.9 miles. You guys wanna give it one more go? I think it's worth it. I'll give it my all. I may say I'm gonna give up, but until I do it, I will never give up. Paddle on three! One, two, three… Paddle! It actually feels doable now. It's been over eight hours of rowing. We're all sunburned. We're hungry, dehydrated, but we refuse to give up. All right, guys, we're 2.5 miles away now. If we keep going, we'll make it. Does anybody think we're not gonna make it now? 1.7. Our guesstimation says we have a little bit over a mile left. Are you excited we're almost there? Yes! Row! Row! Darius, remember when that thing said 2.6? I sure do. Now it says one. And look how close that island is now. You know what's after 0.9? 0.8! You know what's after 0.8? 0.7! You know what's after 0.7? 0.6! We're almost there! I'm so freaking happy! Land-ho! Woo! But our excitement was getting the best of us, because right ahead was one final tide shift. We got 20 minutes until the tide changes. We're almost out of time. If the wind is wrong and the currents are wrong, you could give me a motor, and we will not get to that island. This is it, guys. Leave it all on the table. Heave! We're in the homestretch, but this is really do or die. We're probably a third of a mile away, but if we let the current take us, we're gonna completely miss the island, and this video is screwed. We're tracking too far right. Dude, we're gonna miss it. Is that funny? Come on, guys. We need the power. This is the end. This is the last 15 minutes. Come on. Power, power, power. Heave! Eleven hours on this boat. We're not about to lose now. -Heave! -This is our time. We can see the island. -Row! -We can get to the island. -Do it together. Teamwork. -Row! Only ten more minutes! I'm gonna freaking throw up, bro. [grunts] Right when we were 95% of the way there, with barely anything left… [grunts] everything went wrong. The wind's totally shifted on us. We're getting a gnarly cross-breeze. Should we put the sail down? I feel like the sail might be pushing us further south. I don't think we're gonna beat the wind without it. But, I mean, do you not feel where the wind's coming from? The wind's at our face right now. Hase, I think we should put the sail up. That doesn't make any sense to me. We're getting further away. Five. We gotta push or we're gonna miss it. Right side, right side. Here we go. [grunts] [groans] Four. [panting] Why is the ocean so difficult? Three. We gotta push. Row! -Two. -We gotta paddle! Oh, I'll paddle with my hand. Big wave! Big wave! -Ooh! -Ah! Come on. Just row as hard as you can. Heave! I'm pushing, man. Row! [groans] Row! [groans] Row! [grunts] Row. I am concerned that we're not making forward progress anymore. The tide shifted, and it ripped us right out. The water that was once pushing behind us was now pushing against us. And there was nothing we could do. We were so close. Are we getting further? We're 0.5 away. [sighs] We could've swam to it. Hey, is this a lost cause? Um… That's it. I'm sorry, guys. I can't believe it. We were so close to the island. And now we're getting farther away. Watching what we were trying to accomplish just slip from our fingers. I'm gonna fricking cry, bro. I can't believe we just did all that and we didn't make it. This sucks, man. We almost did it. After almost 12 hours of paddling and sailing in this makeshift boat. Man, if we were just 20 minutes faster, we'd be on that island. We were right there. I'm sorry, guys. We all could've done better. Let's shoot the flare. [scoffs] I hate these things. This is the most difficult challenge I've ever done on this channel. And for us to get so close and miss, all because the tide changed in the final 5%, makes this even harder. I don't know what to say. I hate losing, and I don't like this feeling. And I feel like I'm letting you guys down. I'm really sorry, so you have my word. Our next challenge video, I'm not failing again. I'm gonna go board this helicopter, and I'll catch you later.",0.02295970764995844,0.2641962151596953,19,Video,15
QJI0an6irrA,"30 Celebrities Fight For $1,000,000!",20260107,@MrBeast,MrBeast,2499,False,124032966,2618702,118000,https://i.ytimg.com/vi_webp/QJI0an6irrA/maxresdefault.webp,https://www.youtube.com/watch?v=QJI0an6irrA,"I was not prepared for how intense that ending was
Beast Games 2: Strong vs Smart is live now on Prime Video, go watch it right now for free: https://linktr.ee/beastgames

Special thanks to Radford Studios—the absolute best place to shoot any production. https://radfordsc.com/stages/

New Merch - https://mrbeast.store
Check out Viewstats! - https://www.viewstats.com/

SUBSCRIBE OR I TAKE YOUR DOG
╔═╦╗╔╦╗╔═╦═╦╦╦╦╗╔═╗
║╚╣║║║╚╣╚╣╔╣╔╣║╚╣═╣ 
╠╗║╚╝║║╠╗║╚╣║║║║║═╣
╚═╩══╩═╩═╩═╩╝╚╩═╩═╝

For any questions or inquiries regarding this video, please reach out to chucky@mrbeastbusiness.com

Music Provided by https://www.extrememusic.com
----------------------------------------------------------------
follow all of these or i will kick you
• Facebook - https://www.facebook.com/MrBeast/
• Twitter - https://twitter.com/MrBeast
•  Instagram - https://www.instagram.com/mrbeast
•  Im Hiring! - https://www.mrbeastjobs.com/
--------------------------------------------------------------------","In this video, I gathered Kevin Hart, Paris Hilton, Howie Mandel, and many more of my favorite celebrities. Holy mackerel. Enter our circle. And I trapped them all in this red circle. And whoever leaves last… wins one million dollars! [cheering] And that million dollars will be going to a charity of the winner’s choosing. Alright, the game has started. Be behind the red line. Good to see you, man! I'm a fan. Yeah, but thanks, man. Me too. And I watch your show. I watch Impractical Jokers all the time. Yeah? Thank you. I'm Josh! How are you? -Marsai. Pleasure. -Hey, Marsai. Pleasure. I love you, I'm a big fan. Is this the musician corner? That's exactly what we were saying. And we didn't get just one member, but all four of the pop rock global phenomenon, Five Seconds of Summer. Should we just have a DJ corner? Yeah! [laughing] We also have Diplo and The Chainsmokers, whose songs, collectively, have been listened to over 50 billion times. I think Howie Mandel really is tryna do some mind games by sitting on the ground. I have to go to the bathroom. Same. You've done some crazy stuff in your life. I've seen you pour hot sauce in your eyes. I've seen you get nailed by hockey pucks. Snort wasabi up your nose. If I ask you to put hot sauce in your eyes, would you? Depends on what kinda hot sauce. The fact that that's his response is crazy. [laughs] Have you ever seen this many celebrities in a YouTube video? No, I haven't. Well, all these celebrities will be in challenges inspired by my ten-episode series, Beast Games. And season 2 is available to watch now on Prime Video. Let's kick off the first game. Absolutely. It's go time! Open the wall! [cheering] Oh, yeah, yeah. Yeah, ok! A shiny car! That's not just one, but five shiny cars, including this $250,000 Lamborghini. That thing looks sick. That Lambo sound nasty! For game one, if you manage to throw a dodge ball through any one of those five hoops, we'll give your biggest fan the car. -Oh my God! -No way! That's right, we have your biggest fan. All thirty of you have the opportunity to pay your biggest fan back with a free car. But if you step up and throw the ball and miss the circle, it does not go through it, then you're eliminated. [gasps] Oh! Open the circle! [all reacting] Oh, the circle’s back? It's like Fortnite. Once you step in here, it's official. So which one of you is going to risk elimination and a million dollars to give your biggest fan a car? I got this, man. Oh, he's doing it! Comedian Jay Pharoah is our first contender. Bring in his fan! I got him! What's going on, Jay? -What’s going on, man? -Aw, man! Which car do you wanna win him? Obviously, the Lamborghini is further away. -It's gonna be that one. -That Tesla? What does he have to do? He has to hit Kevin as hard as he can? What a idiot! Ignore him. [chanting] Jay! Jay! Oh! I was short! I knew that was gonna happen. He didn’t have enough strength. Our first elimination. Open the portal. [chanting] Jay! Jay! Y’all got me going to Heaven! One celebrity down and 29 more to go. Who wants to go next? Oh, no. We good. Oh really? Calum from Five Seconds of Summer is giving it a shot. I got Calum’s fan! You either win her a car or you're eliminated. No pressure. This is for the Five Seconds of Summer fans, baby. You got this, lock in. It’s good! Oh! [group exclaims] It was lined up! So close! You did us proud, babe. That was very brave. And as more celebrities took their shot… I'm going in. Are you serious? Ah! the number of eliminations… [group exclaims] continued to grow. Ced, you didn't even wind up, man. I'm gonna give you a bunch of Uber passes. And I was starting to wonder if any one of these celebrities… I want the pressure, I’m doing it. Oh, he wants it. Don't let me down, Drew! would win their fan a car. -Oh! -[group exclaims] -Oh, no. We're down to a Chainsmoker. -[laughing] Yeah. Thank you guys. -I'm gonna go for it, I think. -Yes! Diplo, you're gonna do it? Alright, he’s doing it! By the way, the coolest. I really want to give away one of these cars. -We can't go O for five. -Ok. Come on, Dip! You got this. You know what? I think it's me. I'm gonna stand over here. I'ma turn around. Will Diplo win his biggest fan a car? [cheering] What did I just say? It was me. You're good. Diplo is back in the game! Oh, you got a car! You got a car! Yeah! Diplo, that's how you get it done! Game one is now over. Everyone brace yourself for game two. It won't be as easy. -Someone's gonna get sloppy. -They haven't explained it. Someone early on's gonna get sloppy, and they're gonna get eliminated. I kinda just wanna start pushing people into the red circle. I know, imagine! Alright. What do you think's about to happen? We started physical. Gotta go mental. I feel like there's gonna be something psychological. Something more mental. Connect Four on fire. -Connect Four on fire is a mental game? -Yeah, I think. Yeah, yeah. Are you guys ready for what's next? Yeah! Switch the floor to black. The circle is no longer red, which means you can all stand on it. I need all of you to stand on the circle around the edge. Twenty-six of you remain. That number is about to drop quite a bit. Change the floor! [group exclaims] For game #2, you get to decide between playing a strong game or a smart game. So if you step in this half, you're locked into a game of strength. But if you step into this half over here, you'll be locked into a game of smarts. This is all up to you. Are you a strong celebrity or are you a smart celebrity? I don't know what I would do. I feel like I'm both. I feel like I'm strong and I'm wise. I feel like I'm smart. I think, right? Look at me. What do you think? I'm going strength. -Really? -I'm going strength. -Done. NBA All-Star here, Dwight Howard… [NBA Announcer] Howard throws it down! Dwight Howard, the eight-time All-Star. is deciding between strong or smart. What are you thinking about? Yeah, I'm not that strong anymore. You see this? -This means go to the smart. -[laughing] Dude, you're good at games. I think you should go smart. I'm very smart. But at the same time, you know, I've been working out, baby. Paul Scheer, I could probably beat in a pushup contest. Everyone here looks quite fit. Ok, it looks like every celebrity has chosen a side. Let's go. And the reason why we're doing smart vs. strong is because in Season 2 of Beast Games, we had 100 of the strongest people on the planet compete against 100 of the smartest people on the planet. If you think this video is crazy, wait until you watch Beast Games Season 2. It is better than anything I've ever done. I'll remind you at the end of the video. We're going to be kicking things off with the smart game. So strong people, follow me over here. And relax. Just relax. Have a seat. You can sit in that money by the way. Just lean back. It's like a bed. Change the floor! I need everyone who chose the smart game to pick a star. Guards, bring in the game! [Marsai Martin] Wait, what is the game? Oh, shoot. It's a puzzle. [Josh Peck] Oh, no. [Yvonne Orji] Oh. See, I watched Season 1. That's psychological warfare. If anybody's got a little bit of anxiety, this is normally when it kicks in. This game is very simple. Beside each of you is ten blocks. I'm going to stack a pattern of ten blocks here while you try to memorize the pattern. After I stack ten blocks, we'll knock over the tower, and the six smartest celebrities to recreate my pattern with their blocks from memory will move on. I’m gonna use my camera to record everything. The first color in the pattern is… green! Alright. What? Wait. Why are we applauding for that? He took a green-- -It was good. -[laughing] Alright, everyone. The second color is blue. Then red. Green. Yellow. Then blue. Then green. Alright, the last three. Red, blue…. Are you gonna be able to reach the top? Yes. Go. Yellow. -Are you actually? -I have very long arms! Go. Are you-- Kevin, you got it? Here, Here. I gotcha. Alright. And-- It's done! Alright, go for it! Go for it! Start building. [Kevin] It’s done! It's over! [Jimmy] First six to complete it! First six to complete it move on! And the rest are going home. Oh, we got one finisher. Alex from The Chainsmokers has finished first! There are only five spots remaining. Wait, your pattern and his pattern are different. Who's correct? Oh! Yung Gravy has finished second, and Audrey Nuna is third. That's three musicians in a row. Green… Blue… Oh, I'm missing a green one! Sal Vulcano is fourth. Diplo is done. There's only one spot left. If you lose this game, you are out of the competition. We need six, we’re going till we have six! Boom! And that's it! Howie Mandel is our final finisher. The game is now over. Take your hands off your blocks. If your star is green, you're moving on. Congratulations to the six of you with the green star. You recreated the pattern first. [exhales] Thank God. Everyone else, I'm sorry. Dang! No… I missed the green. Maybe you shoulda done the strong game. [Kevin] No, no, no, Tiff-- No, no. Tiffany. All five of you have now been eliminated. What Dwight did, he recorded it. I’m gonna use my camera to record everything. I did. I recorded it on my camera. -And it was too small. -And you still got it wrong! I couldn’t see! And I still got it wrong. Message to all the kids at home: If you are going to cheat… -Cheat better. -Cheat better. Ok? Ok, did anyone else cheat in here? Yeah. Be honest. Howie did it on his whole phone. I didn't even see this when we were shooting. [chuckling] It turns out Howie Mandel had snuck in his phone and filmed the entire thing. Howie, you cheated! You know why I did it? For pediatric cancer. Yeah, say that's terrible. Go ahead. Tell me I'm a terrible person. Open the portal. Bye, guys. You rock! I'm glad! I'm going to the Chargers game. I'm gonna find me a husband! [Kevin] Tiffany, just leave. And with that, 21 celebrities now remain. But remember, only one is gonna win the million dollars for their charity. We are about to start the strong game, so strong contestants, come on up to the floor. Before I open that wall and reveal the game, what do you guys hope the game is? Uh… Push ups. Push ups would be great. Reveal the strong game! [group exclaims] How many of you have seen Survivor? Aw, you’ve gotta be kidding me. Never mind, I'm out. This is insane. Bring on out the pole. Oh, no, the pole? This is the worst! [Ally Brooke] What's this? [Paul Scheer] This is the worst game of all time. [Ally Brooke] Shut up! [Yvonne Orji] Why did I choose strength? [Selma Blair] The totem poles. [Jimmy] Alright, change the floor. [Matt Rife] What is this? [Paul Scheer] Oh, no, no, no! As you can see, there's no longer a red circle. You're good to come up here. Everyone just pick a pole. They're all the same. Choose a pole. They're all the same? Can we climb this? Saw this pole instantly. I went, that’s my pole. In a moment, when we start the strong game, you will all stand wrapped around the pole. And the first six of you to touch the ground will be eliminated. Kevin, you want to show ‘em it? Yes! This is simple. It ain’t hard at all. I can do it with one hand. [Jimmy] So that's it. -You just do what Kevin's doing here. -Yeah, that’s it. -You just stand up there and hold on. -That's it. Kevin, why are you shaking, buddy? Why are these calves shaking over here? It's pretty easy, man. What’s it been, twenty minutes? Alright. This is gonna be terrible. Good. Are you guys ready? [cheering] Let's start the strength game. Five… Four… Three, two, one… The challenge has now started. First sneaks to touch the ground are eliminated. -The shoes make it impossible, man. -Yeah? Ok. Everyone is on the poles. And honestly, I think people are already starting to struggle up there. [exhaling] Oh no! We have our first out. No! Oh, we got one. I should've gone smart. I’m Nigerian, I got two degrees! Oh, hold on. And it looks like Lil Rel is struggling, too. Rel, get up, Rel! Do you regret joining this video? [stuttering] I love this pole. I’ll let him focus. Ah! Dang! [Tareq] Oh! He fell. Lil Rel! [Jimmy] Ok, four eliminations remain. Winning one million dollars for your charities isn't going to be easy. How bad do you want it? Is this what you thought you’d be doing when you said yes? No! I never wanted to go on Survivor. I can't do that show. In case you're wondering why this is Survivor-themed, it's because in Season 2 of Beast Games, we partnered with Survivor to do an entire episode, which was even co-hosted by Jeff Probst. I love it and Jeff Probst. I hate you for creating this stunt! Ha! Picture Kevin Hart, you know how Kevin Hart's co-hosting this? -Yeah. -Picture him, but someone a little taller. -That's what me and Jeff Probst are like. -No, no, no. Alright, you two are WWE Hall of Famers… [WWE Announcer] WWE champions, the Bella Twins! We did leg day yesterday, so that's hurting. Oh! We are literally at a point where you’re starting to see people break. I think we're gonna lose Josh, by the way. Josh is fighting for dear life. Don't be talking about me, Sal! I love you. I hope we stay in touch after this. Oh, no! What the-- Oh, God! Wait. How are you gonna get out of this position? I don't know, my feet slipped. Do you have any advice for your sister? Put your knees up. [Jimmy] Oh, oh! [Kevin] There you go. Oh! The wrestler’s about to fall! Weren’t you talking-- Oh, no. Ah! [Kevin] Oh, no! What happens when the sisters divide? He’s crushing! -Are you even struggling? -No. -It's easy. -Not at all. Oh, we lost another one. [groaning] Ok, Luke from Five Seconds of Summer is now eliminated. Only two more eliminations remain. Is everyone eating our brand new MrBeast and Jack Link's Beef Sticks? Why, yes we are. It tastes great. Good amount of protein. -Can I have another one? -Another Beef Stick? Of course. He can't get enough of Beef Sticks. I'm glad you guys are enjoying our new Beef Sticks. Hey, if you want to try them, it’s available at these retailers. Only two more gotta fall and then it's done. Be stronger than the two weakest. Hoo! Agh! No! Oh, we lost one. No, you were so close! I slipped! One remains! You guys have to outlast one more person. [Yvonne Orji] No, Josh! Josh! Josh, dig deep! It's been really nice knowing you. I did this for my son, Max. Shout out. Max! [grunting] Ah, no! Good try. You're good! The game is over. You're good. That was crazy. All I’m gonna say to all you smarties out there, way harder than stacking a bunch of colored blocks. Everybody wave goodbye. Losers, follow me. Bye! Open the portal. -Thanks, Jimmy. Have fun, bud. -Thanks for coming out. Only half the celebrities remain, and we're about to eliminate a lot more in a second. That last one. I was like, please, please. Oh, same. There's no more friendship. When Josh fell down, I go, ""Die! Die now."" You crushed that, too. I'm still shaking. Yeah, it looked so intense. It was, but I could not have done what you did. Oh, word? I saw the season of Survivor where they had that. -Oh, really? -And I was, like… …that's why I didn't go with strong. I actually fell asleep for a second in the money over there while you were doing that. -What? -I got a second to pass out, dude. Yeah. [chuckling] Who do you trust in this game? Right now, I think us musicians are-- You guys are taking the game. We're showing up right now. -We like each other. -Yeah. He's a very funny guy. I'm a comedian, too. From Mexico. He's from India. So we're not from the US, so might be something there. I hope we team up. I feel like this is ready for team up here. I'll tell you this. The person that people want out? Howie. I don't care about how any of these people feel about me. If you win, what's the charity that's getting the million dollars? Alex's Lemonade Stand, pediatric cancer. There is nothing-- nothing I won't do to win this. I am a competition lover. There's nothing better than watching competitions happen, flourish, and then the numbers start to get reduced. 'Cause that's when, now you gotta really compete. Who do you think is the most hated person here so far? Where do you think Howie ranks? If you can cheat and get away with it, I think it’s brilliant. [chuckling] ‘Cause we're friends. We've been friends all day. Eventually the friendships turn to… -Enemies. -Yes, yes. Brilliant. Alright, can I have you guys up front? It's time for the next game. Change the floor! Before I reveal game three, I need each of you to pair up into groups of three. Once you have your team of three, just stand in a square. The colors do not matter. Come on, music group. Come on, let’s go. Musicians unite. Can we go in pink? You can team up based on actors, musicians, or just, you throw, random people in a cube. So, old, foreigners. This is just basically, like-- This is the outcast. [Eugenio Derbez] The outcast! The non-Americans that are old. -I was born in England. -Ok. Why this team over here? Obviously, you guys are all really famous musicians. -We're working on a song. -Yeah. All three of you? -Yeah. Right now. -Yeah. -Oh, really? -With our minds. What caused this group to come together? We all made eye contact and just said yeah. -Yeah. I'm hoping, like, it's “who can eat a sandwich the fastest?” What would you say the pros of this team is? Can we start with the cons? Now that everyone has a team, cut the lights! The next game is a cooking challenge. How did you do that? This is insane. Who dressed me? [Kevin] No, Steve-O. Don't-- No, no, no, No, no. I got this. Don't worry, don't worry-- Steve-O! It's ok. Here we go. [Kevin] No, no, no. Steve-O! Don’t, no, no… No, no, no! [chuckling] Oh! Whoa! [cheering] -[CarryMinati] Let's go! -[Steve-O] Yeah! Disqualification! Do not try that trick at home. Everyone! You ready to meet the judges? [cheering] The people who will decide your fate. Our first judge is a global icon. Hmm. She's an entrepreneur known for her fashion. She once hosted a cooking show. Open the portal! Paris Hilton! Hi, y'all. She is a world famous celebrity. She is one of three judges that will be judging the food you make. What's up, everybody? -[Brie Bella] Hi, Paris! -[Paul Scheer] What's up? Love you! Your second judge, an Emmy winning, arguably most famous chef on the planet… Giada! The face of cooking on television. I don't know how we landed her. This is crazy. Hi! Stop, stop. Stop it! Oh my gosh! Thanks for having me. [Jimmy] This is wild. Two for two on killer judges, right? [Kevin] Yes. For our third judge… Obviously, we have an all star lineup here. I told Kevin he could bring whoever he wanted. I wanted him to dig deep in his Rolodex. You know, he gave me examples like Gordon Ramsay or, you know, other really famous chefs. Told him to surprise me. What judge did you bring? Ok, and this is big. When you told me that, I got offended because you were talking to me, so I didn't call anybody. I was like, I'ma be here. I'll be the judge. - [laughing] Yeah, yeah. -[Jimmy] Oh, ok. No, jokes aside. You got Gordon Ramsay, right? Yeah. No, I didn't even call him. I said what I'm going to do, I'm going to judge. If I'm here, why am I searching for other names? I could’ve just called Gordon. Yeah, but that's the thing. I was like, I'ma sit behind there, and I'ma eat the food and we're going to judge. -Alright, alright. -That's called using my head. Alright, we have two award-winning professional judges, and then Kevin Hart. And me, baby! Do you need a taller seat or is that fine? Jimmy? -No, it’s-- -Jimmy. Don't start. -Ok. -Ok? -And I shoulda thought about that. -[laughing] Alright. Contestants, each of you have a golden platter. You have exactly one hour to make anything you want and present it to the judges, and they will try all of them. Two teams with the lowest scores will be eliminated. Start the one hour timer! Good luck. What do you want to make? I'm unsure. What's your best dish? Um… Oh… You don't know what your best dish is? We should go for like pasta dish. That’s gonna be easiest, gonna be tastiest. Wanna go for chicken fajitas? Spaghetti and Beast balls. Gravy. While most teams got to work gathering ingredients, Howie's strategy was to try and stop them. -I find out what they want. -Yeah. And then I take it off, which is a vibe. We’re probably gonna need more than one right? [Eugenio Derbez] Ay! Police, police! What do you want? You wanted mushrooms? [laughing] Perhaps. I took all of the mushrooms. -You took all the mushrooms? -It’s strategy! [Diplo] Guys, you gotta share some cilantro. -Go get your own. -No. But that really didn't work out for Howie. What are y'all doing over there? What are y'all preparing? -Fried chicken sandwiches. -Bruh, what! Fried chicken sandwich. [Diplo] We got you. One of the first things I ever made was her chocolate pizza. So if I make her chocolate pizza, we get points. Ok. What are we thinking over here? Uh, I think we're going to go dinner with a little bit of dessert. I don't know necessarily that they're gonna go together. Italian’s the vibe. Ok. Is it spaghetti and meatballs? Is it-- Beast balls. With, just meatballs? Beast balls. Beast balls? -Spaghetti and Beast balls. -Yeah. The Beast balls. Ten minutes are gone. You better get cooking. [blowing nose] I mean, and-- That's my biggest pet peeve. The nasty hand. -I can't. -I mean… It makes me wanna… [blowing nose] Let's go. Chicken breast, put this in here. Wait, I thought you were making fajitas. Why are you boiling it? -Is that bad? -I don't know… Is it gonna be, like, rubber chicken fajitas? -That's not how you do the chicken. -[Eugenio Derbez] No, no-- She's a professional chef. She said ""No, no, no, no."" I'ma get a new chicken, we’re gonna fry it. That’s good! Let's do it. What are you cooking, Ally? A chocolate pizza. Because one of the first things I ever made was a chocolate pizza because of you. I adore you. Ok, but what are you doing to that dough? Um… Oh, no, no, no. Howie! Don't yell at me. Ooh, geez! And as the competition heated up… Don't! No! Howie, Howie, Howie! so did Howie's sabotage. Howie, we can’t sabotage. You having a snack, Howie? I'm taking a protein break. Oh. I don't know if you've tried one of these, but these Jack Link's-- Uh, well, if you look on the side, you'll see our name on it. It’s so delicious. And they give me protein. They're healthy. I don't even know if you noticed it, but, yeah, that's our teriyaki beef stick. Guys I'm eating a beef stick. It turns out to be a MrBeast beef stick! Jokes aside, I've been eating Jack Link's since I was a kid, which is why we just launched our brand new MrBeast Jack Link's beef sticks. These bad boys are a convenient snack jam packed with protein with natural ingredients. 100% real beef. It's amazing. What are the chances? Ten minutes remain! Oh my god. Oh my god, oh my God. Oh, geez. It’s a broken heart. We all have one. It's relatable. We should probably be plating in the next, like, 2-3 minutes. Yeah, toss that. Yeah. Right, right, right. But remember Kevin said fully cooked. Oh, dear Jesus. -Howie? -Yeah. Selma? Say a prayer. Spaghetti right here? Or should I go more to the side so we can put our sweet there? What do we think? How does that look? Or did it look better… I think it looked better the other way. I would I would get some of that on there 'cause it looks like a little turdy. On top of this? Yeah, that looks good, actually. Let's do it. Let's start doing it. Yup, I think we go a little heavier on the sauce. One minute. Oh my God! Whew! Look at this. [Ally Brooke] Oh my God! Alright, it’s almost time! Oh, your guys’ meal actually looks good. Yo, what about your drink? -Say it again? -Drink, drink, drink. Oh, the drink! Let's go, let's go! Fast, fast! This is like, the kind of thing you have bad dreams about. But you're like, well, what's so bad about it really? -[Jimmy] Five, four… -Make one. Make one! Three, two, one. No more. No more it’s done. I think we lost. Can we just go through the portal now? Who do you three want to judge first? Um, we’re gonna start here. We're gonna start… Pink! They're eating their own food. That's a great sign. Pink team. When you're ready, bring it on up! [Kevin] Wow. We have before you today an Asian-American fusion chicken sandwich. Artisanal donuts. With a Feastable reduction. As well as a fresh cucumber salad for your liking. Oh, Kevin's just jumping right into it. [unintelligible] How is it? It’s cooked. It’s crunchy. Oh, crunchy! It’s breaded correctly. Kevin, it's good fried chicken. It's very good. That's hot. -[sighs of relief] -[Paris Hilton] It's so good. Judges, are you ready to reveal the score? -Yes. -Yes! Reveal Pink's score. Mine's is an 8. A 26.5? Whoa. Alright, Orange. Bring it on over. Alright, so this is a meal we made from the heart. We're gonna be taking you out of France into Italy. -The Venice Hilton? We wanted to call it. -Slay. We also have the Giada Burrata. [Kevin] Giada Burrata. And then also, the spaghetti with Beast balls. [laughing] Wait. Those two meatballs, you're calling Beast balls? Those are your Beast balls. He's taking it all in. I'm not getting as much flavor as I want out of the meatball. It's because it's overcooked. You can tell it's dry. But it's not undercooked. Is this like a cracker? It is a s'more. Mmm. [laughs] Reveal the scores! 7.5 6.5, 7… 10? You guys scored a 26.5. They scored a 24. -Yes. -Great. Great. Green team come on up! For our dish what we've done is we've created chicken fajitas Try the guacamole because it's a secret sauce. This is good. I'm not mad at this. -[Giada] It's good? -I ate the whole thing. Yay! Let's go! Reveal! -Another 10… -Yes, yes! Bro! Let's go! Your score is so high, you're guaranteed to move on. Yes! -Woo! -Let's go! Alright, Blue team. What you got? 5, 6, 7, 8. [Giada] Oh, wow. [Jimmy] Oh, they’re dancing. Yeah. Whoa! This is amazing. Voila! Cold Bolognese on cold pasta that was ready 40 minutes ago. We saw an aggressive sneeze at one point. [blowing nose] When I saw it, I said, absolutely not. -We just want a 10, a 9, and a 9. -There was no sneeze! -It's all we want. -There was no sneeze! Maybe, I eat the pecan. Did you-- You went with the meat? Kevin, try the pasta. -And the crazy this is… -Immediately washed my hands. Food's getting colder. -[Kevin] Let's do it. -Kevin, try the pasta. Mmm! 3, 2, 1… Reveal! What?! What?! You guys scored a 22, the lowest score so far. Unbelievable. If you do the math, that means they're now eliminated. Just for a joke? Just for a laugh? What was that? Why’d you leave me out there? Their meatball fell apart. I gave them a four. I'm over here being honest! They made you make your own taco. Eliminated for a bit. You… an 8? Turn the lights red. [sounds of pity] Open the portal. Give me the recipe if you can-- No! Man, listen. No, man. Please! -Come on, man! -Alright, bye Kevin! Hey, man. I didn't mean it. Please man! Come on, now. Come on, guys, please! Let's let me-- Let me finish the show man. I'll go get your partner back. One second. Brace yourself, judges. 'Cause this one's a crazy one. Yellow team, come on up. This is our interpretation of a Hawaiian dish known as the Poo Poo Platter. Oh, the poopla. My grandmother, her name is-- was Melissa Mendel. Maybe tell the story before he pukes. Her dream in life was to win a cooking contest. Two weeks ago… Mhmm. she was hit by a bus. I can't look at it. On her deathbed, she said, ""Howie, take my recipe."" Take my recipe. [laughing] We put an hour into this. Howie! We put an entire hour into-- Security! Security! I’m gonna throw up. It was supposed to be a chocolate pizza! That was so bad. I don't even know if Paris is gonna give it a 10. -One, two, three… -Reveal it. -Yeah, I just gave ‘em a one. -[Jimmy] Zero, one. -I gave 'em a one. -I'm out. Zero, one, zero… Paris? Why a 10? Open the portal. This is a legendary crash out by Howie. I'm sorry, I'm sorry. I'm sorry. Alright. Alright. This was the best, see you later. I'm Howie's ride. I got to drive him, so I am self eliminating. I'm sorry. Turn the lights red! I am self eliminating. -Only I can do that. -Oh, really? Turn the lights red! Let me try-- Turn the lights red! No, they did it 'cause I said it. Ok, guys. See you later! -Take care, Paul. -Bu-bye! And with that, you are the final eight! [cheering] It's time for the next game. Cut the light! Of the five teams that were in the cooking challenge, now, only three remain. And for this next game, you guys are gonna be in the exact same teams. -Woo! -Yeah, let's go. But instead of working together, you guys will be enemies. That’s kinda how I picked. Oh, really? I don't know you well… It's like Hunger Games. [laughing] If you guys wanna turn around and look at that wall back there, the mechanism that we're gonna be using to eliminate all but three of you. Guards, open the wall! Bring it on in. Each team will enter their cube and it will be on them to decide who is eliminated and who moves on. Only one person in each cube will be moving on to the final game and competing for one million dollars. Inside your cube to help you make the decision is a phone which you can ask for anything you want. Mayonnaise. [Jimmy] Uh… Kevin -Ok, I get it. -Ok. Enter your cubes! What do we ask for that's really crazy? -Let's go. -Alright. Oh my goodness. Here we go. Get in the cube. Um. I don't know. What do you guys wanna do. Close it. [clears throat] Two of us have to be handcuffed. One of us leaves. No, no one wants to do that. Nobody wants to do that, but we have to decide mutually. What are good three person games? Can you do a Rubik's Cube? No. Can you? Yeah. [laughs] So do we wanna do it based on a coin or do we want to play a game? In our show Beast Games, this is the most brutal thing we filmed in Season 1 and in Season 2, which just dropped, by the way. It was even crazier. How long, on Season 1 and Season 2, did you have people in the Cube? Oh, Season 2, we were in there for almost an entire day. Took them that long to come up with the decision. Wow. And literally whatever they call and ask for, I'll get it for them. Beast Hotline, how can I help you? Can, uh, we get a masseuse for a second while we think about this? Absolutely. -What about Twister? -Let's do Twister. Yeah. Bring Twister out here. -Darts? -I mean, if we both suck at darts, we can try it. Hello? Can we get darts, puppies, Connect Four and air hockey? Air hockey? Yeah. I mean, it'd be kind of a good time. I know how to play air hockey. How's your wrestling? My wrestling? Jiu jitsu. Your wrestling, grappling. That's the first time I'm hearing the word. Well, that's bad news for you. Let's ask for a clown. Just see what happens. Maybe you can beat up the clown. [laughs] The teams were starting to get creative. And when I said they could ask for anything. I literally meant anything. How good are you with MMA? Wrestling? Oh yeah, here. Lemme show ya. Jiu jitsu, jiu jitsu. No, no, not me. Him. I gotta wrestle him? In this game, avoiding the inevitable is easy. But as for Brie and Gravy, they were well on their way to decide who their winner would be, and without having played any games at all, Alex saw an opportunity for an easy way out. I dare you. You won't do it. You just did it? He won’t do it. [group exclaims] [Audrey Nuna] Oh, no! That was good stuff, right? Wait. What happened? We already have a hand cuffed? There was deception involved. I was like, playing around with it, and he just locked me in it. How are you two deciding who moves on? With Twister. Oh that's fun, I’m gonna go get it. And with that, we had our first cube elimination, and Gravy took the win on their first of three games as well. Steve-O, what's the decision? I think we've decided on rock ‘em sock ’em robots. Rock ‘em sock ’em robots coming right up. [Jimmy] Here let me see that. -Hey, Tareq. -How's it going? While they’re at the store, tell them to grab some of my MrBeast Jack Link's Beef Sticks. They're the best. Absolutely. Hey, we can make it work. Ok. Thank you. Guards! We need MrBeast Jack Link's. Scan the QR code on screen now and grab my 100% beef MrBeast and Jack Link's Beef Sticks or find them in stores wherever you shop. Right foot red. Very easy. Let's keep moving faster here. Next one is left hand green. -I'll never forget our journey together. -Can you not? This has been so real. Double 15 and double 11. -[Brie Bella] Yes. -Ok. Doing good. Oh wait, you have 53. I have 29. And with this being Gravy's last dart, that meant he needed at least 25 points to win -Oh! -Alright, six. Alright. You won that one. Oh, shoot! I wanted won at hockey. Puppy would solve this right now. Yeah. Thank you, my good sir. Right hand green, you guys got it? Uh, the next one is left foot red. -Whoa. -Left foot red? Left foot red. Oh, you got it then. [screaming] Chain yourself up! We did it! Woo! You better win the whole thing, or else we’re never gonna talk to you again. Wait, that was quick. She beat you in Twister? -Yeah. -It’s hard! Oh my gosh. Audrey was now officially our first celebrity to secure their spot into the final game. And deciding the tie breaker for the second spot was this puppy? -Oh my gosh. -Oh goodness, alright. Ok, so before you put the dog down, you have to go straight in the middle and then let the dog run to the winner. -This is how we’re deciding. -Yeah. Oh. He won! But you know what? I don't even care. 'Cause you are so cute. Ok, Gravy is now in the top three. Sorry it didn’t work out. It's ok. You know what? It was a lot of fun. I'm glad you had fun. Even though I've done this hundreds of times, it still feels weird to, you know, lock someone handcuffed in a room. And with Brie's elimination, there was only one spot left for the one million dollar final game. [Clown] You gotta defend with your arms, obviously. But to get a win right here? That's the button, right? If the head goes up, you win the game. Alright, so here we have our MMA. And for whatever reason, these two decided to put their chances at winning the one million dollars all on the line, for one single round of rock ‘em sock ’em robots. Fight! Yes! He went in with both fists. It was a bold move, but it didn't pay off That’s it. Alright. Cuff up, buddy. -[sighing] Ah. -Grab your coffee. Whoa, what's going on here? I got-- I knocked out, but I was so close to winning. Carry, now all the people in India are gonna stop watching. End of the video bro. I want to reiterate, they're competing for a million dollars, All of the other cubes are done, it's down to this. One million dollars on the line. One of you is gonna make the final three. It all comes down to rock ‘em sock ’em. Alright… Ready? Fight! [slow-mo] Who's gonna win? -It’s done. It's over. -Yes. Oh my gosh, that was just instant. Eugene, he just decimated your head. It's a good game. Alright. -Wait, wait! Let him do it. -Ah! On you. It's done. You made the final three. Head on out! Alright, let's go. We have Steve-O. We have Gravy. We have Audrey. You guys are here for something bigger than you, for your causes. Steve-O, what is your charity? For this competition, I wanna help people. I'm goin’ Doctors Without Borders. They go to places where medical attention isn't, you know, widespread and help people out. -Exactly. -Gravy, how about you? My charity is Noise for Now. They get more money for reproductive health organizations. How about you over here? I am competing for Luminos Fund. So basically, if kids didn't have a chance to start school, it's a second chance at getting basically three years of curriculum. It's an insanely amazing organization. All three of you have a cause that is important to you that you're competing for. But only one of you will win them a million dollars. But this final game is gonna determine which charity wins one million dollars. And it's behind this wall. Raise the wall, baby. In front of you… are three briefcases. One has a million dollars inside of it. The other two are empty. One at a time, you're gonna go up there and pick a briefcase, and once each of you have a briefcase, you all open them up. Whichever briefcase has a million dollars, your charity will get it. We'll start with Audrey. Because she came out of the cubes first. I’m ready. Delete the red rings. This circle no longer matters. All that matters is which briefcase you have at the end of this game. It all starts with you. Are you ready? Hold up. Drop the wall! We'll see you two in a moment. For now, it is just me and her. [laughs] One of these three briefcases has a million dollars inside of them. The other two have nothing. Which number speaks to you? What do you think about #1 over here? -I like the #1. -Okay. Not feeling anything today. Not feeling that? You know, I might do three. Why three? I don’t know. Three is a magical number. Is it speaking to you? Now that you've chosen, go ahead and look inside. There is, of course, a twist. But for now, only you will see inside it. Okay? Okay. I mean, close it. What was inside? It's a pet rabbit. -A pet rabbit? -Yes. Oh, open the wall! Gravy, it's time. You were second to exit the cubes. So you’re second to play the game. You ready? Now, here's the twist. You can choose any case you want. You can even steal Audrey's. So ask her any questions you want. Close the wall. Sorry, Steve-O. Did you like what you saw in the briefcase? Perhaps. Was it heavy? Very heavy. These are probably all heavy, huh. -Can I smell them? -Yeah you can smell ‘em. [sniffing] I don't smell anything, but… It smells like money. What, why are you looking at the scaffolding? Just wondering where the cameras are aimed. Come on. You think this is our first game show? We still have to film the losers. Yeah. Alright, fair. I like it. He's really thinking this through. I did like the idea of three, but… I'll go with one. Are you officially lockin’ it in? I’ll lock it in. Ok. It's on you. Let's see if we can read his face. What did that face tell you? I don’t know if I know him well enough. But now that you know what's in there, if yours is empty, you really, really want Steve-O to steal yours. And you both can tell Steve-O whatever you want. This is where it starts to get fun. Open the wall! Steve-O, Steve-O, Steve-O. Boy, do we have some fun for you? You can steal her briefcase, thus forcing her to take #2, or you can steal Gravy’s briefcase, forcing him to take #2. Or you can just pick #2. Everything's in your hands. Ask as many questions as you want because this million dollars is on the line. I knew that Audrey was gonna be difficult to read. -Yeah, she's a stone cold killer. -Did you? She is a deadpan individual. My first question is… Mhm. Basically, is your integrity more important to you or less important to you than this donation to your charity? They're equally important to me. Well, that's a strong answer. Ok. Alright. You got the money? [laughing] That's a no. And is he saying that because he does and he doesn't want you to steal it? Or is he saying it because he thinks that's what he'd say if he did have it? But it is empty. So he's trying to make you think he does have it even though he doesn't have it. Right! I mean, the not maintaining eye contact. Kind of shry [muttering], like uh… made me feel like he might have it. Like he was trying too hard to conceal it. I think he might have it. You got the money? Perhaps. Perhaps? -Perhaps. -Maybe. Maybe Mhm. Maybe. [laughing] I think you're gonna get more out of Gravy than her. She’s a stone wall over there. Yeah, I'm leaning heavily towards stealing her's. How does that make you feel? Excited. Excited? When you looked inside this briefcase, was it a piece of paper that indicated whether or not it was the million bucks? When I looked in the briefcase, I saw a pet rabbit. A pet rabbit. Alright, you know what? I'm going with my first instinct. I'm locking in and stealing hers. You're locking it in? I'm locking it in. -Ok. -Yeah. That means this is yours. Three, two, one… Open your briefcase! Oh my gosh, he did it! He did it! He stole it! [laughing, cheering] He caught you! You gave it away! Oh my, you did it! Yeah, you did it! I will now wire this million dollars to Steve-O's charity, Doctors Without Borders. And obviously we're also gonna make a $20,000 donation to your charity and your charity as well. We don't want them going home empty handed. And now, I literally right now have to go give away five million dollars. I'll see you there. And competing for this money are 100 of the strongest people on the planet versus 100 of the smartest people on Earth… The same IQ as Albert Einstein. in the biggest competition series ever made. Beast Games Season 2 is streaming on Prime Video right this second, where you can watch the most mind bending games… the wildest drama… I just don’t know what’s gonna happen. and the biggest crossover in television history. I’ve dedicated an entire year. I’ve spent millions of dollars making sure this is the best content I have ever made, and it would mean the world to me if you went and watched Beast Games Season 2 on Prime Video right this second. Who will come out on top? The strongest or the smartest? Click the link on your screen to watch Beast Games Season 2 on Prime Video right now.",0.02206431151537568,0.26036411752798794,20,Video,16
DXVHmGoCTco,"50 Streamers Fight for $1,000,000",20260404,@MrBeast,MrBeast,2971,False,104774270,2528547,167000,https://i.ytimg.com/vi_webp/DXVHmGoCTco/maxresdefault.webp,https://www.youtube.com/watch?v=DXVHmGoCTco,"i can't believe we got all these streamers together in one place lol

Shopify empowers creators every single day to be entrepreneurs, founders, and CEOs. Now it’s your turn. Go to https://www.shopify.com/mrbeast to start your business today. 

Tomorrow for the livestream, join the chat and make sure your instagram or twitter handle is viewable on your YouTube bio, so I can contact you if you win!

Check out the best PC's in the Universe at https://starforgepc.com/MrBeast""

New Merch - https://mrbeast.store

Check out Viewstats! - https://www.viewstats.com/

SUBSCRIBE OR I TAKE YOUR DOG
╔═╦╗╔╦╗╔═╦═╦╦╦╦╗╔═╗
║╚╣║║║╚╣╚╣╔╣╔╣║╚╣═╣ 
╠╗║╚╝║║╠╗║╚╣║║║║║═╣
╚═╩══╩═╩═╩═╩╝╚╩═╩═╝

For any questions or inquiries regarding this video, please reach out to chucky@mrbeastbusiness.com

----------------------------------------------------------------
follow all of these or i will kick you
• Facebook - https://www.facebook.com/MrBeast/
• Twitter - https://twitter.com/MrBeast
•  Instagram - https://www.instagram.com/mrbeast
•  Im Hiring! - https://www.mrbeastjobs.com/
--------------------------------------------------------------------","Style: ::cue(c.color000000) { color: rgb(0,0,0); } ::cue(c.color00BCE7) { color: rgb(0,188,231); } ::cue(c.color00F9DA) { color: rgb(0,249,218); } ::cue(c.color08F8DA) { color: rgb(8,248,218); } ::cue(c.color0EB085) { color: rgb(14,176,133); } ::cue(c.color11B086) { color: rgb(17,176,134); } ::cue(c.color1367F9) { color: rgb(19,103,249); } ::cue(c.color1391F9) { color: rgb(19,145,249); } ::cue(c.color13F4F9) { color: rgb(19,244,249); } ::cue(c.color13F9B8) { color: rgb(19,249,184); } ::cue(c.color13F9D0) { color: rgb(19,249,208); } ::cue(c.color15EADE) { color: rgb(21,234,222); } ::cue(c.color1752EA) { color: rgb(23,82,234); } ::cue(c.color1768EA) { color: rgb(23,104,234); } ::cue(c.color1775EA) { color: rgb(23,117,234); } ::cue(c.color17A4EA) { color: rgb(23,164,234); } ::cue(c.color17EADE) { color: rgb(23,234,222); } ::cue(c.color1CF218) { color: rgb(28,242,24); } ::cue(c.color25F9E0) { color: rgb(37,249,224); } ::cue(c.color30E5F2) { color: rgb(48,229,242); } ::cue(c.color4568F2) { color: rgb(69,104,242); } ::cue(c.color8830F2) { color: rgb(136,48,242); } ::cue(c.color8B07CA) { color: rgb(139,7,202); } ::cue(c.colorA0AAB4) { color: rgb(160,170,180); } ::cue(c.colorA430F1) { color: rgb(164,48,241); } ::cue(c.colorA430F2) { color: rgb(164,48,242); } ::cue(c.colorAE3FF8) { color: rgb(174,63,248); } ::cue(c.colorC94EFF) { color: rgb(201,78,255); } ::cue(c.colorCCF913) { color: rgb(204,249,19); } ::cue(c.colorD38AF4) { color: rgb(211,138,244); } ::cue(c.colorD3F915) { color: rgb(211,249,21); } ::cue(c.colorDC30F2) { color: rgb(220,48,242); } ::cue(c.colorE64783) { color: rgb(230,71,131); } ::cue(c.colorE64884) { color: rgb(230,72,132); } ::cue(c.colorE6D501) { color: rgb(230,213,1); } ::cue(c.colorE8F913) { color: rgb(232,249,19); } ::cue(c.colorEA2F17) { color: rgb(234,47,23); } ::cue(c.colorEA9617) { color: rgb(234,150,23); } ::cue(c.colorEADB17) { color: rgb(234,219,23); } ::cue(c.colorEB2E17) { color: rgb(235,46,23); } ::cue(c.colorEC8EBB) { color: rgb(236,142,187); } ::cue(c.colorED13F9) { color: rgb(237,19,249); } ::cue(c.colorF23071) { color: rgb(242,48,113); } ::cue(c.colorF2308D) { color: rgb(242,48,141); } ::cue(c.colorF230B1) { color: rgb(242,48,177); } ::cue(c.colorF230D8) { color: rgb(242,48,216); } ::cue(c.colorF24E30) { color: rgb(242,78,48); } ::cue(c.colorF26230) { color: rgb(242,98,48); } ::cue(c.colorF27130) { color: rgb(242,113,48); } ::cue(c.colorF2B130) { color: rgb(242,177,48); } ::cue(c.colorF4628E) { color: rgb(244,98,142); } ::cue(c.colorF801EB) { color: rgb(248,1,235); } ::cue(c.colorF814ED) { color: rgb(248,20,237); } ::cue(c.colorF913BF) { color: rgb(249,19,191); } ::cue(c.colorF913EE) { color: rgb(249,19,238); } ::cue(c.colorF92413) { color: rgb(249,36,19); } ::cue(c.colorF9252C) { color: rgb(249,37,44); } ::cue(c.colorF9253D) { color: rgb(249,37,61); } ::cue(c.colorF9257E) { color: rgb(249,37,126); } ::cue(c.colorF9259C) { color: rgb(249,37,156); } ::cue(c.colorF94513) { color: rgb(249,69,19); } ::cue(c.colorF95C13) { color: rgb(249,92,19); } ::cue(c.colorF97D13) { color: rgb(249,125,19); } ::cue(c.colorF9A813) { color: rgb(249,168,19); } ::cue(c.colorF9BF13) { color: rgb(249,191,19); } ::cue(c.colorF9D53B) { color: rgb(249,213,59); } ::cue(c.colorF9D713) { color: rgb(249,215,19); } ::cue(c.colorF9F313) { color: rgb(249,243,19); } ::cue(c.colorFF4542) { color: rgb(255,69,66); } ::cue(c.colorFF5E5B) { color: rgb(255,94,91); } ::cue(c.colorFF9500) { color: rgb(255,149,0); } ::cue(c.colorFFD93D) { color: rgb(255,217,61); } ::cue(c.colorFFDD4E) { color: rgb(255,221,78); } ## ​​​ ​I just trapped fifty of the ​ ​​ ​​ ​BIGGEST streamers in this cube,​ ​​ ​​​ ​I just trapped fifty of the ​ ​​ ​​ ​BIGGEST streamers in this cube,​ ​​ ​​​ ​and whoever leaves last ​ ​​ ​​ ​wins that million dollars.​ ​​ ​​​ ​and whoever leaves last ​ ​​ ​​ ​wins that million dollars.​ ​​ ​​​ ​These are the biggest streamers ​ ​​ ​​ ​in the universe,​ ​​ ​​​ ​These are the biggest streamers ​ ​​ ​​ ​in the universe,​ ​​ ​​​ ​and the last one of them ​ ​​ ​​ ​to leave wins it all.​ ​​ ​​​ ​and the last one of them ​ ​​ ​​ ​to leave wins it all.​ ​​ ​​​ ​We're locked in ​ ​​ ​​ ​together.​ ​​ ​​​ ​We're locked in ​ ​​ ​​ ​together.​ ​​ ​​​ ​We're locked in ​ ​​ ​​ ​together.​ ​​ ​​​ ​We're locked in ​ ​​ ​​ ​together.​ ​​ ​​​ ​All right?​ ​​ ​​​ ​Do we have like a Spanish alliance going?​ ​​ ​​​ ​Yeah. It's a power of friendship.​ ​​ ​​​ ​Yeah!​ ​​ ​​​ ​I think it's all about strategy here.​ ​​ ​​​ ​Me? I'm willing to do anything.​ ​​ ​​​ ​Yeah?​ ​​ ​​​ ​You want me to get on the floor and ​ ​​ ​​ ​start twerking, I'll do it.​ ​​ ​​​ ​You want me to get on the floor and ​ ​​ ​​ ​start twerking, I'll do it.​ ​​ ​​​ ​Yes.​ ​​ ​​​ ​I don't.​ ​​ ​​​ ​Just saying If you want me to, I'll do it.​ ​​ ​​​ ​I really don't want you to.​ ​​ ​​​ ​He will really do it though.​ ​​ ​​​ ​Nothing to do in a cube, ​ ​​ ​​ ​and I'm about to go crazy.​ ​​ ​​​ ​Nothing to do in a cube, ​ ​​ ​​ ​and I'm about to go crazy.​ ​​ ​​​ ​These streamers…​ ​​ ​​​ ​all they know how to ​ ​​ ​​ ​do is go live. They're lazyyyy.​ ​​ ​​​ ​all they know how to ​ ​​ ​​ ​do is go live. They're lazyyyy.​ ​​ ​​​ ​I do feel like the IQ is a little lower, ​ ​​ ​​ ​to be honest.​ ​​ ​​​ ​I do feel like the IQ is a little lower, ​ ​​ ​​ ​to be honest.​ ​​ ​​​ ​WOOO!​ ​​ ​​​ ​It's dropped a lot.​ ​​ ​​​ ​Ha ha!​ ​​ ​​​ ​I'm curious how you're gonna switch it up.​ ​​ ​​​ ​Play the clips.​ ​​ ​​​ ​Hey, kill someone. Stop being scared.​ ​​ ​​​ ​BRO!!​ ​​ ​​​ ​There's no way!​ ​​ ​​​ ​Hey, unload the clip on him.​ ​​ ​​​ ​Your music is trash, buddy.​ ​​ ​​​ ​You're gonna make me cry.​ ​​ ​​​ ​But it hasn't happened yet, ​ ​​ ​​ ​so they don't know.​ ​​ ​​​ ​But it hasn't happened yet, ​ ​​ ​​ ​so they don't know.​ ​​ ​​​ ​All right, it's time ​ ​​ ​​ ​for the first challenge.​ ​​ ​​​ ​All right, it's time ​ ​​ ​​ ​for the first challenge.​ ​​ ​​​ ​What is it?​ ​​ ​​​ ​Oooohhhhh!​ ​​ ​​​ ​On this wall is a photo of each of you.​ ​​ ​​​ ​NOO!​ ​​ ​​​ ​OHHH...​ ​​ ​​​ ​Back up behind the purple line.​ ​​ ​​​ ​WHOA, WHOA, WHOA, WHOA, WHOA!​ ​​ ​​​ ​Oh, my God. No.​ ​​ ​​​ ​You all are gonna get one paintball shot.​ ​​ ​​​ ​And all you have to do ​ ​​ ​​ ​is shoot the photo​ ​​ ​​​ ​And all you have to do ​ ​​ ​​ ​is shoot the photo​ ​​ ​​​ ​of the streamer that you ​ ​​ ​​ ​HATE the most.​ ​​ ​​​ ​of the streamer that you ​ ​​ ​​ ​HATE the most.​ ​​ ​​​ ​Wait? What?​ ​​ ​​​ ​Paintball guns?​ ​​ ​​​ ​Paintball, yeah.​ ​​ ​​​ ​No waayy...​ ​​ ​​​ ​After all fifty of you fire,​ ​​ ​​​ ​the five targets hit the most ​ ​​ ​​ ​will be eliminated.​ ​​ ​​​ ​the five targets hit the most ​ ​​ ​​ ​will be eliminated.​ ​​ ​​​ ​Ohh my goddddd!​ ​​ ​​​ ​Let's GOOO!​ ​​ ​​​ ​Step over the line if you wanna shoot first.​ ​​ ​​​ ​OH! All right. Sketch did.​ ​​ ​​​ ​Come on up.​ ​​ ​​​ ​Who do I shoot first?​ ​​ ​​​ ​No, you shoot that way.​ ​​ ​​​ ​Sketch, which of the streamers ​ ​​ ​​ ​would you like to eliminate?​ ​​ ​​​ ​Sketch, which of the streamers ​ ​​ ​​ ​would you like to eliminate?​ ​​ ​​​ ​Wait--​ ​​ ​​​ ​He missed?​ ​​ ​​​ ​He missed!​ ​​ ​​​ ​HA HA!​ ​​ ​​​ ​I'm a nice guy.​ ​​ ​​​ ​Who's next?​ ​​ ​​​ ​Yeah, give me a shot!​ ​​ ​​​ ​Ludwig!​ ​​ ​​​ ​Let's see who Ludwig shoots.​ ​​ ​​​ ​I'M SORRY!​ ​​ ​​​ ​OHHHHH!!​ ​​ ​​​ ​OHHHHHHHHH.....​ ​​ ​​​ ​But you're not a streamer.​ ​​ ​​​ ​Yeah, that's the CEO of Twitch.​ ​​ ​​​ ​You're about to get banned, bruh!​ ​​ ​​​ ​Hey, hey.​ ​​ ​​​ ​I'll take the ban.​ ​​ ​​​ ​I'll take that.​ ​​ ​​​ ​Who wants to shoot next?​ ​​ ​​​ ​Excuse me. Excuse me.​ ​​ ​​​ ​Come on, man.​ ​​ ​​​ ​Let's go.​ ​​ ​​​ ​OHHHHHH!​ ​​ ​​​ ​Bro, you gotta get revenge, man.​ ​​ ​​​ ​Who are you aiming for?​ ​​ ​​​ ​Ludwig, of course.​ ​​ ​​​ ​Dan, no!​ ​​ ​​​ ​Ludwig?​ ​​ ​​​ ​Dan, Dan, Dan, Dan, Dan…​ ​​ ​​​ ​Can I bring up something real quick?​ ​​ ​​​ ​Yeah.​ ​​ ​​​ ​You're gonna miss, old man.​ ​​ ​​​ ​Ooohhh!​ ​​ ​​​ ​Ohhh...​ ​​ ​​​ ​OHHH! He missed.​ ​​ ​​​ ​YESSSS!​ ​​ ​​​ ​I'm an easy target.​ ​​ ​​​ ​I know that was on purpose.​ ​​ ​​​ ​I'm an easy target.​ ​​ ​​​ ​Someone's gonna accidentally get shot ​ ​​ ​​ ​and it's gonna snowball.​ ​​ ​​​ ​Someone's gonna accidentally get shot ​ ​​ ​​ ​and it's gonna snowball.​ ​​ ​​​ ​Arky, come on up.​ ​​ ​​​ ​And the brutality continued.​ ​​ ​​​ ​Arky!​ ​​ ​​​ ​They began targeting other streamers.​ ​​ ​​​ ​Oohhh!​ ​​ ​​​ ​Oh…​ ​​ ​​​ ​That's so mean!​ ​​ ​​​ ​It was an accident!​ ​​ ​​​ ​And the streamers fought right back.​ ​​ ​​​ ​Ooohhh!​ ​​ ​​​ ​That's fair!​ ​​ ​​​ ​And just like that, ​ ​​ ​​ ​the least-liked streamers​ ​​ ​​​ ​And just like that, ​ ​​ ​​ ​the least-liked streamers​ ​​ ​​​ ​are starting to reveal themselves.​ ​​ ​​​ ​Three people are on the chopping block.​ ​​ ​​​ ​Who's next?​ ​​ ​​​ ​I think we shoot whoever shoots us.​ ​​ ​​​ ​It looks like people are aiming ​ ​​ ​​ ​at whoever aimed for them.​ ​​ ​​​ ​It looks like people are aiming ​ ​​ ​​ ​at whoever aimed for them.​ ​​ ​​​ ​I'll shoot someone.​ ​​ ​​​ ​All right, Rage!​ ​​ ​​​ ​Whoaaaaa!​ ​​ ​​​ ​Ohhhh, my God!​ ​​ ​​​ ​I don't want to take anyone out. ​ ​​ ​​ ​Is that ok?​ ​​ ​​​ ​I don't want to take anyone out. ​ ​​ ​​ ​Is that ok?​ ​​ ​​​ ​That's fine. Yeah.​ ​​ ​​​ ​Oh!​ ​​ ​​​ ​Wait, it hit Arky!​ ​​ ​​​ ​It hit Arky!​ ​​ ​​​ ​Oh, it did!​ ​​ ​​​ ​No way!​ ​​ ​​​ ​Poki, why meeeee?​ ​​ ​​​ ​I aimed for the ground.​ ​​ ​​​ ​Well, aside from that,​ ​​ ​​​ ​the streamers targeted people ​ ​​ ​​ ​they thought were the biggest threat.​ ​​ ​​​ ​the streamers targeted people ​ ​​ ​​ ​they thought were the biggest threat.​ ​​ ​​​ ​Oh, Marlon, clap back.​ ​​ ​​​ ​Clap! Back!​ ​​ ​​​ ​Defend your aura.​ ​​ ​​​ ​Did you just shoot yourself?​ ​​ ​​​ ​He shot himself.​ ​​ ​​​ ​You're a hero, Marlon!​ ​​ ​​​ ​You're him! You're him!​ ​​ ​​​ ​They even started targeting people​ ​​ ​​​ ​that already had points...​ ​​ ​​​ ​I had to play it safe. ​ ​​ ​​ ​I can't make enemies out here.​ ​​ ​​​ ​I had to play it safe. ​ ​​ ​​ ​I can't make enemies out here.​ ​​ ​​​ ​in order to decrease the likelihood​ ​​ ​​​ ​of themselves getting eliminated.​ ​​ ​​​ ​Oh! Trick shot.​ ​​ ​​​ ​Ohhhh!​ ​​ ​​​ ​OHHHHHHHH.....​ ​​ ​​​ ​But not everybody has a perfect aim.​ ​​ ​​​ ​You're gonna miss.​ ​​ ​​​ ​Oh, yeah. You missed.​ ​​ ​​​ ​You missed!​ ​​ ​​​ ​No, I didn't miss.​ ​​ ​​​ ​Yeah, you did!​ ​​ ​​​ ​HA HA HA HA HA!​ ​​ ​​​ ​Oh, no, I missed.​ ​​ ​​​ ​HA HA HA HA HA!​ ​​ ​​​ ​Oh! xQc!​ ​​ ​​​ ​Hey!​ ​​ ​​​ ​Hey! Now, we're really finna get you out.​ ​​ ​​​ ​And thanks to xQc's outburst,​ ​​ ​​​ ​the five most targeted streamers ​ ​​ ​​ ​finally revealed themselves.​ ​​ ​​​ ​the five most targeted streamers ​ ​​ ​​ ​finally revealed themselves.​ ​​ ​​​ ​Change the lights red!​ ​​ ​​​ ​You five are now eliminated.​ ​​ ​​​ ​Bye-bye, have a good night.​ ​​ ​​​ ​Buh-bye!​ ​​ ​​​ ​But before he left...​ ​​ ​​​ ​Bye-bye!​ ​​ ​​​ ​xQc had something ​ ​​ ​​ ​to say to the streamers.​ ​​ ​​​ ​xQc had something ​ ​​ ​​ ​to say to the streamers.​ ​​ ​​​ ​You're going homeeee!​ ​​ ​​​ ​You're going home!​ ​​ ​​​ ​All right, all right, all right.​ ​​ ​​​ ​Are you guys ready for the second game?​ ​​ ​​​ ​Here we go! All right, boys.​ ​​ ​​​ ​Lock in. Lock in!​ ​​ ​​​ ​Change the floor!​ ​​ ​​​ ​Whoa! Whoa!​ ​​ ​​​ ​What is this?​ ​​ ​​​ ​Come on, baby.​ ​​ ​​​ ​Bring out the Lamborghini!​ ​​ ​​​ ​Wish!​ ​​ ​​​ ​WOWWW!​ ​​ ​​​ ​What?​ ​​ ​​​ ​One of you is about to win this ​ ​​ ​​ ​Lamborghini for your viewers!​ ​​ ​​​ ​One of you is about to win this ​ ​​ ​​ ​Lamborghini for your viewers!​ ​​ ​​​ ​[cheering]​ ​​ ​​​ ​But here's the thing,​ ​​ ​​​ ​this next game is optional.​ ​​ ​​​ ​Whoever volunteers to play this game ​ ​​ ​​ ​will be blindfolded​ ​​ ​​​ ​Whoever volunteers to play this game ​ ​​ ​​ ​will be blindfolded​ ​​ ​​​ ​while they hold their hand on this Lambo.​ ​​ ​​​ ​And takes it off closest to ten minutes ​ ​​ ​​ ​will win it,​ ​​ ​​​ ​And takes it off closest to ten minutes ​ ​​ ​​ ​will win it,​ ​​ ​​​ ​and literally go live in this cube and ​ ​​ ​​ ​give it away to one of your viewers.​ ​​ ​​​ ​and literally go live in this cube and ​ ​​ ​​ ​give it away to one of your viewers.​ ​​ ​​​ ​Everyone else who places their hand on ​ ​​ ​​ ​and loses the challenge,​ ​​ ​​​ ​Everyone else who places their hand on ​ ​​ ​​ ​and loses the challenge,​ ​​ ​​​ ​will be eliminated.​ ​​ ​​​ ​Oh, my God!​ ​​ ​​​ ​Ok, if you want to compete ​ ​​ ​​ ​for this Lamborghini,​ ​​ ​​​ ​Ok, if you want to compete ​ ​​ ​​ ​for this Lamborghini,​ ​​ ​​​ ​step inside the circle in the next two ​ ​​ ​​ ​minutes.​ ​​ ​​​ ​step inside the circle in the next two ​ ​​ ​​ ​minutes.​ ​​ ​​​ ​Oh!​ ​​ ​​​ ​That's a good deal.​ ​​ ​​​ ​Bro, you get an easy stream.​ ​​ ​​​ ​No. I'm afraid. I'm afraid.​ ​​ ​​​ ​I will step in. Y'all going against Sketch.​ ​​ ​​​ ​Forty-eight seconds.​ ​​ ​​​ ​I'm thinking about the clips.​ ​​ ​​​ ​Get in there!​ ​​ ​​​ ​Thirty-three seconds!​ ​​ ​​​ ​Oohhhh!​ ​​ ​​​ ​Whoooaaa!​ ​​ ​​​ ​TEN!​ ​​ ​​​ ​Nine!​ ​​ ​​​ ​How long is ten minutes?​ ​​ ​​​ ​...One Mississippi, two Mississippi, ​ ​​ ​​ ​three Mi-- I don't know.​ ​​ ​​​ ​...One Mississippi, two Mississippi, ​ ​​ ​​ ​three Mi-- I don't know.​ ​​ ​​​ ​Just do it!​ ​​ ​​​ ​Five, four, three, two...​ ​​ ​​​ ​Neon!​ ​​ ​​​ ​Only four people entered the circle. ​ ​​ ​​ ​Let's see who wins the Lambo.​ ​​ ​​​ ​Only four people entered the circle. ​ ​​ ​​ ​Let's see who wins the Lambo.​ ​​ ​​​ ​I'm gonna start the timer in​ ​​ ​​​ ​three... two... one....​ ​​ ​​​ ​The rest is on you.​ ​​ ​​​ ​It's gonna be the longest ​ ​​ ​​ ​ten minutes for them.​ ​​ ​​​ ​It's gonna be the longest ​ ​​ ​​ ​ten minutes for them.​ ​​ ​​​ ​Everyone is locked in on this game. ​ ​​ ​​ ​They are focused on playing.​ ​​ ​​​ ​Everyone is locked in on this game. ​ ​​ ​​ ​They are focused on playing.​ ​​ ​​​ ​But just like the paintball game,​ ​​ ​​​ ​chaos was about to take over.​ ​​ ​​​ ​I, I think that's time, guys. You're good.​ ​​ ​​​ ​Fifteen, sixteen, seventeen.​ ​​ ​​​ ​Thirty, eighty, sixty.​ ​​ ​​​ ​Twenty, twenty, ten.​ ​​ ​​​ ​Nine!​ ​​ ​​​ ​7:37, y'all.​ ​​ ​​​ ​Two minutes. Two minutes.​ ​​ ​​​ ​Five minutes. Five minutes.​ ​​ ​​​ ​Twenty seconds.​ ​​ ​​​ ​Seven minutes.​ ​​ ​​​ ​Whheeww!​ ​​ ​​​ ​Five, four, three...​ ​​ ​​​ ​Three minutes.​ ​​ ​​​ ​Six minutes, y'all. Six minutes, y'all.​ ​​ ​​​ ​Time is ticking.​ ​​ ​​​ ​One is literally gonna give away ​ ​​ ​​ ​this Lamborghini in the next ten minutes.​ ​​ ​​​ ​One is literally gonna give away ​ ​​ ​​ ​this Lamborghini in the next ten minutes.​ ​​ ​​​ ​Three of them are about to go home.​ ​​ ​​​ ​Sketch is stressing, hehh!​ ​​ ​​​ ​Come on, Sketch!​ ​​ ​​​ ​Oh! All right, we have our ​ ​​ ​​ ​first person to take their hand off.​ ​​ ​​​ ​Oh! All right, we have our ​ ​​ ​​ ​first person to take their hand off.​ ​​ ​​​ ​Am I cooked?​ ​​ ​​​ ​It's been like five minutes.​ ​​ ​​​ ​No way.​ ​​ ​​​ ​I lost.​ ​​ ​​​ ​Yeah.​ ​​ ​​​ ​How?!​ ​​ ​​​ ​Because when other streamers ​ ​​ ​​ ​are sabotaging you,​ ​​ ​​​ ​Because when other streamers ​ ​​ ​​ ​are sabotaging you,​ ​​ ​​​ ​it's almost impossible to focus.​ ​​ ​​​ ​Oh, hey, hey! hey! Sketch!​ ​​ ​​​ ​Sketch!​ ​​ ​​​ ​Bro, what?!​ ​​ ​​​ ​But they didn't realize at the time​ ​​ ​​​ ​that the last two players ​ ​​ ​​ ​had a different strategy.​ ​​ ​​​ ​that the last two players ​ ​​ ​​ ​had a different strategy.​ ​​ ​​​ ​They had allies who were tracking the time ​ ​​ ​​ ​on their vlog cameras the entire game.​ ​​ ​​​ ​They had allies who were tracking the time ​ ​​ ​​ ​on their vlog cameras the entire game.​ ​​ ​​​ ​She's got somebody. He's got somebody. ​ ​​ ​​ ​It's good strategy. Yeah.​ ​​ ​​​ ​She's got somebody. He's got somebody. ​ ​​ ​​ ​It's good strategy. Yeah.​ ​​ ​​​ ​That's fair. Yeah.​ ​​ ​​​ ​That is the lamest way to lose a game.​ ​​ ​​​ ​At nine minutes, I'm going over there ​ ​​ ​​ ​and I'm sabotaging.​ ​​ ​​​ ​At nine minutes, I'm going over there ​ ​​ ​​ ​and I'm sabotaging.​ ​​ ​​​ ​This is gonna come down ​ ​​ ​​ ​to literal milliseconds.​ ​​ ​​​ ​This is gonna come down ​ ​​ ​​ ​to literal milliseconds.​ ​​ ​​​ ​Yo, play defense. Play defense.​ ​​ ​​​ ​Hold on, she's not-- ​ ​​ ​​ ​she's not cheating though?​ ​​ ​​​ ​Hold on, she's not-- ​ ​​ ​​ ​she's not cheating though?​ ​​ ​​​ ​This is called comms.​ ​​ ​​​ ​Yeah, it's called comms, for sure.​ ​​ ​​​ ​9:13, 9:36, 9:37.​ ​​ ​​​ ​Eight!​ ​​ ​​​ ​Aaahhhh!​ ​​ ​​​ ​AaaaAAAhhHHHHH!​ ​​ ​​​ ​AHHHH!​ ​​ ​​​ ​[chaotic screaming]​ ​​ ​​​ ​Oh!​ ​​ ​​​ ​Wait! Wait!​ ​​ ​​​ ​He won! He won! He won!​ ​​ ​​​ ​Come on. They did it at the same time.​ ​​ ​​​ ​They did it at the same time.​ ​​ ​​​ ​They did at the same time!​ ​​ ​​​ ​We got the cameras here.​ ​​ ​​​ ​Her hand came off first. ​ ​​ ​​ ​His hand came off five frames later,​ ​​ ​​​ ​Her hand came off first. ​ ​​ ​​ ​His hand came off five frames later,​ ​​ ​​​ ​which was closer to ten minutes.​ ​​ ​​​ ​Rebeu, you won!​ ​​ ​​​ ​YEAAHHHH!!​ ​​ ​​​ ​By five frames, Rebeu got the dub.​ ​​ ​​​ ​I would like to say that I'm disappointed.​ ​​ ​​​ ​I think I have brain damage.​ ​​ ​​​ ​How was I so bad?​ ​​ ​​​ ​You should've made a friend.​ ​​ ​​​ ​Bro, I tried. ​ ​​ ​​ ​I didn't know I could cheat...​ ​​ ​​​ ​Bro, I tried. ​ ​​ ​​ ​I didn't know I could cheat...​ ​​ ​​​ ​Bro, I love cheating.​ ​​ ​​​ ​You three have been eliminated.​ ​​ ​​​ ​I'm gonna cry.​ ​​ ​​​ ​I'm actually gonna cry.​ ​​ ​​​ ​Take it home, Andrea!​ ​​ ​​​ ​French streamer Rebeu won.​ ​​ ​​​ ​And he's about to give ​ ​​ ​​ ​of you this Lambo.​ ​​ ​​​ ​And he's about to give ​ ​​ ​​ ​of you this Lambo.​ ​​ ​​​ ​Write on the chats, guys.​ ​​ ​​​ ​[in French] Yeah, Yeah, Yeah​ ​​ ​​​ ​He's been following you for 6 years​ ​​ ​​​ ​Mr. Zou, M-R-Z-O-U, ​ ​​ ​​ ​you win the Lamborghini.​ ​​ ​​​ ​Mr. Zou, M-R-Z-O-U, ​ ​​ ​​ ​you win the Lamborghini.​ ​​ ​​​ ​YEAHHH!​ ​​ ​​​ ​You just won a brand-new Lamborghini.​ ​​ ​​​ ​And even though I just gave away ​ ​​ ​​ ​a Lamborghini,​ ​​ ​​​ ​And even though I just gave away ​ ​​ ​​ ​a Lamborghini,​ ​​ ​​​ ​one of these streamers ​ ​​ ​​ ​will be winning one MILLION dollars.​ ​​ ​​​ ​one of these streamers ​ ​​ ​​ ​will be winning one MILLION dollars.​ ​​ ​​​ ​That's a lot of moneyyyyyy.​ ​​ ​​​ ​To give away on their livestream ​ ​​ ​​ ​to viewers like you.​ ​​ ​​​ ​To give away on their livestream ​ ​​ ​​ ​to viewers like you.​ ​​ ​​​ ​And if you aren't already subscribed,​ ​​ ​​​ ​we're super close to hitting ​ ​​ ​​ ​half a billion subscribers.​ ​​ ​​​ ​we're super close to hitting ​ ​​ ​​ ​half a billion subscribers.​ ​​ ​​​ ​I think my viewers would be ​ ​​ ​​ ​happy to know that​ ​​ ​​​ ​I think my viewers would be ​ ​​ ​​ ​happy to know that​ ​​ ​​​ ​I didn't fight for them today.​ ​​ ​​​ ​Jimmy said the next game ​ ​​ ​​ ​is gonna be brutal.​ ​​ ​​​ ​Jimmy said the next game ​ ​​ ​​ ​is gonna be brutal.​ ​​ ​​​ ​All right. It's time ​ ​​ ​​ ​for the next challenge.​ ​​ ​​​ ​All right. It's time ​ ​​ ​​ ​for the next challenge.​ ​​ ​​​ ​Change the floor!​ ​​ ​​​ ​You will decide if you wanna play ​ ​​ ​​ ​a video game or a sports game.​ ​​ ​​​ ​You will decide if you wanna play ​ ​​ ​​ ​a video game or a sports game.​ ​​ ​​​ ​Ten people from each side will move on,​ ​​ ​​​ ​meaning over half of you ​ ​​ ​​ ​will be eliminated.​ ​​ ​​​ ​meaning over half of you ​ ​​ ​​ ​will be eliminated.​ ​​ ​​​ ​Rubius, if you step in ​ ​​ ​​ ​this video game--​ ​​ ​​​ ​Rubius, if you step in ​ ​​ ​​ ​this video game--​ ​​ ​​​ ​All right, it's locked in.​ ​​ ​​​ ​Haha, I'm not going there. Hah!​ ​​ ​​​ ​Ok? Sports? You four believe in your ​ ​​ ​​ ​athletic ability?​ ​​ ​​​ ​Ok? Sports? You four believe in your ​ ​​ ​​ ​athletic ability?​ ​​ ​​​ ​Go sports!​ ​​ ​​​ ​I'm just not a gamer.​ ​​ ​​​ ​Five?​ ​​ ​​​ ​A lot of gamers over here. ​ ​​ ​​ ​You guys didn't wanna try the sports?​ ​​ ​​​ ​A lot of gamers over here. ​ ​​ ​​ ​You guys didn't wanna try the sports?​ ​​ ​​​ ​I know my strengths. And it's not that.​ ​​ ​​​ ​I think I'm a top ten gamer in this room.​ ​​ ​​​ ​Lacy....​ ​​ ​​​ ​I really do.​ ​​ ​​​ ​Lacy...​ ​​ ​​​ ​I'm great at both, so I'm actually ​ ​​ ​​ ​choosing who I want to eliminate less.​ ​​ ​​​ ​I'm great at both, so I'm actually ​ ​​ ​​ ​choosing who I want to eliminate less.​ ​​ ​​​ ​We went gaming. We went gaming.​ ​​ ​​​ ​DDG, you're last.​ ​​ ​​​ ​Oookay!​ ​​ ​​​ ​We're gonna kick things off​ ​​ ​​​ ​by playing the sports game first.​ ​​ ​​​ ​Are you ready?!​ ​​ ​​​ ​Woo!​ ​​ ​​​ ​Dude, I'm scared, bro.​ ​​ ​​​ ​Reveal the sport they're playing.​ ​​ ​​​ ​Awwww!​ ​​ ​​​ ​Crossbar challenges.​ ​​ ​​​ ​And-- reveal the goalie!​ ​​ ​​​ ​One of the greatest soccer players in ​ ​​ ​​ ​the world,​ ​​ ​​​ ​One of the greatest soccer players in ​ ​​ ​​ ​the world,​ ​​ ​​​ ​and Ronaldo's biggest rival...​ ​​ ​​​ ​Speed!​ ​​ ​​​ ​I should've known! Oh!​ ​​ ​​​ ​If you score, you move on.​ ​​ ​​​ ​But if you don't score, you miss or he ​ ​​ ​​ ​stops the ball, you're eliminated.​ ​​ ​​​ ​But if you don't score, you miss or he ​ ​​ ​​ ​stops the ball, you're eliminated.​ ​​ ​​​ ​I'll give you guys a second to strategize.​ ​​ ​​​ ​But while they were strategizing...​ ​​ ​​​ ​...this happened.​ ​​ ​​​ ​Wait!​ ​​ ​​​ ​Oh!​ ​​ ​​​ ​Ludwig, you left!​ ​​ ​​​ ​Ludwig!​ ​​ ​​​ ​Oohhh!​ ​​ ​​​ ​Ludwig! Ludwig!​ ​​ ​​​ ​Awwwww... WHAT!!​ ​​ ​​​ ​You left the cube. ​ ​​ ​​ ​The only rule is don't leave the cube.​ ​​ ​​​ ​You left the cube. ​ ​​ ​​ ​The only rule is don't leave the cube.​ ​​ ​​​ ​I didn't even get to stop your goal.​ ​​ ​​​ ​Ay, we have our first of ten eliminations.​ ​​ ​​​ ​What is WRONG with you?​ ​​ ​​​ ​I got excited!​ ​​ ​​​ ​I wanted to say hi to Speed, ​ ​​ ​​ ​he's my favorite streamer!​ ​​ ​​​ ​I wanted to say hi to Speed, ​ ​​ ​​ ​he's my favorite streamer!​ ​​ ​​​ ​That is a CRAZY way to get out.​ ​​ ​​​ ​Is there anyone who wants to shoot first?​ ​​ ​​​ ​I'm going, I'm going, I'm going.​ ​​ ​​​ ​You know I'm gonna save it, right?​ ​​ ​​​ ​No, I don't think so.​ ​​ ​​​ ​You don't think so? You wanna bet?​ ​​ ​​​ ​Maybe, maybe, maybe.​ ​​ ​​​ ​Ohhhhh!​ ​​ ​​​ ​He did it!​ ​​ ​​​ ​Oh, that was impressive.​ ​​ ​​​ ​Ey, that's how you do it!​ ​​ ​​​ ​That was silly.​ ​​ ​​​ ​Who wants to go second? You wanna shoot?​ ​​ ​​​ ​I got you nervous, man.​ ​​ ​​​ ​I'm stopping this goal, baby.​ ​​ ​​​ ​You're missing, bro. You're out.​ ​​ ​​​ ​You're out of the video, bro.​ ​​ ​​​ ​Yeah, Amine, Amine, Amineeeee!​ ​​ ​​​ ​Aghh!​ ​​ ​​​ ​Get! Out!​ ​​ ​​​ ​Speed is too good. All he does is soccer. ​ ​​ ​​ ​He loves soccer.​ ​​ ​​​ ​Speed is too good. All he does is soccer. ​ ​​ ​​ ​He loves soccer.​ ​​ ​​​ ​Bye-byeee! The door's that way.​ ​​ ​​​ ​Thank you for the invitation. ​ ​​ ​​ ​It was crazy.​ ​​ ​​​ ​Thank you for the invitation. ​ ​​ ​​ ​It was crazy.​ ​​ ​​​ ​No problem.​ ​​ ​​​ ​Thank you.​ ​​ ​​​ ​Anyone wanna put their fate ​ ​​ ​​ ​in their own hands?​ ​​ ​​​ ​Anyone wanna put their fate ​ ​​ ​​ ​in their own hands?​ ​​ ​​​ ​Hide, hide, hide, hide, hide,​ ​​ ​​​ ​hide, hide, hide, hide, hide.​ ​​ ​​​ ​No, we all can't hide back here.​ ​​ ​​​ ​We all can't hide.​ ​​ ​​​ ​Go, go, go, go, go!​ ​​ ​​​ ​They see us. They see us.​ ​​ ​​​ ​HEYY!​ ​​ ​​​ ​Hey, you can't hide behind the briefcase.​ ​​ ​​​ ​They say we can't hide.​ ​​ ​​​ ​I laugh at this. This is a joke.​ ​​ ​​​ ​Since no one wants to go, ​ ​​ ​​ ​I'm gonna draw a name out.​ ​​ ​​​ ​Since no one wants to go, ​ ​​ ​​ ​I'm gonna draw a name out.​ ​​ ​​​ ​The person who's going is Andrea Botez.​ ​​ ​​​ ​I've never kicked a soccer ball in my life.​ ​​ ​​​ ​This is my out.​ ​​ ​​​ ​Take care.​ ​​ ​​​ ​You're going downnnnn!​ ​​ ​​​ ​Maya?​ ​​ ​​​ ​I'm so scared of Speed, man. ​ ​​ ​​ ​I'm so scared of Speed.​ ​​ ​​​ ​I'm so scared of Speed, man. ​ ​​ ​​ ​I'm so scared of Speed.​ ​​ ​​​ ​Oohhhh!​ ​​ ​​​ ​Bye, Maya.​ ​​ ​​​ ​I'll go.​ ​​ ​​​ ​Frick!​ ​​ ​​​ ​Steak got cooked.​ ​​ ​​​ ​Let's go, man!​ ​​ ​​​ ​Ohhhhh…​ ​​ ​​​ ​Byeeeee, Agent!​ ​​ ​​​ ​Whoa…​ ​​ ​​​ ​Ahhh!​ ​​ ​​​ ​Act like it's Call of Duty.​ ​​ ​​​ ​Oh, no!​ ​​ ​​​ ​Ohhh!​ ​​ ​​​ ​What the...​ ​​ ​​​ ​Wendy?​ ​​ ​​​ ​No. Oh, my god.​ ​​ ​​​ ​Are you right foot or left footed?​ ​​ ​​​ ​Right.​ ​​ ​​​ ​You either go side or right here ​ ​​ ​​ ​as fast as you can.​ ​​ ​​​ ​You either go side or right here ​ ​​ ​​ ​as fast as you can.​ ​​ ​​​ ​Okay...​ ​​ ​​​ ​Ah ha!​ ​​ ​​​ ​She did it!​ ​​ ​​​ ​Wendy kicked it before Speed ​ ​​ ​​ ​walked back to the goal.​ ​​ ​​​ ​Wendy kicked it before Speed ​ ​​ ​​ ​walked back to the goal.​ ​​ ​​​ ​Yeah, that counts!​ ​​ ​​​ ​YAY!​ ​​ ​​​ ​She big-brained it.​ ​​ ​​​ ​Thank you.​ ​​ ​​​ ​It's not happening again.​ ​​ ​​​ ​We only need one more elimination.​ ​​ ​​​ ​NickEh30.​ ​​ ​​​ ​Who's one of the most popular Fortnite ​ ​​ ​​ ​streamers in the world.​ ​​ ​​​ ​Who's one of the most popular Fortnite ​ ​​ ​​ ​streamers in the world.​ ​​ ​​​ ​Ohhhh!​ ​​ ​​​ ​Ughhh! Okay, okay.​ ​​ ​​​ ​Why did you not choose video games?​ ​​ ​​​ ​I thought it was gonna be, like, ​ ​​ ​​ ​a push-up contest or something. So--​ ​​ ​​​ ​I thought it was gonna be, like, ​ ​​ ​​ ​a push-up contest or something. So--​ ​​ ​​​ ​But we said it's a sport!​ ​​ ​​​ ​I was ready to be athletic, ya know?​ ​​ ​​​ ​Okay.​ ​​ ​​​ ​Not on soccer, though. Or football.​ ​​ ​​​ ​If he misses, that's it. They all move on.​ ​​ ​​​ ​Nick! Nick! Nick!​ ​​ ​​​ ​Ooooh!​ ​​ ​​​ ​Yeeeaahhhh!​ ​​ ​​​ ​[streamers cheering]​ ​​ ​​​ ​Never back down this fight!​ ​​ ​​​ ​I thought that was goin' out. ​ ​​ ​​ ​That was a good goal!​ ​​ ​​​ ​I thought that was goin' out. ​ ​​ ​​ ​That was a good goal!​ ​​ ​​​ ​Thanks, Speed.​ ​​ ​​​ ​This could be the last elimination.​ ​​ ​​​ ​Ray!​ ​​ ​​​ ​Awww!​ ​​ ​​​ ​Batter up. Batter up!​ ​​ ​​​ ​If he misses, all of you move on.​ ​​ ​​​ ​Oh!​ ​​ ​​​ ​YEAAHHH!​ ​​ ​​​ ​I mean, I mean! Ohhhh!​ ​​ ​​​ ​What do you mean?​ ​​ ​​​ ​Are you sad or happy that he's out?​ ​​ ​​​ ​I'm so sad!​ ​​ ​​​ ​Nahh, yoooo.​ ​​ ​​​ ​Yo, I'm sorry, brah.​ ​​ ​​​ ​I hope y'all lose the last round.​ ​​ ​​​ ​NO!! I...​ ​​ ​​​ ​No! We love you, bro.​ ​​ ​​​ ​I hope you are losing. You know what I mean?​ ​​ ​​​ ​No, Ray. Hahaaa!​ ​​ ​​​ ​Ha, no! Noo!​ ​​ ​​​ ​Thank you, bro. Thank you, y'all.​ ​​ ​​​ ​Take care, Ray.​ ​​ ​​​ ​Congratulations, you ten are moving on!​ ​​ ​​​ ​Wooo!!​ ​​ ​​​ ​It's time to eliminate 60% of these people.​ ​​ ​​​ ​Wah hah hah​ ​​ ​​​ ​What video game do you think ​ ​​ ​​ ​we're about to play?​ ​​ ​​​ ​What video game do you think ​ ​​ ​​ ​we're about to play?​ ​​ ​​​ ​Oh, my God.​ ​​ ​​​ ​Rocket League.​ ​​ ​​​ ​Pac-Man!​ ​​ ​​​ ​Rocket League.​ ​​ ​​​ ​Did any of you say... Fortnite?​ ​​ ​​​ ​No way!​ ​​ ​​​ ​Yo, actually?​ ​​ ​​​ ​Whaaaat? They're playing Fortnite.​ ​​ ​​​ ​I was a Fortnite pro.​ ​​ ​​​ ​Wait. Wait. You think I can do it?​ ​​ ​​​ ​We're gonna be doing a Battle Royale.​ ​​ ​​​ ​Bring in all the computers.​ ​​ ​​​ ​It's time for the video game challenge.​ ​​ ​​​ ​WOOOOO!!​ ​​ ​​​ ​We chose this game because Fortnite ​ ​​ ​​ ​made streaming what it is today,​ ​​ ​​​ ​We chose this game because Fortnite ​ ​​ ​​ ​made streaming what it is today,​ ​​ ​​​ ​and launched multiple of your careers.​ ​​ ​​​ ​So you're going to play until ​ ​​ ​​ ​twelve of you are eliminated.​ ​​ ​​​ ​So you're going to play until ​ ​​ ​​ ​twelve of you are eliminated.​ ​​ ​​​ ​Everyone understand?​ ​​ ​​​ ​Yes!​ ​​ ​​​ ​All right, start the match.​ ​​ ​​​ ​Here we go.​ ​​ ​​​ ​Fortnite begins by the streamers ​ ​​ ​​ ​dropping into the map.​ ​​ ​​​ ​Fortnite begins by the streamers ​ ​​ ​​ ​dropping into the map.​ ​​ ​​​ ​I'm dropping now. I'm dropping now.​ ​​ ​​​ ​Instantly, all the best players teamed up,​ ​​ ​​​ ​including Tfue, a legendary player ​ ​​ ​​ ​that's one of the best in the world.​ ​​ ​​​ ​including Tfue, a legendary player ​ ​​ ​​ ​that's one of the best in the world.​ ​​ ​​​ ​And their first objective ​ ​​ ​​ ​was to get in a plane.​ ​​ ​​​ ​And their first objective ​ ​​ ​​ ​was to get in a plane.​ ​​ ​​​ ​Whoohooo!​ ​​ ​​​ ​But on the other side of the map, ​ ​​ ​​ ​another group was forming.​ ​​ ​​​ ​But on the other side of the map, ​ ​​ ​​ ​another group was forming.​ ​​ ​​​ ​I'm scaaared.​ ​​ ​​​ ​But some players had a different strategy.​ ​​ ​​​ ​I'm scared.​ ​​ ​​​ ​We're looking for y'all.​ ​​ ​​​ ​You guys' strategy is to sit in a plane, ​ ​​ ​​ ​not go fight 'em, man-to-man, mano-a-mano?​ ​​ ​​​ ​You guys' strategy is to sit in a plane, ​ ​​ ​​ ​not go fight 'em, man-to-man, mano-a-mano?​ ​​ ​​​ ​Nah, no, we're not.​ ​​ ​​​ ​No, we will. We're letting the ​ ​​ ​​ ​suspense build up.​ ​​ ​​​ ​No, we will. We're letting the ​ ​​ ​​ ​suspense build up.​ ​​ ​​​ ​This might be the quietest of all games,​ ​​ ​​​ ​because everyone is dead focused ​ ​​ ​​ ​on the game.​ ​​ ​​​ ​because everyone is dead focused ​ ​​ ​​ ​on the game.​ ​​ ​​​ ​I am shocked. I thought for sure ​ ​​ ​​ ​people would be out by now.​ ​​ ​​​ ​I am shocked. I thought for sure ​ ​​ ​​ ​people would be out by now.​ ​​ ​​​ ​I think as the zones get ​ ​​ ​​ ​smaller and smaller,​ ​​ ​​​ ​I think as the zones get ​ ​​ ​​ ​smaller and smaller,​ ​​ ​​​ ​it's gonna get intense quick.​ ​​ ​​​ ​Oh, yeah.​ ​​ ​​​ ​Because in Fortnite, if you get caught ​ ​​ ​​ ​in the shrinking storm,​ ​​ ​​​ ​Because in Fortnite, if you get caught ​ ​​ ​​ ​in the shrinking storm,​ ​​ ​​​ ​you'll take damage ​ ​​ ​​ ​which could eliminate you,​ ​​ ​​​ ​you'll take damage ​ ​​ ​​ ​which could eliminate you,​ ​​ ​​​ ​causing players to make rookie mistakes.​ ​​ ​​​ ​I died from falling off a cliff!​ ​​ ​​​ ​Noooooo!​ ​​ ​​​ ​I died!​ ​​ ​​​ ​Noooooooo!​ ​​ ​​​ ​Wait, Emily.​ ​​ ​​​ ​Aw, dang it. It's ok.​ ​​ ​​​ ​And because the storm is closing in, ​ ​​ ​​ ​players started running into each other.​ ​​ ​​​ ​And because the storm is closing in, ​ ​​ ​​ ​players started running into each other.​ ​​ ​​​ ​Nooooo!​ ​​ ​​​ ​Ah! You got Poki!​ ​​ ​​​ ​Poki!​ ​​ ​​​ ​Oh!​ ​​ ​​​ ​Oh. My. God.​ ​​ ​​​ ​Ooh, it's-- Ooh, it's bad, ooh, it's bad.​ ​​ ​​​ ​Watch out!​ ​​ ​​​ ​You started attacking me first.​ ​​ ​​​ ​All right, three eliminations down.​ ​​ ​​​ ​You guys dropped all at the same time.​ ​​ ​​​ ​The circle continues to get smaller, ​ ​​ ​​ ​leaving only nine eliminations to go.​ ​​ ​​​ ​The circle continues to get smaller, ​ ​​ ​​ ​leaving only nine eliminations to go.​ ​​ ​​​ ​And while some players are successful ​ ​​ ​​ ​at avoiding combat, others are not so lucky.​ ​​ ​​​ ​And while some players are successful ​ ​​ ​​ ​at avoiding combat, others are not so lucky.​ ​​ ​​​ ​Huuuhh?!​ ​​ ​​​ ​Five eliminations remain.​ ​​ ​​​ ​It's getting crazy!​ ​​ ​​​ ​While the most feared players are....​ ​​ ​​​ ​flying in a plane,​ ​​ ​​​ ​the quickly closing storm makes it difficult ​ ​​ ​​ ​not only for the less experienced players,​ ​​ ​​​ ​the quickly closing storm makes it difficult ​ ​​ ​​ ​not only for the less experienced players,​ ​​ ​​​ ​but it causes even the best players ​ ​​ ​​ ​to make mistakes.​ ​​ ​​​ ​but it causes even the best players ​ ​​ ​​ ​to make mistakes.​ ​​ ​​​ ​Don't throw nades, don't throw nades.​ ​​ ​​​ ​Yo, I'm not on the plane anymore.​ ​​ ​​​ ​Ohhh, ohhh!​ ​​ ​​​ ​One spot left! Who's it gonna be? One more!​ ​​ ​​​ ​Guys, only one more player ​ ​​ ​​ ​needs to be eliminated.​ ​​ ​​​ ​Guys, only one more player ​ ​​ ​​ ​needs to be eliminated.​ ​​ ​​​ ​Remember, one million dollars ​ ​​ ​​ ​is on the line.​ ​​ ​​​ ​Remember, one million dollars ​ ​​ ​​ ​is on the line.​ ​​ ​​​ ​Whoa! It was Tfue!​ ​​ ​​​ ​No! No, bro, Tfue got out!​ ​​ ​​​ ​There's no way we lose in Fortnite!​ ​​ ​​​ ​Yo!​ ​​ ​​​ ​Bro, you two are Fortnite pro players.​ ​​ ​​​ ​Duuuude...​ ​​ ​​​ ​I can't believe I lost at Fortnite! ​ ​​ ​​ ​That's gonna haunt me forever.​ ​​ ​​​ ​I can't believe I lost at Fortnite! ​ ​​ ​​ ​That's gonna haunt me forever.​ ​​ ​​​ ​On a scale of one to ten, how sad are you?​ ​​ ​​​ ​Like, a nine.​ ​​ ​​​ ​Yeahhhh... Wooow...​ ​​ ​​​ ​Please say goodbye ​ ​​ ​​ ​to our eliminated comrades.​ ​​ ​​​ ​Please say goodbye ​ ​​ ​​ ​to our eliminated comrades.​ ​​ ​​​ ​Bye, all!​ ​​ ​​​ ​You all may leave.​ ​​ ​​​ ​Byyyee!​ ​​ ​​​ ​Noooo!​ ​​ ​​​ ​NOOOO!​ ​​ ​​​ ​And with that, welcome to the Top 20!​ ​​ ​​​ ​WOOOO!!​ ​​ ​​​ ​I rate it. I rate it.​ ​​ ​​​ ​You guys ready for the next game?​ ​​ ​​​ ​Yeahhhhh!​ ​​ ​​​ ​Okay!​ ​​ ​​​ ​I need the twenty of you to split up ​ ​​ ​​ ​into teams of four,​ ​​ ​​​ ​I need the twenty of you to split up ​ ​​ ​​ ​into teams of four,​ ​​ ​​​ ​two of which will be eliminated.​ ​​ ​​​ ​Now that all five teams ​ ​​ ​​ ​have been selected...​ ​​ ​​​ ​Now that all five teams ​ ​​ ​​ ​have been selected...​ ​​ ​​​ ​this is my favorite game of the video.​ ​​ ​​​ ​Change the floor!​ ​​ ​​​ ​Bring out the podiums.​ ​​ ​​​ ​Everyone, please stand on top of your boxes.​ ​​ ​​​ ​Wait, what?​ ​​ ​​​ ​You guys will be going first.​ ​​ ​​​ ​Throw up the shapes.​ ​​ ​​​ ​In this next game, these shapes will ​ ​​ ​​ ​appear randomly on the floor​ ​​ ​​​ ​In this next game, these shapes will ​ ​​ ​​ ​appear randomly on the floor​ ​​ ​​​ ​and you now have ten seconds ​ ​​ ​​ ​to remember where they are.​ ​​ ​​​ ​and you now have ten seconds ​ ​​ ​​ ​to remember where they are.​ ​​ ​​​ ​And star is for everyone, okay?​ ​​ ​​​ ​Okay.​ ​​ ​​​ ​All right, they're gone. Spin the wheel.​ ​​ ​​​ ​Aghh!​ ​​ ​​​ ​All right, let's see what it lands on.​ ​​ ​​​ ​Their shape is square. Go, go, go!​ ​​ ​​​ ​Square, square.​ ​​ ​​​ ​So because they got square,​ ​​ ​​​ ​they now have to go where they THINK ​ ​​ ​​ ​the square was...​ ​​ ​​​ ​they now have to go where they THINK ​ ​​ ​​ ​the square was...​ ​​ ​​​ ​and fit inside as a team.​ ​​ ​​​ ​What do you think?​ ​​ ​​​ ​We are confident. We are in it together.​ ​​ ​​​ ​Reveal it!​ ​​ ​​​ ​Oh....​ ​​ ​​​ ​Ohhh!​ ​​ ​​​ ​So because their team only had one ​ ​​ ​​ ​streamer in the square, they get...​ ​​ ​​​ ​So because their team only had one ​ ​​ ​​ ​streamer in the square, they get...​ ​​ ​​​ ​one point.​ ​​ ​​​ ​One point?​ ​​ ​​​ ​Yes, yes, yes, yes, yes.​ ​​ ​​​ ​And the two teams with the least ​ ​​ ​​ ​amount of points are eliminated.​ ​​ ​​​ ​And the two teams with the least ​ ​​ ​​ ​amount of points are eliminated.​ ​​ ​​​ ​Are you four ready?​ ​​ ​​​ ​Yes.​ ​​ ​​​ ​Reveal the pattern!​ ​​ ​​​ ​The number to beat is one.​ ​​ ​​​ ​Can they beat it?​ ​​ ​​​ ​We just gotta be grouped up together.​ ​​ ​​​ ​Yeah, we gotta be, like, close.​ ​​ ​​​ ​But remember-- remember your shape, bro, ​ ​​ ​​ ​and just remember that spot.​ ​​ ​​​ ​But remember-- remember your shape, bro, ​ ​​ ​​ ​and just remember that spot.​ ​​ ​​​ ​These-- Oh.​ ​​ ​​​ ​Star, go!​ ​​ ​​​ ​Star, star.​ ​​ ​​​ ​All right, they gotta do star.​ ​​ ​​​ ​I'm not gonna lie, ​ ​​ ​​ ​this is the hardest shape.​ ​​ ​​​ ​I'm not gonna lie, ​ ​​ ​​ ​this is the hardest shape.​ ​​ ​​​ ​This is, uh, the center right here, ​ ​​ ​​ ​the center.​ ​​ ​​​ ​This is, uh, the center right here, ​ ​​ ​​ ​the center.​ ​​ ​​​ ​The center? Okay.​ ​​ ​​​ ​The center right here.​ ​​ ​​​ ​No it ain't. Ooh, that-- ​ ​​ ​​ ​Ah, I don't think that's it.​ ​​ ​​​ ​No it ain't. Ooh, that-- ​ ​​ ​​ ​Ah, I don't think that's it.​ ​​ ​​​ ​Wait, you think we should scoot over?​ ​​ ​​​ ​I don't think that's it, guys.​ ​​ ​​​ ​Got it, Jason?​ ​​ ​​​ ​I think I did, ​ ​​ ​​ ​but that's the hardest shape, bro.​ ​​ ​​​ ​I think I did, ​ ​​ ​​ ​but that's the hardest shape, bro.​ ​​ ​​​ ​Tell me when you're ready.​ ​​ ​​​ ​I think-- I-- Nah, I think we're good.​ ​​ ​​​ ​You want me to reveal it?​ ​​ ​​​ ​Yeah.​ ​​ ​​​ ​Reveal it!​ ​​ ​​​ ​Oh!​ ​​ ​​​ ​Ohhhh!​ ​​ ​​​ ​He's out, he's out!​ ​​ ​​​ ​He's not in. He's not in. No. ​ ​​ ​​ ​Not in. Not in.​ ​​ ​​​ ​He's not in. He's not in. No. ​ ​​ ​​ ​Not in. Not in.​ ​​ ​​​ ​How much? How much?​ ​​ ​​​ ​Two points.​ ​​ ​​​ ​Bro, the star's...​ ​​ ​​​ ​That's so hard.​ ​​ ​​​ ​I ain't gonna lie that was perfect ​ ​​ ​​ ​formation, though.​ ​​ ​​​ ​I ain't gonna lie that was perfect ​ ​​ ​​ ​formation, though.​ ​​ ​​​ ​You can't get that wrong.​ ​​ ​​​ ​'Ey, but we got more than them.​ ​​ ​​​ ​You did get more than them.​ ​​ ​​​ ​Shut your mouth.​ ​​ ​​​ ​But, Jason, two teams are going home.​ ​​ ​​​ ​S**T​ ​​ ​​​ ​It's okay. Let's just-- Let's just ​ ​​ ​​ ​hope for the best. You're fine.​ ​​ ​​​ ​It's okay. Let's just-- Let's just ​ ​​ ​​ ​hope for the best. You're fine.​ ​​ ​​​ ​Who's in this? Nobody.​ ​​ ​​​ ​No one gets one, bro. There's nobody​ ​​ ​​​ ​Yeah, if someone gets one, we're safe.​ ​​ ​​​ ​All right.​ ​​ ​​​ ​Reveal the shapes.​ ​​ ​​​ ​Not only is it difficult to remember ​ ​​ ​​ ​the location of these shapes...​ ​​ ​​​ ​Not only is it difficult to remember ​ ​​ ​​ ​the location of these shapes...​ ​​ ​​​ ​Star, star, star.​ ​​ ​​​ ​but with a million dollars on the line...​ ​​ ​​​ ​Square, square, square, square...​ ​​ ​​​ ​your competitors will do anything to ​ ​​ ​​ ​throw you off.​ ​​ ​​​ ​your competitors will do anything to ​ ​​ ​​ ​throw you off.​ ​​ ​​​ ​Oh, diamond, diamond, diamond!​ ​​ ​​​ ​All right, diamond. Diamond, diamond. ​ ​​ ​​ ​Diamond!​ ​​ ​​​ ​All right, diamond. Diamond, diamond. ​ ​​ ​​ ​Diamond!​ ​​ ​​​ ​All right, diamond.​ ​​ ​​​ ​Diamooooond!​ ​​ ​​​ ​[in Spanish] Okay, okay, okay. ​ ​​ ​​ ​Stand right here​ ​​ ​​​ ​[in Spanish] Okay, okay, okay. ​ ​​ ​​ ​Stand right here​ ​​ ​​​ ​Diamond!​ ​​ ​​​ ​That left foot's off, bud.​ ​​ ​​​ ​Move your feet back this way.​ ​​ ​​​ ​What?​ ​​ ​​​ ​How do you feel? You guys feel good?​ ​​ ​​​ ​Oh, yeah, I'm perfect. I'm perfect.​ ​​ ​​​ ​Do you want me to reveal it?​ ​​ ​​​ ​Yes, please.​ ​​ ​​​ ​Okay. Reveal the diamond!​ ​​ ​​​ ​[in Spanish] Don't look, don't look.​ ​​ ​​​ ​Oh, oh, oh, oh.​ ​​ ​​​ ​Oh, two points.​ ​​ ​​​ ​Okay, okay.​ ​​ ​​​ ​Two points, that's good.​ ​​ ​​​ ​Okay, amazing.​ ​​ ​​​ ​Oooooof...​ ​​ ​​​ ​If you score more than two, ​ ​​ ​​ ​you are guaranteed.​ ​​ ​​​ ​If you score more than two, ​ ​​ ​​ ​you are guaranteed.​ ​​ ​​​ ​Reveal the shapes.​ ​​ ​​​ ​No, no, no.​ ​​ ​​​ ​That's pretty hard. It's prety hard​ ​​ ​​​ ​He's got. He's got...​ ​​ ​​​ ​Square, circle. Square, circle. Yes.​ ​​ ​​​ ​Oh, yeah. Yes.​ ​​ ​​​ ​No, no, no, no. Hey, look,​ ​​ ​​​ ​look, look, look.​ ​​ ​​​ ​Square!​ ​​ ​​​ ​Square, square, square, square. ​ ​​ ​​ ​Dude, I'm in the middle.​ ​​ ​​​ ​Square, square, square, square. ​ ​​ ​​ ​Dude, I'm in the middle.​ ​​ ​​​ ​I am in the middle. I'm in the middle. ​ ​​ ​​ ​I'm in the middle.​ ​​ ​​​ ​I am in the middle. I'm in the middle. ​ ​​ ​​ ​I'm in the middle.​ ​​ ​​​ ​Who picked this spot?​ ​​ ​​​ ​Tyler!​ ​​ ​​​ ​Tyler.​ ​​ ​​​ ​So if you're not in, it's Tyler's fault.​ ​​ ​​​ ​Absolutely.​ ​​ ​​​ ​Do you want me to reveal it?​ ​​ ​​​ ​Yes.​ ​​ ​​​ ​Yeah.​ ​​ ​​​ ​Come on!​ ​​ ​​​ ​Let's go.​ ​​ ​​​ ​Reveal it!​ ​​ ​​​ ​It's the wrong one.​ ​​ ​​​ ​Ooooh! Oh!​ ​​ ​​​ ​Two points. Two of you are out.​ ​​ ​​​ ​Tyler said verbatim, ​ ​​ ​​ ​""I'm in the middle.""​ ​​ ​​​ ​Tyler said verbatim, ​ ​​ ​​ ​""I'm in the middle.""​ ​​ ​​​ ​I am in the middle. ​ ​​ ​​ ​I-- I am in the middle.​ ​​ ​​​ ​I am in the middle. ​ ​​ ​​ ​I-- I am in the middle.​ ​​ ​​​ ​My toes were in the middle.​ ​​ ​​​ ​Dude, your toes ​ ​​ ​​ ​weren't even in the middle.​ ​​ ​​​ ​Dude, your toes ​ ​​ ​​ ​weren't even in the middle.​ ​​ ​​​ ​My big-- My...​ ​​ ​​​ ​Yeah, they were, bro.​ ​​ ​​​ ​Yeah they were, bro.​ ​​ ​​​ ​Yeah, they were--​ ​​ ​​​ ​got us where we need to be.​ ​​ ​​​ ​I can take two. It doesn't matter.​ ​​ ​​​ ​I'll also help with the two.​ ​​ ​​​ ​Reveal the shapes.​ ​​ ​​​ ​Rage! Rage! Don't lose focus here, baby!​ ​​ ​​​ ​Rage!​ ​​ ​​​ ​They are locked in.​ ​​ ​​​ ​What is their shape?​ ​​ ​​​ ​Triangle!​ ​​ ​​​ ​Okay. It's right here. This is the middle. ​ ​​ ​​ ​This is the middle.​ ​​ ​​​ ​Okay. It's right here. This is the middle. ​ ​​ ​​ ​This is the middle.​ ​​ ​​​ ​How confident are you that you're in it?​ ​​ ​​​ ​I'm not confident. This is my--​ ​​ ​​​ ​Girl, shh!​ ​​ ​​​ ​You're not confident?​ ​​ ​​​ ​How are you not confident?​ ​​ ​​​ ​We're trusting in you, Wendy.​ ​​ ​​​ ​You got this!​ ​​ ​​​ ​So, Wendy, you memorized the triangle ​ ​​ ​​ ​for the team.​ ​​ ​​​ ​So, Wendy, you memorized the triangle ​ ​​ ​​ ​for the team.​ ​​ ​​​ ​Yes.​ ​​ ​​​ ​Do you think you're about to win?​ ​​ ​​​ ​No. I don't think so. No.​ ​​ ​​​ ​Wendy! What?​ ​​ ​​​ ​I would not want to be on her team.​ ​​ ​​​ ​Oh!​ ​​ ​​​ ​Oooohh!​ ​​ ​​​ ​Let me know if you want me to reveal it.​ ​​ ​​​ ​Just go.​ ​​ ​​​ ​Reveal.​ ​​ ​​​ ​Reveal the shape!​ ​​ ​​​ ​Oh, they got... they got two points!​ ​​ ​​​ ​Two points!​ ​​ ​​​ ​Noooooo!​ ​​ ​​​ ​No!​ ​​ ​​​ ​Tiebreaker. Tiebreaker.​ ​​ ​​​ ​So, every team scored two points but... ​ ​​ ​​ ​yours.​ ​​ ​​​ ​So, every team scored two points but... ​ ​​ ​​ ​yours.​ ​​ ​​​ ​What does that mean?​ ​​ ​​​ ​Ha ha ha ha ha ha!​ ​​ ​​​ ​Hah-- it means you guys are eliminated.​ ​​ ​​​ ​Can you translate to French, ​ ​​ ​​ ​""You're eliminated,"" for them?​ ​​ ​​​ ​Can you translate to French, ​ ​​ ​​ ​""You're eliminated,"" for them?​ ​​ ​​​ ​Can, can you translate to…​ ​​ ​​​ ​Jimmy, Thank you for everything, man.​ ​​ ​​​ ​Aww. Thanks for coming out.​ ​​ ​​​ ​Thank you, brother.​ ​​ ​​​ ​Thank you.​ ​​ ​​​ ​Yeah. Yeah, he at least won a Lambo.​ ​​ ​​​ ​Yeah, yeah, yeah.​ ​​ ​​​ ​Thank you, bro. Thank you.​ ​​ ​​​ ​No problem.​ ​​ ​​​ ​It's a pleasure. Thanks, Jimmy.​ ​​ ​​​ ​Thanks for now, boys.​ ​​ ​​​ ​Sorry it didn't work out.​ ​​ ​​​ ​It's the end. End of the trip.​ ​​ ​​​ ​Done!​ ​​ ​​​ ​Now, we're gonna run it back ​ ​​ ​​ ​for a tiebreaker.​ ​​ ​​​ ​Now, we're gonna run it back ​ ​​ ​​ ​for a tiebreaker.​ ​​ ​​​ ​Switch the lights back! ​ ​​ ​​ ​The game continues!​ ​​ ​​​ ​Switch the lights back! ​ ​​ ​​ ​The game continues!​ ​​ ​​​ ​Reveal the floor.​ ​​ ​​​ ​Star, star, star, star!​ ​​ ​​​ ​Here!​ ​​ ​​​ ​Right here?​ ​​ ​​​ ​Make sure you get it.​ ​​ ​​​ ​That's like... that's definite.​ ​​ ​​​ ​Oh, they're, they're taking longer.​ ​​ ​​​ ​You can put your feet, like, parallel. ​ ​​ ​​ ​It don't gotta be straight.​ ​​ ​​​ ​You can put your feet, like, parallel. ​ ​​ ​​ ​It don't gotta be straight.​ ​​ ​​​ ​Oh, you're readjusting constantly.​ ​​ ​​​ ​Reveal it.​ ​​ ​​​ ​Whoa!​ ​​ ​​​ ​That's all four!​ ​​ ​​​ ​Yeeeaahhh!​ ​​ ​​​ ​Come on!​ ​​ ​​​ ​Yeahhh!​ ​​ ​​​ ​Now that they have a perfect score,​ ​​ ​​​ ​the team going home is probably ​ ​​ ​​ ​one of you three.​ ​​ ​​​ ​the team going home is probably ​ ​​ ​​ ​one of you three.​ ​​ ​​​ ​Reveal the shapes.​ ​​ ​​​ ​Circle.​ ​​ ​​​ ​Circle, circle, circle, circle.​ ​​ ​​​ ​Here. Right here.​ ​​ ​​​ ​Are you sure this is not the b--​ ​​ ​​​ ​I'm in the middle. I'm in the middle. ​ ​​ ​​ ​I'm in the middle.​ ​​ ​​​ ​I'm in the middle. I'm in the middle. ​ ​​ ​​ ​I'm in the middle.​ ​​ ​​​ ​Tyler will never lead you astray.​ ​​ ​​​ ​Tyler, we got this.​ ​​ ​​​ ​Oh, my God.​ ​​ ​​​ ​All right, let's see if they're in.​ ​​ ​​​ ​Ohhhhhh!​ ​​ ​​​ ​Oh, no!​ ​​ ​​​ ​You guys scored zero points!​ ​​ ​​​ ​Nooooo!​ ​​ ​​​ ​Zero!​ ​​ ​​​ ​Ugghhh...​ ​​ ​​​ ​Bro, you got your two little ​ ​​ ​​ ​Mickey Mouse ones right in front of you.​ ​​ ​​​ ​Bro, you got your two little ​ ​​ ​​ ​Mickey Mouse ones right in front of you.​ ​​ ​​​ ​I got a square and a circle over here. ​ ​​ ​​ ​What is this?​ ​​ ​​​ ​I got a square and a circle over here. ​ ​​ ​​ ​What is this?​ ​​ ​​​ ​All you have to do now is score one point.​ ​​ ​​​ ​Reveal the shapes!​ ​​ ​​​ ​Circle, circle, circle!​ ​​ ​​​ ​[in Spanish] IIbai, Ibai, it's you, ​ ​​ ​​ ​it's you.​ ​​ ​​​ ​[in Spanish] IIbai, Ibai, it's you, ​ ​​ ​​ ​it's you.​ ​​ ​​​ ​IIbai, Ibai, it's you, it's you.​ ​​ ​​​ ​[in Spanish] Come on, Ibai. You're the GOAT.​ ​​ ​​​ ​Like this? Like this?​ ​​ ​​​ ​Like this?​ ​​ ​​​ ​One point, please. One point.​ ​​ ​​​ ​One point!​ ​​ ​​​ ​Oh, my god.​ ​​ ​​​ ​Two points.​ ​​ ​​​ ​OOOHHH!!​ ​​ ​​​ ​There's only one team ​ ​​ ​​ ​that still has to go.​ ​​ ​​​ ​There's only one team ​ ​​ ​​ ​that still has to go.​ ​​ ​​​ ​They just have to score one point.​ ​​ ​​​ ​We just need one. We just need one.​ ​​ ​​​ ​Reveal the shapes!​ ​​ ​​​ ​Rakai, count to three for me, bud.​ ​​ ​​​ ​It'll be diamond.​ ​​ ​​​ ​Star, star, star, star.​ ​​ ​​​ ​TRIANGLE!​ ​​ ​​​ ​You can now not remember!​ ​​ ​​​ ​Spin! That! Wheeeeeel!​ ​​ ​​​ ​Star, star, star.​ ​​ ​​​ ​There's no way Jason got it.​ ​​ ​​​ ​Hey, hey. Right there!​ ​​ ​​​ ​Right- stop! Yeah, yeah. You're good.​ ​​ ​​​ ​Wait, you guys-- They're helping.​ ​​ ​​​ ​You're dead in the middle.​ ​​ ​​​ ​What is this? What is this?​ ​​ ​​​ ​You're gonna trust Rage?​ ​​ ​​​ ​Hey! Bye-bye!​ ​​ ​​​ ​Joke's on you. Star was right there.​ ​​ ​​​ ​Bye-bye!​ ​​ ​​​ ​I, I haven't even revealed it.​ ​​ ​​​ ​Reveal it, Beast!​ ​​ ​​​ ​Reveal it!​ ​​ ​​​ ​Come on. Somehow, somehow, somehow.​ ​​ ​​​ ​Chris is out of the star!​ ​​ ​​​ ​Two of you are in, ​ ​​ ​​ ​and none of Tyler's team was in.​ ​​ ​​​ ​Two of you are in, ​ ​​ ​​ ​and none of Tyler's team was in.​ ​​ ​​​ ​You win and they're gone.​ ​​ ​​​ ​Aha! Aha!​ ​​ ​​​ ​Go play Fortnite!​ ​​ ​​​ ​Ahhh!!​ ​​ ​​​ ​Let's go, baby! Let's go, baby!​ ​​ ​​​ ​Yes! Yes! Yes!​ ​​ ​​​ ​Yes!​ ​​ ​​​ ​Mickey Mouse club!​ ​​ ​​​ ​Yoooo!​ ​​ ​​​ ​Come on, boy!​ ​​ ​​​ ​Can the losers please step forward?​ ​​ ​​​ ​Well, we backed down and we gave up.​ ​​ ​​​ ​Oohhhh!​ ​​ ​​​ ​I absolutely blew it. It's my fault.​ ​​ ​​​ ​It's a team game. It is what it is.​ ​​ ​​​ ​We're out.​ ​​ ​​​ ​Take care.​ ​​ ​​​ ​Congratulations on making the Top 12.​ ​​ ​​​ ​Yayyy!​ ​​ ​​​ ​To celebrate, we're gonna have ​ ​​ ​​ ​a slumber party.​ ​​ ​​​ ​To celebrate, we're gonna have ​ ​​ ​​ ​a slumber party.​ ​​ ​​​ ​Bring in the beds. ​ ​​ ​​ ​The next game will be in the morning.​ ​​ ​​​ ​Bring in the beds. ​ ​​ ​​ ​The next game will be in the morning.​ ​​ ​​​ ​If it's the last three of us, I'm gonna-- ​ ​​ ​​ ​I'm gonna try to win. All right?​ ​​ ​​​ ​If it's the last three of us, I'm gonna-- ​ ​​ ​​ ​I'm gonna try to win. All right?​ ​​ ​​​ ​No, because you said you were gonna ​ ​​ ​​ ​eliminate me three different times.​ ​​ ​​​ ​No, because you said you were gonna ​ ​​ ​​ ​eliminate me three different times.​ ​​ ​​​ ​I was trolling.​ ​​ ​​​ ​All my teammates are gone.​ ​​ ​​​ ​All my AMP brothers gone.​ ​​ ​​​ ​I need a couple of TikTok scrolls ​ ​​ ​​ ​before bed.​ ​​ ​​​ ​I need a couple of TikTok scrolls ​ ​​ ​​ ​before bed.​ ​​ ​​​ ​Let's crank the AC down a little bit, too. ​ ​​ ​​ ​I'm trying to get cozy.​ ​​ ​​​ ​Let's crank the AC down a little bit, too. ​ ​​ ​​ ​I'm trying to get cozy.​ ​​ ​​​ ​Hah-- Rakai's tempted.​ ​​ ​​​ ​Rakai, don't do it, yo.​ ​​ ​​​ ​You came this far. Don't do it. Don't do it. ​ ​​ ​​ ​Stop. You think that's funny?​ ​​ ​​​ ​You came this far. Don't do it. Don't do it. ​ ​​ ​​ ​Stop. You think that's funny?​ ​​ ​​​ ​Ha ha ha ha!​ ​​ ​​​ ​Think of, like, we roll the clip, bro, ​ ​​ ​​ ​and Rakai touched the red line.​ ​​ ​​​ ​Think of, like, we roll the clip, bro, ​ ​​ ​​ ​and Rakai touched the red line.​ ​​ ​​​ ​Ha ha ha!​ ​​ ​​​ ​Twelve of us left. The beds are gone. ​ ​​ ​​ ​Let's see how today ends, yo.​ ​​ ​​​ ​Twelve of us left. The beds are gone. ​ ​​ ​​ ​Let's see how today ends, yo.​ ​​ ​​​ ​Good morning, everybody!​ ​​ ​​​ ​Good morning!​ ​​ ​​​ ​Let's go!​ ​​ ​​​ ​You guys wanna get more people out ​ ​​ ​​ ​or just hang out?​ ​​ ​​​ ​You guys wanna get more people out ​ ​​ ​​ ​or just hang out?​ ​​ ​​​ ​Hang out.​ ​​ ​​​ ​Hang out? Okay, that's fine.​ ​​ ​​​ ​We can just play...​ ​​ ​​​ ​Wait, wait, wait--​ ​​ ​​​ ​No, no, no, no, no, no, no.​ ​​ ​​​ ​Whoooaaa!​ ​​ ​​​ ​Jimmy! Ji--​ ​​ ​​​ ​Haaa ha ha ha!​ ​​ ​​​ ​Oh, what are you guys, like, streamers? ​ ​​ ​​ ​Do you have lives you have to get back to?​ ​​ ​​​ ​Oh, what are you guys, like, streamers? ​ ​​ ​​ ​Do you have lives you have to get back to?​ ​​ ​​​ ​Yes!​ ​​ ​​​ ​Yes, please.​ ​​ ​​​ ​Ah, okay, okay.​ ​​ ​​​ ​I need to check my phone!​ ​​ ​​​ ​All right, change the floor!​ ​​ ​​​ ​Oohhh!​ ​​ ​​​ ​What's this?​ ​​ ​​​ ​Last one to leave the circle.​ ​​ ​​​ ​Another Lamborghini.​ ​​ ​​​ ​No.​ ​​ ​​​ ​Ha ha ha ha!​ ​​ ​​​ ​Chandler, come on in.​ ​​ ​​​ ​Last to touch Chandler?​ ​​ ​​​ ​Chandler, please put on this blindfold.​ ​​ ​​​ ​*GASP*​ ​​ ​​​ ​Oh, nooooo.​ ​​ ​​​ ​Whaaat?​ ​​ ​​​ ​No, no, no, no.​ ​​ ​​​ ​Majd, bring it on out!​ ​​ ​​​ ​What?​ ​​ ​​​ ​Dodgeball.​ ​​ ​​​ ​Chandler's gonna throw it, and... Oh!​ ​​ ​​​ ​Listen, hit all the girls.​ ​​ ​​​ ​We have Chandler blindfolded, ​ ​​ ​​ ​we have dodgeballs,​ ​​ ​​​ ​We have Chandler blindfolded, ​ ​​ ​​ ​we have dodgeballs,​ ​​ ​​​ ​and there's one more missing piece.​ ​​ ​​​ ​What? What else? What else?​ ​​ ​​​ ​What, skates?​ ​​ ​​​ ​I don't know how to skate.​ ​​ ​​​ ​You guys are gonna have squeaky ​ ​​ ​​ ​chickens on your feet​ ​​ ​​​ ​You guys are gonna have squeaky ​ ​​ ​​ ​chickens on your feet​ ​​ ​​​ ​Ha ha ha!​ ​​ ​​​ ​and cowbells around your neck.​ ​​ ​​​ ​Ha haaaa!​ ​​ ​​​ ​And the first four of you Chandler hits ​ ​​ ​​ ​will be eliminated.​ ​​ ​​​ ​And the first four of you Chandler hits ​ ​​ ​​ ​will be eliminated.​ ​​ ​​​ ​Oh, my God.​ ​​ ​​​ ​No, no, no, no.​ ​​ ​​​ ​Yo, that's INSANE. Ha ha ha!​ ​​ ​​​ ​We got designer shoes for each of you ​ ​​ ​​ ​and a cowbell.​ ​​ ​​​ ​We got designer shoes for each of you ​ ​​ ​​ ​and a cowbell.​ ​​ ​​​ ​This is a CRAZY game.​ ​​ ​​​ ​If this is how I go out,​ ​​ ​​​ ​it'll be a sad day. Oh, my God, I'm scared.​ ​​ ​​​ ​If me and him go out like this, bro...​ ​​ ​​​ ​That's the worst way to go out.​ ​​ ​​​ ​Worst way to go out.​ ​​ ​​​ ​Ok, the plan is to stay in the corners.​ ​​ ​​​ ​I've played these games before.​ ​​ ​​​ ​Chandler! Are you ready?​ ​​ ​​​ ​I'm ready.​ ​​ ​​​ ​First four hit will be eliminated.​ ​​ ​​​ ​Chandler, have at it.​ ​​ ​​​ ​Ohhh! Oh!​ ​​ ​​​ ​Aha haa!​ ​​ ​​​ ​Oh, he one-shotted!​ ​​ ​​​ ​What happened?​ ​​ ​​​ ​Who did I get?​ ​​ ​​​ ​Why did you get somebody with good aimmmmm?​ ​​ ​​​ ​I feel like I'm going insane ​ ​​ ​​ ​hearing all these chickens.​ ​​ ​​​ ​I feel like I'm going insane ​ ​​ ​​ ​hearing all these chickens.​ ​​ ​​​ ​This is crazy. ​ ​​ ​​ ​It was so loud a second ago.​ ​​ ​​​ ​This is crazy. ​ ​​ ​​ ​It was so loud a second ago.​ ​​ ​​​ ​No one is making a sound. ​ ​​ ​​ ​It is dead quiet in the room.​ ​​ ​​​ ​No one is making a sound. ​ ​​ ​​ ​It is dead quiet in the room.​ ​​ ​​​ ​Nobody's moving, huh?​ ​​ ​​​ ​You guys can tell on each other, bro. ​ ​​ ​​ ​Tell me where they are.​ ​​ ​​​ ​You guys can tell on each other, bro. ​ ​​ ​​ ​Tell me where they are.​ ​​ ​​​ ​Tell me where they are.​ ​​ ​​​ ​Dude, I-- Nobody's moving. I'm-- Oh!​ ​​ ​​​ ​That was me, Chandler.​ ​​ ​​​ ​Ha ha ha ha!​ ​​ ​​​ ​I-- Bro, I heard the chicken.​ ​​ ​​​ ​I mean, if you start throwing...​ ​​ ​​​ ​Is anyone in this corner?​ ​​ ​​​ ​Dang. I swear, I heard somebody.​ ​​ ​​​ ​So close.​ ​​ ​​​ ​Haa ha ha ha!​ ​​ ​​​ ​There's people in this corner, I know.​ ​​ ​​​ ​They're gonna have to make a run for it.​ ​​ ​​​ ​Ohhhh! Yonna!​ ​​ ​​​ ​Noooo!​ ​​ ​​​ ​I'm so sorry.​ ​​ ​​​ ​That's two of the four eliminations.​ ​​ ​​​ ​Is there anybody laying down?​ ​​ ​​​ ​Call them out.​ ​​ ​​​ ​Nooo!​ ​​ ​​​ ​I'm out.​ ​​ ​​​ ​Wendy, no. That's three eliminations, Wendy.​ ​​ ​​​ ​Chandler, you're a monster.​ ​​ ​​​ ​Hey, y'all gotta stop running around.​ ​​ ​​​ ​Ha ha ha ha ha!​ ​​ ​​​ ​Yonna, Wendy, and Chris all just got out.​ ​​ ​​​ ​Next person to get hit ​ ​​ ​​ ​is the last one out.​ ​​ ​​​ ​Next person to get hit ​ ​​ ​​ ​is the last one out.​ ​​ ​​​ ​Chandler, it's on you.​ ​​ ​​​ ​[chewing]​ ​​ ​​​ ​I--​ ​​ ​​​ ​Did I just hear somebody right here?​ ​​ ​​​ ​I'm gonna hit you. You, right here.​ ​​ ​​​ ​Oh!​ ​​ ​​​ ​He's got a chase. He's on the hunt. ​ ​​ ​​ ​He's on the hunt!​ ​​ ​​​ ​He's got a chase. He's on the hunt. ​ ​​ ​​ ​He's on the hunt!​ ​​ ​​​ ​Oh - ha! Ha ha ha ha.​ ​​ ​​​ ​Ah, this is intense.​ ​​ ​​​ ​You're right there.​ ​​ ​​​ ​He's dialing in.​ ​​ ​​​ ​Ughh!​ ​​ ​​​ ​[cow bells jingling aggressively]​ ​​ ​​​ ​Oohhhhh!!​ ​​ ​​​ ​HEY! AHHH!​ ​​ ​​​ ​You're a demon! You're a demon!​ ​​ ​​​ ​Abraham! Rakai baited you!​ ​​ ​​​ ​Ah. The problem was, he grabbed me.​ ​​ ​​​ ​And with that, we have our final eight.​ ​​ ​​​ ​Yeeeaahhhh! Let's go!​ ​​ ​​​ ​Almost time to give away a million dollars.​ ​​ ​​​ ​How are we still here?​ ​​ ​​​ ​I don't know.​ ​​ ​​​ ​I don't know what's happening.​ ​​ ​​​ ​You are a crazy dude.​ ​​ ​​​ ​I was crazy all game.​ ​​ ​​​ ​This is where I got eliminated ​ ​​ ​​ ​on the last game.​ ​​ ​​​ ​This is where I got eliminated ​ ​​ ​​ ​on the last game.​ ​​ ​​​ ​Let's see if you can break the streak.​ ​​ ​​​ ​Only sleep five hours, but I'm ok, ​ ​​ ​​ ​because it's one million, so it's ok.​ ​​ ​​​ ​Only sleep five hours, but I'm ok, ​ ​​ ​​ ​because it's one million, so it's ok.​ ​​ ​​​ ​If I get the money, I will obviously ​ ​​ ​​ ​give it to my community.​ ​​ ​​​ ​If I get the money, I will obviously ​ ​​ ​​ ​give it to my community.​ ​​ ​​​ ​I can pay for some of ​ ​​ ​​ ​my community's college tuitions.​ ​​ ​​​ ​I can pay for some of ​ ​​ ​​ ​my community's college tuitions.​ ​​ ​​​ ​I'mma spread it out.​ ​​ ​​​ ​I'mma share the wealth. ​ ​​ ​​ ​I'mma share the love.​ ​​ ​​​ ​I'mma share the wealth. ​ ​​ ​​ ​I'mma share the love.​ ​​ ​​​ ​Before we play the next game, ​ ​​ ​​ ​it's time to announce​ ​​ ​​​ ​Before we play the next game, ​ ​​ ​​ ​it's time to announce​ ​​ ​​​ ​that Feastables just collaborated ​ ​​ ​​ ​with The Super Mario Galaxy Movie​ ​​ ​​​ ​that Feastables just collaborated ​ ​​ ​​ ​with The Super Mario Galaxy Movie​ ​​ ​​​ ​to release three brand-new products.​ ​​ ​​​ ​Wait, these are so fireeee.​ ​​ ​​​ ​I love Super Mario Galaxy. ​ ​​ ​​ ​And I love Feastables.​ ​​ ​​​ ​I love Super Mario Galaxy. ​ ​​ ​​ ​And I love Feastables.​ ​​ ​​​ ​These are literally Yoshi's eggs.​ ​​ ​​​ ​So Yoshi laid this?​ ​​ ​​​ ​Yoshi laid that egg.​ ​​ ​​​ ​It has peanut butter on the inside.​ ​​ ​​​ ​All my life, I never had candy like this, ​ ​​ ​​ ​but I love it.​ ​​ ​​​ ​All my life, I never had candy like this, ​ ​​ ​​ ​but I love it.​ ​​ ​​​ ​Ok, can I get the gummies?​ ​​ ​​​ ​These gummies are so good, bro. ​ ​​ ​​ ​These gummies are good.​ ​​ ​​​ ​These gummies are so good, bro. ​ ​​ ​​ ​These gummies are good.​ ​​ ​​​ ​We love Feastables.​ ​​ ​​​ ​Kroger, 7-11, Five Below, Walmart is ​ ​​ ​​ ​where you can buy these products.​ ​​ ​​​ ​Kroger, 7-11, Five Below, Walmart is ​ ​​ ​​ ​where you can buy these products.​ ​​ ​​​ ​Go give them a try. They taste amazing.​ ​​ ​​​ ​One, two, three.​ ​​ ​​​ ​Go!​ ​​ ​​​ ​Wham. Feastables!​ ​​ ​​​ ​Feastables!​ ​​ ​​​ ​Ha ha ha ha ha!​ ​​ ​​​ ​To be in the Top 8 with all these ​ ​​ ​​ ​huge creators is insane.​ ​​ ​​​ ​To be in the Top 8 with all these ​ ​​ ​​ ​huge creators is insane.​ ​​ ​​​ ​It's either us or them. ​ ​​ ​​ ​And we're picking us every time.​ ​​ ​​​ ​It's either us or them. ​ ​​ ​​ ​And we're picking us every time.​ ​​ ​​​ ​Why you keeping away from me?​ ​​ ​​​ ​No, 'cause you're bad energy, bro.​ ​​ ​​​ ​Ahhhh! Ha ha.​ ​​ ​​​ ​You're bad energy.​ ​​ ​​​ ​People just don't like you, ​ ​​ ​​ ​'cause your reputation's all, like,​ ​​ ​​​ ​People just don't like you, ​ ​​ ​​ ​'cause your reputation's all, like,​ ​​ ​​​ ​""Yeah, nah. ​ ​​ ​​ ​We're not doing all this.""​ ​​ ​​​ ​""Yeah, nah. ​ ​​ ​​ ​We're not doing all this.""​ ​​ ​​​ ​Am I one of the most hated person, bro?​ ​​ ​​​ ​Ah, you up there.​ ​​ ​​​ ​If I have a chance, I'm getting him out.​ ​​ ​​​ ​Yeah?​ ​​ ​​​ ​He needs to leave.​ ​​ ​​​ ​Can I have the eight remaining ​ ​​ ​​ ​streamers over here?​ ​​ ​​​ ​Can I have the eight remaining ​ ​​ ​​ ​streamers over here?​ ​​ ​​​ ​Change the floor.​ ​​ ​​​ ​Oh, my God.​ ​​ ​​​ ​We'll play hopscotch.​ ​​ ​​​ ​Stand on one of these dots.​ ​​ ​​​ ​The order does not matter, ​ ​​ ​​ ​just stand on one.​ ​​ ​​​ ​The order does not matter, ​ ​​ ​​ ​just stand on one.​ ​​ ​​​ ​I'm gonna let you pick the next game.​ ​​ ​​​ ​Cut the lights!​ ​​ ​​​ ​I'm kinda... I'm kinda nervous.​ ​​ ​​​ ​Ok, you can open your eyes.​ ​​ ​​​ ​What the heckkkk?​ ​​ ​​​ ​What's going on?​ ​​ ​​​ ​You all will decide what this game is.​ ​​ ​​​ ​What?!​ ​​ ​​​ ​Since you all are creators yourselves,​ ​​ ​​​ ​Shopify wanted to give you guys ​ ​​ ​​ ​all the toys and games you need​ ​​ ​​​ ​Shopify wanted to give you guys ​ ​​ ​​ ​all the toys and games you need​ ​​ ​​​ ​to create your own one-v-one challenges.​ ​​ ​​​ ​But, no matter what, ​ ​​ ​​ ​four people must be eliminated.​ ​​ ​​​ ​But, no matter what, ​ ​​ ​​ ​four people must be eliminated.​ ​​ ​​​ ​Okay, okay, okay.​ ​​ ​​​ ​So which games will you choose?​ ​​ ​​​ ​Basketball.​ ​​ ​​​ ​No, no, no, no, no.Not that.​ ​​ ​​​ ​Nooo, nooo, no.​ ​​ ​​​ ​Pingpong or this?​ ​​ ​​​ ​I don't play sports.​ ​​ ​​​ ​You've got plenty of choices,​ ​​ ​​​ ​because Shopify hooked you guys up ​ ​​ ​​ ​with tons of different items.​ ​​ ​​​ ​because Shopify hooked you guys up ​ ​​ ​​ ​with tons of different items.​ ​​ ​​​ ​Connect four?​ ​​ ​​​ ​I wanna give a massive shout-out to ​ ​​ ​​ ​Shopify​ ​​ ​​​ ​I wanna give a massive shout-out to ​ ​​ ​​ ​Shopify​ ​​ ​​​ ​for empowering entrepreneurs to ​ ​​ ​​ ​grow their businesses.​ ​​ ​​​ ​for empowering entrepreneurs to ​ ​​ ​​ ​grow their businesses.​ ​​ ​​​ ​A huge reason I'm even able to sell ​ ​​ ​​ ​Feastables is because of Shopify.​ ​​ ​​​ ​A huge reason I'm even able to sell ​ ​​ ​​ ​Feastables is because of Shopify.​ ​​ ​​​ ​They got Sorry, Twister…​ ​​ ​​​ ​Ey, ey, ey. Twister would be cinema.​ ​​ ​​​ ​They're about to land on a game.​ ​​ ​​​ ​And you're about to land ​ ​​ ​​ ​on your dream business.​ ​​ ​​​ ​And you're about to land ​ ​​ ​​ ​on your dream business.​ ​​ ​​​ ​Shopify has all the tools you need ​ ​​ ​​ ​to turn your dream a reality.​ ​​ ​​​ ​Shopify has all the tools you need ​ ​​ ​​ ​to turn your dream a reality.​ ​​ ​​​ ​Go to Shopify.com/MrBeast,​ ​​ ​​​ ​to turn that idea you've always had ​ ​​ ​​ ​into a real business.​ ​​ ​​​ ​to turn that idea you've always had ​ ​​ ​​ ​into a real business.​ ​​ ​​​ ​Ey everyone, come over here.​ ​​ ​​​ ​It's time to pick a game.​ ​​ ​​​ ​Gather around me.​ ​​ ​​​ ​Rubius, who are you going against?​ ​​ ​​​ ​Ibai.​ ​​ ​​​ ​All right.​ ​​ ​​​ ​Basketball, but far away throw.​ ​​ ​​​ ​First to make?​ ​​ ​​​ ​Yeah, first to make.​ ​​ ​​​ ​What do you guys wanna do?​ ​​ ​​​ ​Every shot is one point.​ ​​ ​​​ ​Chandler calls fouls. ​ ​​ ​​ ​Chandler's decisions are final.​ ​​ ​​​ ​Chandler calls fouls. ​ ​​ ​​ ​Chandler's decisions are final.​ ​​ ​​​ ​He wants to do the same thing as them.​ ​​ ​​​ ​This, but far away.​ ​​ ​​​ ​Okay.​ ​​ ​​​ ​Me and Ski are doing Connect Four.​ ​​ ​​​ ​Let's start the games. ​ ​​ ​​ ​They have been decided.​ ​​ ​​​ ​Let's start the games. ​ ​​ ​​ ​They have been decided.​ ​​ ​​​ ​Good luck.​ ​​ ​​​ ​Let's go, guys.​ ​​ ​​​ ​One of them is about to be eliminated​ ​​ ​​​ ​Let's see who it is.​ ​​ ​​​ ​If you've never played this game,​ ​​ ​​​ ​Ha ha ha ha...​ ​​ ​​​ ​the way you win is to get four in a row.​ ​​ ​​​ ​It's literally that simple.​ ​​ ​​​ ​If she loses this game, ​ ​​ ​​ ​she's out after all this time.​ ​​ ​​​ ​If she loses this game, ​ ​​ ​​ ​she's out after all this time.​ ​​ ​​​ ​Then it all comes down to where ​ ​​ ​​ ​does she slide that little blue circle.​ ​​ ​​​ ​Then it all comes down to where ​ ​​ ​​ ​does she slide that little blue circle.​ ​​ ​​​ ​Yo, her heart is racing.​ ​​ ​​​ ​Ha ha!​ ​​ ​​​ ​So much riding on Connect Four.​ ​​ ​​​ ​She almost had it, but he blocked her.​ ​​ ​​​ ​You did it!​ ​​ ​​​ ​Ohhh!​ ​​ ​​​ ​Wait, I didn't see it.​ ​​ ​​​ ​Ha ha! Ha ha!​ ​​ ​​​ ​I didn't see it.​ ​​ ​​​ ​I was confused.​ ​​ ​​​ ​I thought she had it.​ ​​ ​​​ ​Winner, winner... You have advanced.​ ​​ ​​​ ​Mari, I am so sorry. ​ ​​ ​​ ​You're gonna make me cry now.​ ​​ ​​​ ​Mari, I am so sorry. ​ ​​ ​​ ​You're gonna make me cry now.​ ​​ ​​​ ​Awwww…​ ​​ ​​​ ​It's ok. It's fine. It's fine.​ ​​ ​​​ ​Ahh...​ ​​ ​​​ ​It was an experience.​ ​​ ​​​ ​We love you, Mari.​ ​​ ​​​ ​Womp, womp, womp, womp. Cry about it.​ ​​ ​​​ ​And with that, seven remain. ​ ​​ ​​ ​Let's do the basketball game.​ ​​ ​​​ ​And with that, seven remain. ​ ​​ ​​ ​Let's do the basketball game.​ ​​ ​​​ ​The first one to make a shot from ​ ​​ ​​ ​this line​ ​​ ​​​ ​The first one to make a shot from ​ ​​ ​​ ​this line​ ​​ ​​​ ​and that goal will move on.​ ​​ ​​​ ​Good luck.​ ​​ ​​​ ​Rage! COME ON!​ ​​ ​​​ ​First shot. Bro, are you clutch?​ ​​ ​​​ ​Heeeyyyy!​ ​​ ​​​ ​Oooohhh!​ ​​ ​​​ ​Have you ever played basketball before?​ ​​ ​​​ ​It's the first time in my life.​ ​​ ​​​ ​I'm kidding, I'm kidding.​ ​​ ​​​ ​Oh. Ah, I was about to say.​ ​​ ​​​ ​OOHH!​ ​​ ​​​ ​Come on, Rage.​ ​​ ​​​ ​OH!​ ​​ ​​​ ​OH! OHH!​ ​​ ​​​ ​Oh! I thought that was backboard.​ ​​ ​​​ ​That looked good.​ ​​ ​​​ ​Too strong. I've been in the gym too much.​ ​​ ​​​ ​Yeah, you're so so strong, bro.​ ​​ ​​​ ​With Rage getting closer, ​ ​​ ​​ ​Grefg turned to a different strategy.​ ​​ ​​​ ​With Rage getting closer, ​ ​​ ​​ ​Grefg turned to a different strategy.​ ​​ ​​​ ​Oh, you want my good luck?​ ​​ ​​​ ​Yeah.​ ​​ ​​​ ​Oh. Oh...​ ​​ ​​​ ​Ohhh...​ ​​ ​​​ ​What?​ ​​ ​​​ ​Well, all right…​ ​​ ​​​ ​If this works... No!​ ​​ ​​​ ​Do I wash this hand?​ ​​ ​​​ ​Ahhh!​ ​​ ​​​ ​Ohhh! It almost worked!​ ​​ ​​​ ​Oh, now he's doing it. ​ ​​ ​​ ​Oh... Ok.​ ​​ ​​​ ​Oh, now he's doing it. ​ ​​ ​​ ​Oh... Ok.​ ​​ ​​​ ​[inhales] [exhales]​ ​​ ​​​ ​Oohh!​ ​​ ​​​ ​Ahh! Yo!​ ​​ ​​​ ​We did it. Let's go!​ ​​ ​​​ ​Your hands. Ooh, this hands. ​ ​​ ​​ ​Who's hands?​ ​​ ​​​ ​Your hands. Ooh, this hands. ​ ​​ ​​ ​Who's hands?​ ​​ ​​​ ​Ha ha ha!​ ​​ ​​​ ​I'm gonna kiss his hand from now on!​ ​​ ​​​ ​Good try, though.​ ​​ ​​​ ​Thanks for coming out.​ ​​ ​​​ ​Next up, Rubius versus Ibai. ​ ​​ ​​ ​One-handed shots only.​ ​​ ​​​ ​Next up, Rubius versus Ibai. ​ ​​ ​​ ​One-handed shots only.​ ​​ ​​​ ​Oh! Oh, my God. Oh my God!​ ​​ ​​​ ​Oh, my God.​ ​​ ​​​ ​That shouldn't have worked ​ ​​ ​​ ​as well as it did.​ ​​ ​​​ ​That shouldn't have worked ​ ​​ ​​ ​as well as it did.​ ​​ ​​​ ​It is not easy to make a basket ​ ​​ ​​ ​from this far away.​ ​​ ​​​ ​It is not easy to make a basket ​ ​​ ​​ ​from this far away.​ ​​ ​​​ ​You wanna try one?​ ​​ ​​​ ​This all you have to do.​ ​​ ​​​ ​Ooh! Oh my God! Oh my!​ ​​ ​​​ ​AAHH!​ ​​ ​​​ ​Dude!​ ​​ ​​​ ​Oh my God!​ ​​ ​​​ ​That's literally it.​ ​​ ​​​ ​That was first try. I swear on my life.​ ​​ ​​​ ​Are you aura farming over there?​ ​​ ​​​ ​HA HA HA HA!​ ​​ ​​​ ​Like this?​ ​​ ​​​ ​Yeah, like that.​ ​​ ​​​ ​[in Spanish] Let's go, let's go, let's go!​ ​​ ​​​ ​Aaghhh!​ ​​ ​​​ ​Ahh. But-- but in the goal.​ ​​ ​​​ ​Oohhhh!​ ​​ ​​​ ​Oh! Let's goooo!​ ​​ ​​​ ​Oh, he did it.​ ​​ ​​​ ​What do you want to say ​ ​​ ​​ ​to the Spanish community watching?​ ​​ ​​​ ​What do you want to say ​ ​​ ​​ ​to the Spanish community watching?​ ​​ ​​​ ​Bye, guys!​ ​​ ​​​ ​GGs, soldier.​ ​​ ​​​ ​Bye-bye!​ ​​ ​​​ ​Bye, bye, Ibai!​ ​​ ​​​ ​And it's time for the most intense game.​ ​​ ​​​ ​This is an even matchup, I feel like.​ ​​ ​​​ ​Do you think you're gonna squash him?​ ​​ ​​​ ​Yes, obviously.​ ​​ ​​​ ​One-on-one basketball. ​ ​​ ​​ ​First to score seven points wins,​ ​​ ​​​ ​One-on-one basketball. ​ ​​ ​​ ​First to score seven points wins,​ ​​ ​​​ ​and moves on to the Top Four.​ ​​ ​​​ ​Yo, he's pushing!​ ​​ ​​​ ​I'm not pushing.​ ​​ ​​​ ​He's literally…​ ​​ ​​​ ​I'm not.​ ​​ ​​​ ​Oh my gosh!​ ​​ ​​​ ​No way!​ ​​ ​​​ ​Ohhh my gosh.​ ​​ ​​​ ​Okay, okay, okay.​ ​​ ​​​ ​Hey!​ ​​ ​​​ ​Okay, okay.​ ​​ ​​​ ​Oh my god.​ ​​ ​​​ ​Ooohhhh!​ ​​ ​​​ ​2-0 to Rakai.​ ​​ ​​​ ​Oh, is it 2-1? 2-1.​ ​​ ​​​ ​Oh! Oh! Oh!​ ​​ ​​​ ​Ughh!​ ​​ ​​​ ​And one!​ ​​ ​​​ ​Oh! Ohhh!​ ​​ ​​​ ​Wait--​ ​​ ​​​ ​Oh!​ ​​ ​​​ ​I mean, the rules didn't say ​ ​​ ​​ ​there was out of bounds.​ ​​ ​​​ ​I mean, the rules didn't say ​ ​​ ​​ ​there was out of bounds.​ ​​ ​​​ ​Is Jason better or worse than you thought?​ ​​ ​​​ ​Worse than I thought.​ ​​ ​​​ ​It really is do or die for Jason. ​ ​​ ​​ ​He's gotta start scoring.​ ​​ ​​​ ​It really is do or die for Jason. ​ ​​ ​​ ​He's gotta start scoring.​ ​​ ​​​ ​Oof!​ ​​ ​​​ ​Oh!​ ​​ ​​​ ​Hey!​ ​​ ​​​ ​And one!​ ​​ ​​​ ​Heeyyy!​ ​​ ​​​ ​4-2. Rakai is struggling.​ ​​ ​​​ ​Rakai was doing everything he could ​ ​​ ​​ ​to stop Jason from scoring,​ ​​ ​​​ ​Rakai was doing everything he could ​ ​​ ​​ ​to stop Jason from scoring,​ ​​ ​​​ ​which meant fouling Jason every time.​ ​​ ​​​ ​Is this football, ref?​ ​​ ​​​ ​But for every shot Jason made, ​ ​​ ​​ ​Rakai had an answer.​ ​​ ​​​ ​But for every shot Jason made, ​ ​​ ​​ ​Rakai had an answer.​ ​​ ​​​ ​Oh my God.​ ​​ ​​​ ​Oh no.​ ​​ ​​​ ​Oh no!​ ​​ ​​​ ​They both wanted to win so badly that ​ ​​ ​​ ​they were literally wrestling on the floor.​ ​​ ​​​ ​They both wanted to win so badly that ​ ​​ ​​ ​they were literally wrestling on the floor.​ ​​ ​​​ ​I'm tired.​ ​​ ​​​ ​[exhales]​ ​​ ​​​ ​Can't guard me. Can't score.​ ​​ ​​​ ​6-3!​ ​​ ​​​ ​If Rakai scores one more point, ​ ​​ ​​ ​he'll move on and Jason will be eliminated.​ ​​ ​​​ ​If Rakai scores one more point, ​ ​​ ​​ ​he'll move on and Jason will be eliminated.​ ​​ ​​​ ​OOHHH!​ ​​ ​​​ ​Ohhh! What the hell?!?​ ​​ ​​​ ​Let's go!​ ​​ ​​​ ​Jason! Ahh!​ ​​ ​​​ ​Bro, that was intense.​ ​​ ​​​ ​He wasn't good. Bro, get up. You lost.​ ​​ ​​​ ​Oohhh!​ ​​ ​​​ ​Go say hi to that homeless guy for me.​ ​​ ​​​ ​Yo, yo.​ ​​ ​​​ ​Ohhhhhh!​ ​​ ​​​ ​I don't even know what that means.​ ​​ ​​​ ​And now it is time for the FINAL game!​ ​​ ​​​ ​Bring it in!​ ​​ ​​​ ​Awwwwhhhh!​ ​​ ​​​ ​Here we go!​ ​​ ​​​ ​What is that?​ ​​ ​​​ ​What is THAT?!​ ​​ ​​​ ​Oh ho-ho-ho hooo.​ ​​ ​​​ ​Bro I'm good at weird stuff like that.​ ​​ ​​​ ​That's Angry Birds... in real life!​ ​​ ​​​ ​We have a giant slingshot here.​ ​​ ​​​ ​Open the curtains!​ ​​ ​​​ ​What?!​ ​​ ​​​ ​Whoa!!​ ​​ ​​​ ​WHAAAAT?​ ​​ ​​​ ​It's three hearts for each of you.​ ​​ ​​​ ​And we just started a livestream ​ ​​ ​​ ​with over a million people watching you.​ ​​ ​​​ ​And we just started a livestream ​ ​​ ​​ ​with over a million people watching you.​ ​​ ​​​ ​YAAYYY!​ ​​ ​​​ ​And those million people in chat ​ ​​ ​​ ​will actually decide​ ​​ ​​​ ​And those million people in chat ​ ​​ ​​ ​will actually decide​ ​​ ​​​ ​what you're slingshotting.​ ​​ ​​​ ​OHH, my God!​ ​​ ​​​ ​Bring in the first round of options!​ ​​ ​​​ ​When all three of your hearts are shattered, ​ ​​ ​​ ​you're eliminated.​ ​​ ​​​ ​When all three of your hearts are shattered, ​ ​​ ​​ ​you're eliminated.​ ​​ ​​​ ​And it's up to you guys who you aim at.​ ​​ ​​​ ​Ski, because he passed ​ ​​ ​​ ​the previous game first,​ ​​ ​​​ ​Ski, because he passed ​ ​​ ​​ ​the previous game first,​ ​​ ​​​ ​he will be shooting first.​ ​​ ​​​ ​What?!​ ​​ ​​​ ​Ooohh!​ ​​ ​​​ ​And then it's Rage, Rubius, Rakai.​ ​​ ​​​ ​The first items are a piñata,​ ​​ ​​​ ​Oh, my God.​ ​​ ​​​ ​A cabbage. A clock.​ ​​ ​​​ ​Which isn't very aerodynamic ​ ​​ ​​ ​and will probably suck.​ ​​ ​​​ ​Which isn't very aerodynamic ​ ​​ ​​ ​and will probably suck.​ ​​ ​​​ ​Oh, my God.​ ​​ ​​​ ​OR! A basketball.​ ​​ ​​​ ​The basketball!​ ​​ ​​​ ​And then we're gonna do round after ​ ​​ ​​ ​round​ ​​ ​​​ ​And then we're gonna do round after ​ ​​ ​​ ​round​ ​​ ​​​ ​bringing in new items each round.​ ​​ ​​​ ​And it's up to you guys who you aim at.​ ​​ ​​​ ​Don't say that.​ ​​ ​​​ ​Wait, hold up! Hang on! That's--​ ​​ ​​​ ​Wait, so-- so--​ ​​ ​​​ ​Yeah-- You don't have to.​ ​​ ​​​ ​That's so COOKED!​ ​​ ​​​ ​Once your three hearts are smashed, ​ ​​ ​​ ​you’re out.​ ​​ ​​​ ​Once your three hearts are smashed, ​ ​​ ​​ ​you’re out.​ ​​ ​​​ ​And because so many people voted ​ ​​ ​​ ​at the same time,​ ​​ ​​​ ​And because so many people voted ​ ​​ ​​ ​at the same time,​ ​​ ​​​ ​the poll literally broke.​ ​​ ​​​ ​So for the first round, we rolled the die.​ ​​ ​​​ ​Agh!​ ​​ ​​​ ​Four.​ ​​ ​​​ ​The basketball!​ ​​ ​​​ ​Ski, ski. No, hold on. ​ ​​ ​​ ​Let me tell you something.​ ​​ ​​​ ​Ski, ski. No, hold on. ​ ​​ ​​ ​Let me tell you something.​ ​​ ​​​ ​I'm next to you.​ ​​ ​​​ ​So, if you try to hit me, ​ ​​ ​​ ​you might accidentally hit yourself.​ ​​ ​​​ ​So, if you try to hit me, ​ ​​ ​​ ​you might accidentally hit yourself.​ ​​ ​​​ ​That's towards me!​ ​​ ​​​ ​Yeah, go to the right a little bit… Yeah.​ ​​ ​​​ ​NO, that's meeee!​ ​​ ​​​ ​That's me, that’s me! ​ ​​ ​​ ​No, no, that's me, that’s me--​ ​​ ​​​ ​That's me, that’s me! ​ ​​ ​​ ​No, no, that's me, that’s me--​ ​​ ​​​ ​Oh, my God.​ ​​ ​​​ ​Oh!​ ​​ ​​​ ​OHhhHH!​ ​​ ​​​ ​MAN! Come on, man!​ ​​ ​​​ ​I didn't look! I didn't look!​ ​​ ​​​ ​I didn't look!​ ​​ ​​​ ​You almost hit me, man.​ ​​ ​​​ ​All of our Spanish viewers are sweaaating.​ ​​ ​​​ ​ERNGH!!​ ​​ ​​​ ​One.​ ​​ ​​​ ​Oh ho ho hooo!​ ​​ ​​​ ​The piñata.​ ​​ ​​​ ​PIÑATA?!​ ​​ ​​​ ​It's got a little weight to it.​ ​​ ​​​ ​Bro, I'm not-- ​ ​​ ​​ ​I'm not nwaa wauwaew ehuhh iouewaa--​ ​​ ​​​ ​Bro, I'm not-- ​ ​​ ​​ ​I'm not nwaa wauwaew ehuhh iouewaa--​ ​​ ​​​ ​This ain’t hitting-- ​ ​​ ​​ ​This ain't gonna break nothing!​ ​​ ​​​ ​This ain’t hitting-- ​ ​​ ​​ ​This ain't gonna break nothing!​ ​​ ​​​ ​What language was that?​ ​​ ​​​ ​Ha ha haaa!​ ​​ ​​​ ​I'm aiming in the middle.​ ​​ ​​​ ​Woah, woah, woah--​ ​​ ​​​ ​Ahhhh!!!!!​ ​​ ​​​ ​Wait, wait, wait!​ ​​ ​​​ ​Ahhhh!!!!!​ ​​ ​​​ ​What angle do you want it? ​ ​​ ​​ ​It's up to you.​ ​​ ​​​ ​What angle do you want it? ​ ​​ ​​ ​It's up to you.​ ​​ ​​​ ​I like that angle!​ ​​ ​​​ ​BROOOOO! That's me! That’s me!​ ​​ ​​​ ​I like that angle.​ ​​ ​​​ ​AHHHH!!!!​ ​​ ​​​ ​OHhhHH!​ ​​ ​​​ ​Rakai, he was gunning for you.​ ​​ ​​​ ​All right, he needs to roll a 3 or 2.​ ​​ ​​​ ​That's a 2.​ ​​ ​​​ ​JUSTICE for Abraham, man.​ ​​ ​​​ ​Justice for Abraham!​ ​​ ​​​ ​Justice for Abraham.​ ​​ ​​​ ​Ohhhh! Oh, my Gosh.​ ​​ ​​​ ​Awhh, wait, wait, wait, wait, wait--​ ​​ ​​​ ​FOR ABRAHAM!​ ​​ ​​​ ​WeEEee!!​ ​​ ​​​ ​Oh, my GOD.​ ​​ ​​​ ​AHH!​ ​​ ​​​ ​It’s really difficult.​ ​​ ​​​ ​All right and Rakai's left ​ ​​ ​​ ​with the clock.​ ​​ ​​​ ​All right and Rakai's left ​ ​​ ​​ ​with the clock.​ ​​ ​​​ ​Oh, my GOD.​ ​​ ​​​ ​OH, MY GOOOD!​ ​​ ​​​ ​Throw up the first poll.​ ​​ ​​​ ​Oh, toilet paper???​ ​​ ​​​ ​TOILET paper?!​ ​​ ​​​ ​Almost half the people are voting ​ ​​ ​​ ​for toilet paper.​ ​​ ​​​ ​Almost half the people are voting ​ ​​ ​​ ​for toilet paper.​ ​​ ​​​ ​Ha hah hah!​ ​​ ​​​ ​Let’s get it!​ ​​ ​​​ ​All right, he’s--​ ​​ ​​​ ​Oh, my--​ ​​ ​​​ ​OHHHH!​ ​​ ​​​ ​So you would be very mad ​ ​​ ​​ ​if they all voted dice.​ ​​ ​​​ ​So you would be very mad ​ ​​ ​​ ​if they all voted dice.​ ​​ ​​​ ​I'll be PISSED if they go dice here.​ ​​ ​​​ ​All right. Die, it is.​ ​​ ​​​ ​Pull that jawn back.​ ​​ ​​​ ​Put that thing. YUP!​ ​​ ​​​ ​Pull it back.​ ​​ ​​​ ​Don’t hit yourself.​ ​​ ​​​ ​Pull it back.​ ​​ ​​​ ​You're gonna hit yourself.​ ​​ ​​​ ​OH!​ ​​ ​​​ ​YEAHHHHHHHH!​ ​​ ​​​ ​It’s me against the world.​ ​​ ​​​ ​RUBIUS, no, no, no. Please, wait, Rubius.​ ​​ ​​​ ​This is me against the world.​ ​​ ​​​ ​NOO! No! No!​ ​​ ​​​ ​Please, wait, Rubius!​ ​​ ​​​ ​RUBIUS! Look at me. ​ ​​ ​​ ​I didn’t mean it, I didn’t mean it!​ ​​ ​​​ ​RUBIUS! Look at me. ​ ​​ ​​ ​I didn’t mean it, I didn’t mean it!​ ​​ ​​​ ​Rubius, your vote's in play, ​ ​​ ​​ ​melon or soccer ball?​ ​​ ​​​ ​Rubius, your vote's in play, ​ ​​ ​​ ​melon or soccer ball?​ ​​ ​​​ ​All right, soccer ball it is.​ ​​ ​​​ ​ERNGHH!​ ​​ ​​​ ​OH!​ ​​ ​​​ ​It touched it! ​ ​​ ​​ ​He touched it.​ ​​ ​​​ ​It touched it! ​ ​​ ​​ ​He touched it.​ ​​ ​​​ ​It didn't break it. Get your melon.​ ​​ ​​​ ​These streamers were so bad with the ​ ​​ ​​ ​slingshot.​ ​​ ​​​ ​These streamers were so bad with the ​ ​​ ​​ ​slingshot.​ ​​ ​​​ ​I saw you tried.​ ​​ ​​​ ​Did not try to hit you, at all!​ ​​ ​​​ ​That they literally shot for hours ​ ​​ ​​ ​and could not hit a single shot.​ ​​ ​​​ ​That they literally shot for hours ​ ​​ ​​ ​and could not hit a single shot.​ ​​ ​​​ ​OOAHHH!!!!​ ​​ ​​​ ​Hee hee…​ ​​ ​​​ ​Rakai just keeps shooting the moon.​ ​​ ​​​ ​I tested this with athletic people, ​ ​​ ​​ ​unathletic people…​ ​​ ​​​ ​I tested this with athletic people, ​ ​​ ​​ ​unathletic people…​ ​​ ​​​ ​EVERYONE.​ ​​ ​​​ ​He's cappin’!​ ​​ ​​​ ​And every test was way better.​ ​​ ​​​ ​He’s lying!​ ​​ ​​​ ​CAP!​ ​​ ​​​ ​This thing was already done.​ ​​ ​​​ ​If you guys want, ​ ​​ ​​ ​we could do a round​ ​​ ​​​ ​If you guys want, ​ ​​ ​​ ​we could do a round​ ​​ ​​​ ​where you throw the objects ​ ​​ ​​ ​instead of shoot ‘em,​ ​​ ​​​ ​where you throw the objects ​ ​​ ​​ ​instead of shoot ‘em,​ ​​ ​​​ ​but only if all four of you agree.​ ​​ ​​​ ​Raise your hand if you agree.​ ​​ ​​​ ​Okay!​ ​​ ​​​ ​It was clear that what Rakai did to Abraham ​ ​​ ​​ ​was not sitting well with the streamers,​ ​​ ​​​ ​It was clear that what Rakai did to Abraham ​ ​​ ​​ ​was not sitting well with the streamers,​ ​​ ​​​ ​and all he could do was fight back.​ ​​ ​​​ ​WOAAHHH!​ ​​ ​​​ ​OH, MY--​ ​​ ​​​ ​No. No. No, no, no, nooo, nono, no, ​ ​​ ​​ ​nonononoo.​ ​​ ​​​ ​No. No. No, no, no, nooo, nono, no, ​ ​​ ​​ ​nonononoo.​ ​​ ​​​ ​It’s hanging on.​ ​​ ​​​ ​It's hanging, don't touch it. ​ ​​ ​​ ​Don't touch it!​ ​​ ​​​ ​It's hanging, don't touch it. ​ ​​ ​​ ​Don't touch it!​ ​​ ​​​ ​Nolan, is the heart shattered?​ ​​ ​​​ ​Uhh, it appears to be intact.​ ​​ ​​​ ​All right! It's still in. Wowww.​ ​​ ​​​ ​And even though Rubius having two hearts ​ ​​ ​​ ​made him the target,​ ​​ ​​​ ​And even though Rubius having two hearts ​ ​​ ​​ ​made him the target,​ ​​ ​​​ ​Oh, my Goddd.​ ​​ ​​​ ​Their accuracy was still terrible.​ ​​ ​​​ ​We should just go back to slingshot I ​ ​​ ​​ ​feel like.​ ​​ ​​​ ​We should just go back to slingshot I ​ ​​ ​​ ​feel like.​ ​​ ​​​ ​Whoahhhhh!​ ​​ ​​​ ​AHAHHAHAHAHAH​ ​​ ​​​ ​Oh, my God.​ ​​ ​​​ ​Every time I shoot it’s going for Rakai.​ ​​ ​​​ ​C’mon, Ski.​ ​​ ​​​ ​Be smart here.​ ​​ ​​​ ​No, my God…​ ​​ ​​​ ​OHHHH!​ ​​ ​​​ ​Ohhhhhhhh!​ ​​ ​​​ ​Ohh!​ ​​ ​​​ ​I did not try to do that.​ ​​ ​​​ ​I swear to God, I--​ ​​ ​​​ ​AHAHAHHAHAHH​ ​​ ​​​ ​Look at his face!​ ​​ ​​​ ​Freak, it slips, freak.​ ​​ ​​​ ​Oh, my God!​ ​​ ​​​ ​Talk about justice??? ​ ​​ ​​ ​Are you serious?​ ​​ ​​​ ​Talk about justice??? ​ ​​ ​​ ​Are you serious?​ ​​ ​​​ ​OhHHhh!​ ​​ ​​​ ​Get the hell out the game, boy!​ ​​ ​​​ ​Bye, bye! Ahahahahaaaa…​ ​​ ​​​ ​[in Spanish] To all my fans...​ ​​ ​​​ ​Justice! Justice! Justice! Justice!​ ​​ ​​​ ​Justice! Justice! Justice!​ ​​ ​​​ ​Get lost! LEAVE!​ ​​ ​​​ ​There will be justice for Abraham.​ ​​ ​​​ ​Trust me. You are next.​ ​​ ​​​ ​HA HAHAH HAA​ ​​ ​​​ ​I have $50,000 for you to give ​ ​​ ​​ ​to a Spanish viewer,​ ​​ ​​​ ​I have $50,000 for you to give ​ ​​ ​​ ​to a Spanish viewer,​ ​​ ​​​ ​and you pick who it goes to.​ ​​ ​​​ ​And Rubius wasn't wrong.​ ​​ ​​​ ​Rakai remained the CLEAR number one target.​ ​​ ​​​ ​Yo, Ski. I don’t even care if you win, gang.​ ​​ ​​​ ​Make sure he gets out.​ ​​ ​​​ ​Come on, bro. I'm the youngest, bro. ​ ​​ ​​ ​Don't do that, bro.​ ​​ ​​​ ​Come on, bro. I'm the youngest, bro. ​ ​​ ​​ ​Don't do that, bro.​ ​​ ​​​ ​Stop cryyying, bro.​ ​​ ​​​ ​You been guilt tripping people ​ ​​ ​​ ​the whole day.​ ​​ ​​​ ​You been guilt tripping people ​ ​​ ​​ ​the whole day.​ ​​ ​​​ ​Too high… ​ ​​ ​​ ​C'mon, c'mon, bro.​ ​​ ​​​ ​Too high… ​ ​​ ​​ ​C'mon, c'mon, bro.​ ​​ ​​​ ​OOOHHHh!​ ​​ ​​​ ​OH!​ ​​ ​​​ ​There it is, Rage!!​ ​​ ​​​ ​Get him out!​ ​​ ​​​ ​Ohhh, he got it!​ ​​ ​​​ ​Unable to hit a heart, ​ ​​ ​​ ​Rakai tried any tactic that he could.​ ​​ ​​​ ​Unable to hit a heart, ​ ​​ ​​ ​Rakai tried any tactic that he could.​ ​​ ​​​ ​Woooooow, BRO.​ ​​ ​​​ ​This is so SLIMY.​ ​​ ​​​ ​Zip your mouth, bruh. ​ ​​ ​​ ​I don’t wanna hear you.​ ​​ ​​​ ​Zip your mouth, bruh. ​ ​​ ​​ ​I don’t wanna hear you.​ ​​ ​​​ ​But after failing to convince them,​ ​​ ​​​ ​Rakai’s life in the game ​ ​​ ​​ ​was hanging on a thread.​ ​​ ​​​ ​Rakai’s life in the game ​ ​​ ​​ ​was hanging on a thread.​ ​​ ​​​ ​Ohhhhhh!​ ​​ ​​​ ​Ohhhh, my--​ ​​ ​​​ ​WHOOAAA, WHOAa, whooaa, whoa, ​ ​​ ​​ ​whoa, whoa, whoa, whoa...​ ​​ ​​​ ​WHOOAAA, WHOAa, whooaa, whoa, ​ ​​ ​​ ​whoa, whoa, whoa, whoa...​ ​​ ​​​ ​Whoa!​ ​​ ​​​ ​Agh!​ ​​ ​​​ ​OHH!​ ​​ ​​​ ​Rakai, that was almost a DEATH sentence!​ ​​ ​​​ ​You need to hit a heart right now ​ ​​ ​​ ​to have any chance.​ ​​ ​​​ ​You need to hit a heart right now ​ ​​ ​​ ​to have any chance.​ ​​ ​​​ ​Oh, my goOOosh! Was so close!​ ​​ ​​​ ​This is SLIIIME right here, brooo.​ ​​ ​​​ ​You ARE the slime.​ ​​ ​​​ ​Like, 2v2 against ME, brooo...​ ​​ ​​​ ​You are the slime you’re talking about.​ ​​ ​​​ ​YOU'RE the slime.​ ​​ ​​​ ​C'mon, Ski. C'mon, Ski… ​ ​​ ​​ ​C'mon, Ski.​ ​​ ​​​ ​C'mon, Ski. C'mon, Ski… ​ ​​ ​​ ​C'mon, Ski.​ ​​ ​​​ ​Can we put a muzzle on him or somethin'?​ ​​ ​​​ ​Ha haa haa.​ ​​ ​​​ ​Stop talkin'!!​ ​​ ​​​ ​HUAHHH!​ ​​ ​​​ ​OH!​ ​​ ​​​ ​OOOHHHh!​ ​​ ​​​ ​Get out!​ ​​ ​​​ ​YOU'RE OUTTA HERE!!​ ​​ ​​​ ​Dummy! Crumb!​ ​​ ​​​ ​You're a CRUMB. You’re a crumb! ​ ​​ ​​ ​You’re a crumb. You're CRUMB!!!​ ​​ ​​​ ​You're a CRUMB. You’re a crumb! ​ ​​ ​​ ​You’re a crumb. You're CRUMB!!!​ ​​ ​​​ ​All right, listen, listen, listen, ​ ​​ ​​ ​listen, listen, listen…​ ​​ ​​​ ​All right, listen, listen, listen, ​ ​​ ​​ ​listen, listen, listen…​ ​​ ​​​ ​Listen, listen, listen, ​ ​​ ​​ ​listen, listen, listen.​ ​​ ​​​ ​Listen, listen, listen, ​ ​​ ​​ ​listen, listen, listen.​ ​​ ​​​ ​I still get cash?​ ​​ ​​​ ​Yeah, $50,000 to give to your audience.​ ​​ ​​​ ​Every loser gets fifty G’s.​ ​​ ​​​ ​Okay, okay!​ ​​ ​​​ ​Come here, tho. ​ ​​ ​​ ​Come here, tho.​ ​​ ​​​ ​Come here, tho. ​ ​​ ​​ ​Come here, tho.​ ​​ ​​​ ​DA na NA NANANA​ ​​ ​​​ ​Whoa, whoa, WHOA!!​ ​​ ​​​ ​Whoa-whoa-whoa-whoa-whoa!​ ​​ ​​​ ​Chill, chill, chill, chill. CHILL.​ ​​ ​​​ ​Security!​ ​​ ​​​ ​Chandler!​ ​​ ​​​ ​HE HIT THE LINE! HE HIT THE LINE!​ ​​ ​​​ ​HIT THE LINE. HIT THE LINE.​ ​​ ​​​ ​CHANDLEEERRR!​ ​​ ​​​ ​ARGH! WHA-- NO-- GRGGHH! THE LINE!​ ​​ ​​​ ​YOU SEE??! YOU SEE!!!​ ​​ ​​​ ​HE HIT THE LINE! HE HIT THE LINE!​ ​​ ​​​ ​HIT THE LINE… Hit the line…​ ​​ ​​​ ​You're outta here, you're outta here!​ ​​ ​​​ ​Hit the line, brooo!​ ​​ ​​​ ​You're outta here!​ ​​ ​​​ ​He hit the line!​ ​​ ​​​ ​You SEE??​ ​​ ​​​ ​You slimy!​ ​​ ​​​ ​Yo, he woulda slimed me out!!! ​ ​​ ​​ ​You seen that???​ ​​ ​​​ ​Yo, he woulda slimed me out!!! ​ ​​ ​​ ​You seen that???​ ​​ ​​​ ​The final two. Whooaaa.​ ​​ ​​​ ​Well played, man.​ ​​ ​​​ ​How-- how-- how was it us?​ ​​ ​​​ ​How did we end up here?​ ​​ ​​​ ​Had to be here.​ ​​ ​​​ ​I know you guys are boys.​ ​​ ​​​ ​Yes.​ ​​ ​​​ ​But here's the thing,​ ​​ ​​​ ​one of your audience is getting a ​ ​​ ​​ ​million dollars.​ ​​ ​​​ ​one of your audience is getting a ​ ​​ ​​ ​million dollars.​ ​​ ​​​ ​Yes.​ ​​ ​​​ ​And one isn't.​ ​​ ​​​ ​Just for this game.​ ​​ ​​​ ​It was well played, brother.​ ​​ ​​​ ​It has to be done.​ ​​ ​​​ ​It was well played.​ ​​ ​​​ ​Man, Ski, if you hit this, ​ ​​ ​​ ​it'll be three hearts to one.​ ​​ ​​​ ​Man, Ski, if you hit this, ​ ​​ ​​ ​it'll be three hearts to one.​ ​​ ​​​ ​Oh, my god--​ ​​ ​​​ ​Oh!​ ​​ ​​​ ​Oh! Oh!​ ​​ ​​​ ​Bro, you have one heart left.​ ​​ ​​​ ​Rage, remember when LeBron was down 3-1?​ ​​ ​​​ ​Warriors.​ ​​ ​​​ ​Yep, and you remember what he did?​ ​​ ​​​ ​Came back and won.​ ​​ ​​​ ​He clutched up. And he got the dub.​ ​​ ​​​ ​Are you LeBron?​ ​​ ​​​ ​I believe I'm going to.​ ​​ ​​​ ​Down 1-3.​ ​​ ​​​ ​Awhhh!​ ​​ ​​​ ​Okay. Well, LeBron would've hit it.​ ​​ ​​​ ​Ski could end it all here.​ ​​ ​​​ ​Guys, you could be witnessing ​ ​​ ​​ ​the end of the game.​ ​​ ​​​ ​Guys, you could be witnessing ​ ​​ ​​ ​the end of the game.​ ​​ ​​​ ​AGGGHH!​ ​​ ​​​ ​NOOOO!​ ​​ ​​​ ​OH!!​ ​​ ​​​ ​It's okay!​ ​​ ​​​ ​If that heart fell, Rage.​ ​​ ​​​ ​The game literally would've been over.​ ​​ ​​​ ​He'd be giving away a million dollars ​ ​​ ​​ ​while you watched.​ ​​ ​​​ ​He'd be giving away a million dollars ​ ​​ ​​ ​while you watched.​ ​​ ​​​ ​YOOooo!​ ​​ ​​​ ​Wait…​ ​​ ​​​ ​All right-- NEXT!​ ​​ ​​​ ​WAHHH!​ ​​ ​​​ ​He's consistent.​ ​​ ​​​ ​Hey, stop playing around!​ ​​ ​​​ ​Stop playing around!​ ​​ ​​​ ​Rage, STEP UP.​ ​​ ​​​ ​You gotta lock in.​ ​​ ​​​ ​OHHH, he finally did it!​ ​​ ​​​ ​Niiiice.​ ​​ ​​​ ​You're back in it! You're BACK in it!​ ​​ ​​​ ​That's craaaazzy. Hah Ha!​ ​​ ​​​ ​ARGHHHAHHH!!​ ​​ ​​​ ​Oh, my--​ ​​ ​​​ ​If you hit one, you tie it.​ ​​ ​​​ ​WOOOooh!!​ ​​ ​​​ ​OHH!​ ​​ ​​​ ​WHAT? IS? GOING? ONNN?!!!​ ​​ ​​​ ​Oh, he's locked in.​ ​​ ​​​ ​Whaaaat??​ ​​ ​​​ ​1v1. Last heart left.​ ​​ ​​​ ​Next one to get smashed loses,​ ​​ ​​​ ​and then someone wins a million dollars ​ ​​ ​​ ​for their fans.​ ​​ ​​​ ​and then someone wins a million dollars ​ ​​ ​​ ​for their fans.​ ​​ ​​​ ​There you go.​ ​​ ​​​ ​He could end it all right here, right now.​ ​​ ​​​ ​This could be your last chance to stop him.​ ​​ ​​​ ​Is this the dagger?​ ​​ ​​​ ​URGHAHHH!​ ​​ ​​​ ​No!​ ​​ ​​​ ​Oh my gooooosh…​ ​​ ​​​ ​Oh…​ ​​ ​​​ ​My…​ ​​ ​​​ ​Gosh.​ ​​ ​​​ ​Rage. STOP. Playing.​ ​​ ​​​ ​Oh, he's locked in.​ ​​ ​​​ ​Rage is locked in.​ ​​ ​​​ ​OOARPP!​ ​​ ​​​ ​Bang, bang.​ ​​ ​​​ ​[shattering]​ ​​ ​​​ ​WAHHHHH!!​ ​​ ​​​ ​YOU'VE WON A MILLION DOLLARS!​ ​​ ​​​ ​LET'S GOO! ​ ​​ ​​ ​LET'S GOOOOOOO!​ ​​ ​​​ ​LET'S GOO! ​ ​​ ​​ ​LET'S GOOOOOOO!​ ​​ ​​​ ​LET'S GO, ME!!!!​ ​​ ​​​ ​WEEE! AHAH HA HA!​ ​​ ​​​ ​Ahaa ha ha ha!​ ​​ ​​​ ​AHA!​ ​​ ​​​ ​I WON! I WON!​ ​​ ​​​ ​ARGHH!!​ ​​ ​​​ ​I WON A MILLION DOLLARS!!​ ​​ ​​​ ​WOOOOooOO!​ ​​ ​​​ ​Oh, my God, bro.​ ​​ ​​​ ​Genuinely, I'm very grateful for all ​ ​​ ​​ ​of you.​ ​​ ​​​ ​Genuinely, I'm very grateful for all ​ ​​ ​​ ​of you.​ ​​ ​​​ ​Hit that subscribe button.​ ​​ ​​​ ​Take care!​ ​​ ​​​ ​We're ending the stream.​ ​​ ​​​ ​I love ALL OF YOU!!​ ​​",0.025727184737245126,0.2582656732309722,21,Video,17
AoN1K4c7VKE,"Survive 30 Days Stranded With Your Ex, Win $250,000",20260307,@MrBeast,MrBeast,1803,False,121998512,2395294,148000,https://i.ytimg.com/vi_webp/AoN1K4c7VKE/maxresdefault.webp,https://www.youtube.com/watch?v=AoN1K4c7VKE,"I can't believe they actually agreed to this

Download PUBG MOBILE and enjoy the most popular mobile game with multiple gameplays. Happy 8th Anniversary to PUBG MOBILE, the game for Every #1. Download here to play: https://pubgmobile.go.link/MrBeast

New Merch - https://mrbeast.store

Check out Viewstats! - https://www.viewstats.com/

SUBSCRIBE OR I TAKE YOUR DOG
╔═╦╗╔╦╗╔═╦═╦╦╦╦╗╔═╗
║╚╣║║║╚╣╚╣╔╣╔╣║╚╣═╣ 
╠╗║╚╝║║╠╗║╚╣║║║║║═╣
╚═╩══╩═╩═╩═╩╝╚╩═╩═╝

For any questions or inquiries regarding this video, please reach out to chucky@mrbeastbusiness.com

----------------------------------------------------------------
follow all of these or i will kick you
• Facebook - https://www.facebook.com/MrBeast/
• Twitter - https://twitter.com/MrBeast
•  Instagram - https://www.instagram.com/mrbeast
•  Im Hiring! - https://www.mrbeastjobs.com/
--------------------------------------------------------------------","Take off your blindfolds. I just trapped this ex-boyfriend and his ex-girlfriend in the middle of the wilderness. If they spend the next 30 days here, I will give them $250,000. [groans] I hate you. Grant and Ashley were in a relationship until he cheated on her on national television. [Ashley] You are my least favorite person. I ain't been the best. Welcome to the camp. Oh, no. Oh, no. I know him. [Jimmy] I told a little bit of a lie. It's not just you and your ex-girlfriend. It's you and your five ex-girlfriends. [laughing] All right, let's go meet the exes. Hi. [laughs] Nice to meet you guys. This is awkward. Whoever's left at the end of 30 days will split that $250,000. We should probably, uh, start collecting some wood. Nice to see you guys. All right. Have fun getting the firewood. Now that I'm out here, I'm gonna just pretend I'm out here alone. Does anyone have anything nice to say about Grant? He did, like, write me a song. He sang me a song too. He wrote me a song and then played it for another girl. I'm just gonna focus on surviving as best I can out here. While he's building the fire by himself, all his exes are gossiping about him. He does put on a good show. Like, he pretends to be perfect. Guys, how many bad stories do we have? [laughing] And the gossip continued for hours, even into the night. It's, like, mortifying to, like, even be associated with him. This is why I'm single. Women are scary. I don't think that's why you're single… Jimmy… This is every man's worst nightmare. [Jimmy] And it was about to get even worse. -[Grant] Hi. -[Ashley] Hi. Hey. So, what do you guys want to do today? [Ashley] Nothing with you. Ashley, we haven't even talked. Why are you so mad? Like, I'm not angry 'cause, like, this didn't work out. How about get to know me again? I don't want to. And I didn't know it, but this would become the most intense revenge story I've ever seen. I'm out for revenge. There was never a point where it was gonna be his money. Her plan this whole time was to punish me? He is trying to manipulate me to make himself feel better. This is your last chance, Ashley. I'm not joking. [Julie] You are the most disgusting man. Grant, I love you. They've lost their minds. How was the first night, everybody? -We're having a great time. -It's good. -[Jimmy] Yeah? -It's good. It's fun. To celebrate 24 hours in the woods, I have a secret for each side. I'm scared. [laughs] Come with me, Grant. Every five days, you're gonna have the ability to send one of them home, until there's just one left. What I'm about to tell you, he has no idea. The secret for the five of you is, whatever exes are left at the end can just choose to steal the money from Grant, sending him home with nothing. I love this. This is karma. On the morning of Day 3, Grant got up extra early and immediately got to work building a shelter. And as you can imagine, the girls weren't too pleased. Bro, I swear to god. It's like 6 AM. Can he shut up? Grant, you have a tent. You don't need to build a house. Like, this is so crazy. The girls said I don't need to build house 'cause I have a tent. But I say, we're out here for a month. It's about to get cold. I never saw the appeal to camping and I can honestly say I still don't. I don't know how long I will last, because everyone here works out for fun and I take naps for fun. Jimmy has kind of set this up where I'm having to live in the mess that I've made. Most people don't get to have all their mistakes in one place for 30 days. Good morning. It's Day 5. That means MrBeast is coming today. It is elimination day, and I have to choose who I am sending home. Come on over. Now, I'm scared. There's hearts? Stop. Grant, you're on this side, you know, where the hammer is. Oh, wow. He's gonna hammer our hearts. He's already done that in real life. [laughs] You always got something up your sleeve. This one's a fun one. Oh, it's fun? Every five days, Grant is gonna have to send one of you home, until just one of you remain, and if that person and Grant are still here on day 30, you will both split the $250,000 back at camp. All the ones who go home don't get anything, I assume? No. [chuckles] Wow. What? Wow. That was not expected. So you could be here for 20 days… And get nothing. Wow, Grant, you're lucky. You're guaranteed money! Being rewarded for being a cheater, isn't that nice? [chuckles] Excellent choice of words. Interesting choice of words before the heart smash. Yeah, I'd be a little nicer to him. Maybe say, like, very handsome or very-- -[Amy] So handsome. -[Jimmy] Yeah. So that was Grant's secret. Do you know what their secret is yet? Did any of you tell him? I don't know what their secret is. You gave me a pretty heavy weight. All these girls want something out of this, and now I have to take it away, and it's not an easy decision to make. [Jimmy] Ok, ladies, the floor is yours. Yeah, we've made it this far, so I don't think any of us want to give up. I'm not here to beg to stay. I think we all are here for a reason. Well, it's been enough time. Whenever you're ready. Grant, pick up that hammer and choose which of these five hearts you're going to break. The Grim Reaper. Oh my God. It's mine. It's mine. He's standing in front of it. [exhales] [grunting] Oh, whoa. Whoa! [heavy exhale] So, Grant, tell us, why did you choose to eliminate Amy? I was back and forth until you made that statement. Being rewarded for being a cheater, isn't that nice? We could talk another time. [clears throat] [sighs] That was the deciding factor? 'Cause I made a comment? I wish I never came here. Out of all of Grant's exes, he and Ashley had the longest and most serious relationship. I was convincing myself this was the person I wanted to marry one day. Grant and Ashley had their moment where he publicly humiliated her. Plus, Grant still had no idea that the girls could use their secret to steal all the money from him at the end. He fully thinks he's getting half of that money. I think he forgot about the secret. So me, Alyssa, Julie, and Ashley just came up with a plan to steal all of Grant's money for ourselves. He fully thinks this is a show about himself and him building a house. He lacks self-awareness. We really want Ashley to get her revenge. [Ashley] The goal is to have me at the end and to be able to steal the money from him. And the first part of their plan was to make Grant feel bad for Ashley. Now is my time to shine as an actress. I wanna pretend like I'm crying right now. That's a good idea, I think. [Ashley whimpering, crying] Hey, Ashley. [Ashley fake crying] [girls laughing] Can you and I talk real quick? [Ashley] I need a minute. All right. Come out and talk to me when you're ready, ok? I have eye drops. Project manipulation is the next step. I know you resent me for everything that I've done. It's just, like, not easy to know you've moved on. Thank you for telling me that. And while the other girls were enjoying watching Ashley's performance, something else was going on with Alyssa, who's been pretty quiet up until this point. [Alyssa] This is a lot harder than what it looks like. It is absolutely freezing out here. I haven't showered in days, and I haven't had a proper meal. Hey, Grant. Do you have time to talk? Yeah, of course. What up? I came into this challenge… thinking that my mental side would get better… but it's not. I've decided that I'm gonna leave tonight. Tonight? It's so cold. [laughs] And dirty and bugs. And I can't shower. Can I have a hug? And after Alyssa left, Grant started putting a little more effort into the girls' experience. Welcome to princess land in the woods. They're waking up to coffee. I don't want creamer. I'm gonna make 'em breakfast. Agh! Nope. [blowing] Grant is saying he's gonna give us the princess treatment. Would you guys be cool if I cleaned all the pots? Maybe I could build something else for us. You know what would be fun? A swing that you actually can swing back and forth. I would love that. Ok. Let me get creative. I could figure it out. Thank you. All right, the girls want me to build a swing set, so that's what I'm gonna do. [Jimmy] Just like I had hoped, being out here in the wilderness and working on projects together, like this swing set and Grant's shelter, seemed like it was actually starting to bring these people together. [Ashley] Visualize the $250,000 that we're going to take from this man. [Jimmy] Or maybe I was just being a little optimistic. But regardless, it was now Day 10, which meant it was time for a check-in. And since Alyssa had left early, I sent our contestants something they weren't expecting. Hey. Welcome, everybody. Talk to me about the last five days of the wilderness. It's been a lot of work. Built them a swing set, and we lost one. There's only three girls now. Oh. I'll just get rid of this. Alyssa! Well, unfortunately for you, Grant… you still have a hard decision to make tonight. You must choose only one of these girls to join you in a luxury cabin, complete with… A masseuse, shower, hot tub, all the bells and whistles. [laughs] Oh, I'm good. I'll go without. I think Ashley and Grant have a lot to work out. [scoffs] It could be good for bonding, like… Sure. At the end of the day, it is your decision. Ashley, let's do it. [quiet celebration] Thank you guys so much. It seems like you guys had no interest whatsoever in this cabin. It's playing out exactly how we're wanting it to… Wow. Once they were in the cabin, it started to seem like Grant and Ashley were actually mending their relationship. [Grant] This was like a treat. Like, I guess, it's gonna feel good to, like, know that we don't have bad blood anymore. [Jimmy] That is, until this happened. Heck, yeah. [humming] [Jimmy] Does anyone have anything nice to say about Grant? [Julie] He did, like, write me a song. [Ashley] He wrote me a song and then played it for another girl. [humming] That's-- I don't… It's been a long time. Hearing the song Grant played for another girl seemed to put Ashley in a sour mood. And when the cabin day was over, she brought that energy back to camp. I don't want to feel the way I feel about you right now. Inviting you to the cabin was pointless. Do you care about making actual amends, or are you just, like, going through the motions? If I was just going through the motions, I would've left by now. Just felt like it was pointless. The girls had noticed Grant and Ashley still weren't getting along. But if Ashley was gonna get to the end, they would have to find a way to convince Grant to eliminate one of them next. And so they came up with an idea. If Julie and Abi were mean to Grant, it might just make him want to keep Ashley until the end. [Julie] Grant? Yeah? I came out here earlier, super kind to you, said good morning. You said absolutely nothing to me, met me with… not kindness. Do you realize, like, how you're gonna look? Julie, I have nothing to prove to you or anyone else. You single-handedly destroyed this entire situation. -Oh, I destroyed it. -[Julie] You were set up with success… to go to the end and win that money, and you have literally-- I will be here at the end. -I know. That's what I'm saying. -[Grant] It is my decision… who I take with me and who makes my life easiest. And right now, none of you make it easy. You are the most disgusting man. Go back in your tent. We don't have to talk. Forget about it. I feel bad for your family. [laughing] ""I feel bad for your family."" That's crazy. And it may have worked, because the next day, it seemed like their plan was back on course. Tomorrow's elimination day, and I need to pick someone to send home. Julie really has surprised me, especially with what she was saying yesterday. The only reason that I'm not sending Ashley home is because I feel like we've taken yet another step, and I do wanna see her succeed. So for the check-in on Day 15, Julie was more than ready to go home. But that would all depend on if their plan had worked. How's it going? We missed you. I missed the four of you. The last five days, how've they been? They told me that I was disgusting. You are the most disgusting man. If for some reason they all got so tired of me that they left, and I stayed the 30 days, do I still get the money? It has to be you and one of your ex-girlfriends at the end, or no one wins any money. [sucks teeth] Ok. Anything else you think we should talk about? I think I should just go ahead and do it. Ugh. Whoa. Ah. Love that for me. I do wish you the best. I wish you the best, too. And I hope one day you can look back at all of this and learn and grow. You know, I have to ask… no one's told him the secret yet? No. If it ends up being you and him at Day 30… There's not a doubt in my mind that I'm stealing that money. At this point, there were only two girls left, so Abi decided to make sure that Grant would bring Ashley until the end. I would like you and Ashley to be nice to each other. What's happening? -Come on in. -Ok. I obviously caused you a lot of pain, so we both have fault. What are you trying to get out of this? We are equally imperfect. -[Grant] See? -That is my favorite quote of yours. On Day 20, if you could tell me, with all seriousness, that we are equally imperfect, I'll keep you. That is just the-- No deal. So, you think that you're better than the person next to you? That statement's not coming out of my mouth. I'm sorry. Well, you have four days. Are you serious? Yeah. And you think that's fair? Absolutely. Ok. For us to make amends, you have to think that. This whole ""equally imperfect"" statement, I'm not sure if it's something that he has used as a coping mechanism in his mind, but I would not say that our mistakes are equal. I'm doing my best to keep my calm with the situation and the plan, but I cannot stand this man by any means. And with her frustration building, Ashley struggled to stick to the plan. Grant. What? You're not playing very nice here. Ashley, you're basically saying that you'd rather go home than forgive me. I haven't decided if 125K is worth my integrity or not yet. You do you. All right, Grant, if you admit you're in love with me, I will tell you what you want to hear. [snickers] Ashley still hadn't said the words that Grant wanted to hear, so Abi decided to give her a little bit of encouragement. You're going to have to say some things you don't want to say. I have to. I wanna stay. I wanna, like, fight through this. I appreciate you pushing me. And so, Ashley made the trek over to Grant's tent in order to make amends. I am sorry. Since Day 1, I have came to you like this. Open-hearted, open-minded. I don't think I'm asking you to… To just sit here and agree with everything he's saying? Is it selfish or is it good for the both of us? I think it's really good for both of us. There you go. I'm gonna sprinkle in a few lies here and there. I don't resent you. Then I just end up back in a place where I love you. Thank you. I appreciate that. I think it was a pretty good conversation. He really wants to hear me say that we are equally imperfect. Even with my stunning acting skills, I just don't know if I can do it. You have to mean it. I will. I'm just not ready to say it yet. I like that. And Grant seemed to be satisfied for now, because in the next couple days, things were looking up. Good morning. Day 19. Day 19. The next elimination is looming, so I've come to the point where I have to be nice and help Grant build his house. Think about how much faster you could finish your house if I'm here for another 10 days. That is a good point. We'll see how hard you work today. [sighs] We're about halfway through the day now, and things have been great. Ashley's had a great attitude all day. I've been in a good mood. Now, you know, I'm really considering what's gonna happen tomorrow. All right. The house is framed up. Ready to go to the swamp, grab some brush, and then we'll close it all up. Just grab a bundle like this. Then stand to the side. This is all I needed. I think Ashley is finally understanding that holding that grudge and that resentment against me is doing her more harm than it's helping her. Might have misjudged how much I can carry. Despite the day going well, the girls were nervous Grant knew about their plan. I'm, just, like, so paranoid that he knows. There's not a thought in that mind, other than building his house. Yeah. And while Grant was focused on finishing his house, there was still one thing he wanted from Ashley. I still don't know whether she's gonna come to the conclusion that we are equally imperfect individuals and we have never been able to cross this bridge. So if I pick you, Ashley, what does the next 10 days look like? I'll probably wake up every single day, super ambitious to give you, like, foot rubs and… -There's no need for that. -Like, make you coffee. I would like to think that Grant will keep me here, but you really never know. If I pick Abi, I'm sure it'll be smooth sailing. Now, if I pick Ashley, it could be a chance at finally making amends. The decision tonight really matters. Hey, welcome back! Did you miss me? I wanna throw up every time I'm here. Not because of me? -No, never. -Oh, ok. Well, before we move on, Grant, you have a decision to make today that's slightly different than all your previous ones. Ok. You have to decide between smashing one of the two hearts or delay that till Day 25, and we do a challenge to add $50,000 to the prize pool. Yay… I mean, I gotta eliminate one of them anyway. Five days, it's ok. Yeah, let's do it. -Challenge? -Challenge. Ok, follow me. Every time I'm so sure I'm leaving, I'm not. We just like having you out here. All right. Welcome to the challenge. Let's hop out. Thanks for the ride, Chandler. For this challenge, we have a giant airdrop over here, courtesy of PUBG Mobile. Inside this airdrop is letters from your family, lots of food, everything you've complained about in your vlogs, and so much more, plus $50,000. And to win it, you'll have to work as a team. Each of you will have 3 arrows. And if your team can manage to hit all three targets, the PUBG Mobile airdrop and money are yours. All you have to do is work together to hit those three targets. We could do that. I'm gonna state the obvious. Ashley, you can't shoot him. Got it. I say you try to hit the furthest one. Yeah, I think you should go first. Yeah, I'm gonna go for the furthest one first. Ok. $50,000 on the line. Yeah! He did it! He did it. [chanting] Grant, Grant, Grant! I don't think they're doing that, Jimmy. Ok. Look at the target on fire! -Abi. -What? Hit the close one. -Ok. -You got it. Make sure the safety's off too. Can someone help me do that too? Yeah. 'Aight, look. We're all working together. All right, you ready? Yeah. All right, the safety's off? Yes, it is. Oh! She did it! You did it! Oh my God. I'm crying. Two for three. And if you guys wanna shoot a crossbow yourself, make sure you download PUBG Mobile, the most popular mobile game, with multiple game plays, in the world. Just don't talk for a second, please. Ok. Oh, she did it! She did it! She hit more targets than you! [laughs] Come on over here! And as a reward, we brought you guys a bunch of food supplies. Is that a welding mask or something? Uh, yes. That's a welding mask and a frying pan. Weapons used in PUBG Mobile. But the thing I think you'll care about more… is letters from home. Here you go. -Oh, nice. -Thank you. There's a bunch of letters for you guys from your family, from your friends… rooting for you, cheering you on. See you on Day 25. Take care! The next check-in on Day 25 is going to change everything. It's either gonna be the best day of Grant's life or the literal worst. I have a letter from my family here. Dear Grant, I wanted to take a moment to write you something from the heart. Dear Aunt Abi, you aren't just a cool aunt, you are also the best friend I ever had. As your dad, I want you to know how incredibly proud I am of you. I miss you so much, and don't give up. Love, Collins. And say hi to MrBeast. It seemed like the serenity of nature was starting to give Grant and Ashley a path to forgiveness. But Grant was still holding to his ultimatum, and Ashley was still unwilling to say that they were equally imperfect. Ashley, if you're not able to say that, ""Hey, we are both equally imperfect,"" go home. No. I don't have to. Abi… I'm gonna send her home on Day 25. I have drawn plenty of lines and I've never held to it. If I don't send her home, I'll be breaking a promise to myself, which I've done my whole life. Abi, it's happening. I wanted her to have the moment at the end. And I feel like I have to tell her, because I don't want her to be embarrassed. Grant told me there's nothing you can do. He's gonna crush your heart. I'm just trying to think if there's any strategy play here. [sighs] Because I could tell him if he sends me home, that I can promise he's going home with nothing. [Grant] If I stay the 30 days, do I still get the money? It has to be you and one of your ex-girlfriends at the end, or no one wins any money. Ok. I don't think that's good. My worst fear is that he leaves, and that could screw us all over. Why don't we spend the day, think about it, and then see? After everything Grant has put me through, I need to try to make him keep me till the end. So, it makes no difference to you that I actually do need that money, right? [sighs] You might regret getting rid of me. It seemed like she was insinuating that it might be detrimental to my success here if I send her home. If your secret 100% gives you the opportunity to send me with nothing, I'll just leave. I'll go home now, I don't care. Ashley, I just don't want him to pack up his stuff and leave, which is what exactly what I was worried about when I pulled you and sat you down and told you. My worst fear is that he leaves, and that could screw us all over. I'm just trying to make it feel like this was worth it to stay this whole time for me. This is not your game. And I need him to pick me. It seemed like Abi was starting to realize that playing this game for Ashley might not be in her best interest. It's Day 23. Elimination's in two days. Ashley is no longer following the plan. Grant is now threatening to leave. And I will do whatever I can to make sure that I get to the end with him. Ashley, day one, felt like it's her place to, with our secret, in the end, hurt you because you embarrassed her on TV. It's not fair to me for my story to be making sure I sabotage and she goes to the end just to punish you for what you did to her on TV. So, I can promise you, I want you to stay. I will not hurt you in the end. You haven't done anything to me, and my story's not gonna be punishing you. So, like, I realized at some point she didn't care about me at all, and I think that's, um… that I was just a pawn, so… -I'm sorry, Abi. -That's where I'm at. It's fine. I don't need an apology, I just… I know. It's much more disgusting behavior of her… -to take it all. -I don't wanna talk about it anymore. I just need some… I just want to walk for a second. Sorry, y'all. Thank you, Abi. No problem. The conversation ends, and I still am not 100% sure whether Abi's gonna keep her word to me. Does Abi have an allegiance to Ashley? Grant still doesn't know what their secret is, just that it could be used to hurt him in the end. So Grant planned to use one of the few things he knew about Abi to his advantage. I believe in God, and I have a relationship with Him. Abi, can I talk to you for a second? Sure. -[Grant] You're still on… on board? -[Abi] Yes. Yes, 100%. Nothing to worry about. Like, Abi, you'd swear on the Bible. Yes, I swear. I have a Bible. Yes, I swear. I swear. [Grant laughs] I solemnly swear. Ok. -That does make me feel better, actually. -Yeah. That was my first act of strategy this entire time… and it worked. I take my faith very seriously, and I'm like, ""Either you trust me at this point or send me home, but I'm wiping my hands clean."" There's just something in the back of my mind that knows how good Grant is at manipulating. I'm thinking she might have switched teams. [Abi] I feel like I've been a team player this whole time, and Ashley hasn't thought about me at all. Jimmy's got a ton of tricks up his sleeve, so on that stage tomorrow, anything can happen. Day 25. How's it going? [Jimmy] Hey? Hi. You guys are quiet. Not gonna say anything? I feel sick. This is just a lot of nerves. Grant, buddy. It's been a few days. This is gonna be one of the most brutal moments of your life. How do you even begin to decide? It's not easy. I didn't come here to hurt anyone, and I've kinda just based it off of how people are showing up in the camp, how they're treating each other, and attitude. Attitude. Oh, boy… Ashley. It is unfortunate that this was the one chance we had to make amends, and he has repeatedly said he owes me nothing, so it's his opportunity to prove it. Ok… Abi. I'm proud of myself. I think my family and God will be proud of me too, so I'm just happy that I made it this far. Um, I got one thing I wanna say just… Go for it. Take your time. I wrote this up this morning, actually. If Grant says the wrong thing here, he could potentially go home with nothing. You might regret getting rid of me. But Grant had a plan to make sure Abi would keep her promise and split the money with him. I want you to stay. I will not hurt you in the end. Like, Abi, you'd swear on the Bible. Yes, I swear. Through all my mistakes, I have… I have been an unfaithful servant of God. And I feel like at times I hurt more people than I've helped. These life lessons have been solidified in my heart. Love fiercely because you are loved. Forgive quickly because you have been forgiven. Give grace because you have been given plenty. God has given us the gift of free will, so we must use it wisely. And anyone that's not giving you peace, forgive them and set them free. [sighs] So with that… After Grant smashes this next heart, I'm going to reveal the girls' secret, and it's about to change everything. You should be used to shattering my heart by now. Ashley, I hope you find God. I hope you find peace. And I forgive you, and I finally forgive myself. I feel like you do owe me more than you owe anyone else. I didn't really come here for the money. This was the one chance we had to make amends. I wanted to see us make amends, but I have to stick to my word. I need him to pick me. Dang. Well, I think it's time. Back on Day 1, I gave both sides a secret. The secret I told them is, whatever girl was last would get to, instead of splitting the prize pool with you, steal the entire prize pool. So, we don't need this anymore. He can't eliminate you. You now have a hammer, and at any point between now and Day 30, you can smash his heart, thus stealing the entire $300,000, but you don't have to. And then the prize pool will be split with the two of you. [sighs] At times, I felt like I didn't matter to anyone, I'll be honest. I feel like I do want to be the one at the end. Can you talk with me about that before doing that? It feels like you're against me. This is not your game. Everything I did say to you has been true. I swore on the Bible. I really am torn between all the situations 'cause I don't have any ill will towards you. And same for you, Ashley. But it's one thing when someone volunteers to swear on the Bible, and it's another when you impose that on them. Like, Abi, you'd swear on the Bible. Yes, I swear. I swear. [Grant laughs] I solemnly swear. Ok. And I felt like that was a manipulation tactic, and Ashley wanted her redemption story, like, she's been through a lot. You guys are gonna potentially get the last laugh. -Yes. We've made this plan since Day 5. -We've taken… Ashley, I will not let him win. I promise you. You said, ""We don't owe anyone anything,"" and put myself first. Abi, focus on yourself. Know that you deserve it and that you've done your part. And I know that I am forgiven by God, and He knows my heart. The point is, I'm gonna put myself first and, like you said, ""We don't owe anyone anything,"" and the last part… is for Ashley. Whoa. [Abi] That's all I have to say. Good job. This experience has been absolutely insane. You know, it's not easy being judged on your past. It's not fun going home right now with nothing, but it is what it is. I played, I lost. Oh, God. You just won $300,000. Thank you. You just won a ton of money. [sobbing] Yes. How's it feel? It feels amazing. What do you think you'll spend the money on? Animal rescue, and then my niece and nephew. My nephew's your biggest fan, Collins. He's eight years old. Collins, thanks for watching the video. If you guys aren't already subscribed, we give random subscribers free iPhones all the time. Congrats on 300 grand. Thank you.",0.020846926395298986,0.2530241193745045,22,Video,18
c9VS_cgInT4,"Subscribe, I’ll Double Your Bank Account",20260228,@MrBeast,MrBeast,30,True,232351734,2376680,22000,https://i.ytimg.com/vi_webp/c9VS_cgInT4/maxresdefault.webp,https://www.youtube.com/watch?v=c9VS_cgInT4,,"If you're subscribed, I will double your bank account. &gt;&gt; I don't even have YouTube anymore. I'm sorry. &gt;&gt; If you're subscribed to my channel, I'll double your bank account. All my friends watch you. &gt;&gt; But not you? Can I see if you're subscribed to our channel? &gt;&gt; Yeah, on YouTube? &gt;&gt; She is subscribed. All right, open up your bank account. Whatever number it says, we will double. &gt;&gt; I really hope you don't have a million dollars in there. $29.82. You know what? Actually, you meant to say $10,029.82. Oh my gosh, are you serious? &gt;&gt; Yeah, thanks for subscribing. &gt;&gt; so much. Take care.",0.010323486546478711,0.2369036628085677,23,Short,5
5OLs1GWB4OA,I Built 10 Schools Around The World,20260221,@MrBeast,MrBeast,964,False,63914705,2319677,94000,https://i.ytimg.com/vi_webp/5OLs1GWB4OA/maxresdefault.webp,https://www.youtube.com/watch?v=5OLs1GWB4OA,"We built 10 schools around the world in what might be my biggest project ever

To see how Lowe's is helping other communities across the nation, visit: https://www.lowes.com/howwehelp

Find out more about Fundación Televisa at https://www.fundaciontelevisa.org

This video wouldn’t have been possible without the help of T-Mobile. Go check out the work they’re doing with Project 10Million at https://www.t-mobile.com/project10million.

Thank you to:
Rockefeller Foundation: https://www.rockefellerfoundation.org/
YUVA Unstoppable: https://www.yuvaunstoppable.org/
Construyendo Comunidades Integrales: https://www.instagram.com/construyendomx
Televisa Foundation: https://www.televisafoundation.org/
Kaboom!: https://www.kaboom.org

SUBSCRIBE OR I TAKE YOUR DOG
╔═╦╗╔╦╗╔═╦═╦╦╦╦╗╔═╗
║╚╣║║║╚╣╚╣╔╣╔╣║╚╣═╣ 
╠╗║╚╝║║╠╗║╚╣║║║║║═╣
╚═╩══╩═╩═╩═╩╝╚╩═╩═╝

For any questions or inquiries regarding this video, please reach out to chucky@mrbeastbusiness.com

Music Provided by https://www.extrememusic.com
----------------------------------------------------------------
follow all of these or i will kick you
• Facebook - https://www.facebook.com/MrBeast/
• Twitter - https://twitter.com/MrBeast
•  Instagram - https://www.instagram.com/mrbeast
•  Im Hiring! - https://www.mrbeastjobs.com/
--------------------------------------------------------------------","In this video, we are building ten schools all around the world. Over 200 million children sadly don't have access to a safe school, so I took it upon myself to not only build schools for these kids, but also keep them fed for years, save them from illegal child labor farms, and to prevent them from drinking infected water. We don't need to film this. We got water! This video will change the lives of tens of thousands of people around the world. [chanting] MrBeast! Which brings us to our first school in Ghana. We built this one? No, that's the old school. Do you think I would build that? No. You know what that means, Chandler… Let's tear down this rust bucket of a school! Oh! Keep punchin'! This school is so dangerous that it was actually ordered by government officials to be torn down. Get out of here! Who's ready to see the new school? [cheering] Go check out your new school. Go have fun! [cheering] What do you guys think of it? [cheering] We're also, within walking distance, building them a brand-new well. I love seeing them all this happy. Let's keep building schools! And that's only the start of all the lives we're going to positively impact. Now, unlike the last school, this one doesn't need to be torn down. Aw. Yeah, I can take that. Yeah… So, we're gonna completely refurbish it. It was crazy to think that over 250 kids go to school here in these conditions. [clears throat] So, we wanted to go all out for them. Step one is repainting the walls. Oh, I get it. You're leaving the short parts for me. Yes. Why do you think you're here, babe? I understand my role. New ceiling, new walls, new floor. Like brand new. And not only did we fix their old classrooms… but we built them two brand-new school rooms that the kids have never seen before. Come on in. This is their first time seeing their brand-new classrooms. Go check it out-- Oh my gosh, look how excited they are. I was not lying when I said over 250 kids go to school here, and now they have two brand-new classrooms that they can learn in. What do you guys think of the new classrooms? Yeah? [chuckles] They're so happy! Here, let's go inside. -So, we are very happy for this! -Yes. And we are proud of your people. Yes, let's go! [cheering] Some of these kids have never played with a toy in their entire life. They are having so much freaking fun just hanging out and messing around. Not only will school attendance go up, but they're also gonna have way more fun. I'm so happy we did this project. The principal told me that those two teachers spend a third of their salary on getting to work, and up to an hour a day driving to this school, which obviously is very brutal and not sustainable and why… Joseph and Emmanuel, take off your blindfolds… and look at your brand new home! [both exclaiming] Wow! Come on inside. Let's go check it out. Look at this bad boy. [both exclaim] Oh! All this for us? Wow! Wow! Wow! Wow! [excited shout] You guys aren't sharing this apartment. This is your apartment. -Come with me. -Oh, really? Wow! This is your side. [cheering giddily] Yes. [overlapping] Thank you. Thank you, thank you, thank you… No problem. No, thank you guys for being great teachers. And we didn't stop here with these apartments. When we first got here, I noticed something I just couldn't ignore. Uh, we don't need to film this. For over a decade now, this river is where the entire village gets their water from. And nearly 80% of their population, including kids, have parasitic worms in their intestines. It literally breaks my heart. So we drilled them a brand-new well, not only for the school, but for the hundreds of people in the surrounding community. Chandler, you know what that is? That's fresh water. The schools will now have clean water to drink. We also built bathrooms so they no longer have to pee and poop in the woods. And we built sinks over here that gets water from their brand-new well. And we even built a kitchen. We are going all out for this school. Come on in! This kitchen has everything they'll need to provide school lunches every day. I wanted to tell you guys, every single school day for the next five years… We're gonna give all the students a free lunch. Wow… I'm just out of words. I don't even know what to say! Pick a date anywhere on this calendar. 2030!? May of 2030, we'll give them free meals. You would do that? Just like that!? Just like that. It's covered. I'm super excited. I'm-- [Jimmy] Yes! I mean, I-- This is great! -Yeah? -I'm gonna tell them. Yeah, go tell 'em. Go for it. -I'm gonna tell them. -Ok. For the next five years, they are going to feed all of us every day. [cheers] Shoutout to the Rockefeller Foundation, for helping us out with such a worthy cause. [chanting] MrBeast! You guys don't have to chant my name. Ok… [chanting] MrBeast! MrBeast! Thank you. You don't have to. We actually spent over half a million dollars on this compound right here. Not including any other schools. Just here. And, uh, we're not done. That figure's gonna cross over $1 million by the end of this year, just into developing this school and the community around it, to, you know, better the lives of the kids and the teachers. The structures we built will impact generations to come. And it's kind of funny, because we built so much here, that they actually named me Chief of Development. Jimmy, when you say it, you do it. You didn't have to go this above and beyond, but thank you. [chanting] MrBeast! This is our next school. And kids, can you please leave? I need all of you to just get out of here. Because, you see, this building we're in is older than me. And the roof could collapse on them while they're just learning, which they learn here every single day and is completely unacceptable. So, as you can see, we're going to start tearing down this school, because I don't want these kids to be killed while learning. I mean, that is literally one of the most tragic things that could ever happen. Which is why we replaced their old school with this brand-new, two-story school! With this school now doubled in size, over 300 children can now attend this school that now has eight massive, fully-furnished classrooms. Thank you, MrBeast, for caring for our children. [cheering] And right beside the brand-new two-story school, we built a well powered by solar panels with a water storage facility. And this water isn't just for the school, it also is for the thousand people that live in this community around here. We're not here to check boxes and build schools. We're here to fundamentally change the lives of the communities. Providing a safe school for these kids means they're not forced into illegal child labor. Feastables is adamant about paying farmers living-income reference prices and auditing and remediating child labor on our farms. And that's why I built schools in eleven different communities for the children of Ghana. Thank you. But child labor isn't the only problem we're fixing. This next school is so run down it's nearly impossible for the students to learn. This is what their old classrooms looked like. When it rains, it floods. Really? Yeah, and then the water also gets in, so it's very muddy when it's raining. So over the next several months, we built them an entirely new school from the ground up. The last of the seven classrooms is now done. Let's see what the kids think. Come on in! No joke, none of the teachers have let any of these kids in. This is the very first time they've ever been inside. [cheering] It looks like they're excited for their new classrooms. They are loving the new school. This is why we're doing this video. And we didn't just build them a brand-new school, including providing each of the classrooms with brand-new desks, but also, eight months ago, we built this kitchen for the old school that was here. And every single school day for the next five years at this school, we are giving every student free food. We're gonna need more classrooms, Jimmy. There's gonna be more kids wanting food. That's why we built seven. -Oh, we just did that. -[Jimmy] Yeah. Yeah, that makes sense. Yeah. Let's go to the next school. This is a school feeding program that we actually set up a year ago, and here we are a year later, and the school lunch program is still in effect. Every single school day, the kids are getting a free school lunch. And because of our meal program, school attendance has gone up 10% and climbing. And when I saw the state of these classrooms during that video, I knew we had to do something. Which is why, of course, we hooked them up with a brand-new school. And we didn't just build these students one classroom… Not two classrooms… Not three classrooms… We built them ten classrooms. And all ten of these combined is just one of the ten schools we're building in this video. Let's see what the kids think. Are you ready to see your new classroom? Yeah! Follow me! You wanna come see it? Look how excited they are to see their new classroom. [chanting] New class! New class! They're grabbing my hand. Aw. Come on in! [cheering excitedly] If it weren't for the school that we just built, these kids would go to school every day in fear of their own classrooms. And it warms my heart to know they're safe in a school we built for them. You guys like the new classroom? [cheering] Yeah! They love it. You guys gotta stay in school. I built this just for you guys. But there's so many other students around the world who don't even have a school themselves. And we're gonna build the first high school this town has ever had. [cheers] This entire town has to share one school from middle school all the way through high school. Their principal is forced to work out of her car. And we're here to build them a brand-new high school. And we start by building each individual wall and linking them together. When I was picturing building schools, I didn't think it would be this. I thought it'd be a hammer and a nail or something. Ok, one wall down. Wall number two. Let's go! There we go! Wall number three. This school is coming together very quickly. Well… the outline. Still gotta pour concrete in. We're building nice schools, trust me. Let's lock it in place and bring in the roof. Now, me and fifty volunteers are just gonna throw the roof on the school. Some might call it raising the roof. I'll give it to you, that was good. Thanks, man. [Jimmy] Oh, they're going. [grunting] Ok. [Nolan] I'm not even touching it! [stutters] Nolan's not tall enough. Yeah, yeah. [Jimmy] Yeah. Ok! So now, as you can see, we have half the roof. Now, we just gotta do the other side. We look like we're about to go to war. Here they come. Ready? [Jimmy] Oh, God! [group groaning] [Jimmy] This thing is heavy. [Nolan] Second roof is up! We did it. This next-gen building material will be filled in with concrete, making this school stand strong for generations. And while the boys began reinforcing the walls with concrete, I had one more surprise for the most important part of the school. You were the principal of their old school, and I heard that for the last decade, you've worked out of your car. [in Spanish] Yes, I have to work in my car because I don't have my own office. So right next to their brand-new school, we built her her very own office. [in Spanish] It's your new office! [in Spanish] Thank you very much! Oye! Yoy, yoy! Aye! [in Spanish] You're going to make me cry! Thank you, Jimmy! No problem. No more working out of your car. You now have a brand-new office with your brand-new school. But this school can't be considered complete without one last surprise. We also made you guys a brand-new soccer field. Go, go, go, go! Shout-out to Televisa Foundation for helping us build this. Let's go build more schools. And the next schools we're building might be the hardest of them all. All the way in Ecuador. Imagine living so far into the jungle that you're left to fend for yourself. Well, that's the reality for these next two schools. And because they have no help this far into the rainforest, we're doing everything it takes to get there. We had to take two plane rides. We're now on a three-hour boat ride. Then we have to off-road for an hour and a half. And when we arrived, we learned how the rain prevents these kids from learning. [in Spanish] I couldn't teach when it rained. It was impossible. Tin roofs make it absolutely impossible to hear anybody in here. Students, they cannot learn anything without proper conditions. How high do the waters get? It gets above your knees. Forget about learning. That's just dangerous. So, we got to replace the old, weathered schools with two brand-new elevated schools, specially designed to ensure that all of the students are safe from the rain. More than fifty kids now are able to come back to school with the better conditions. [in Spanish] Are you guys happy? [cheering] Sí! And to welcome the hundreds of students these schools will educate over their lifetime, we replaced their dangerous wooden bridge with a much safer metal bridge. [cheers] Now, these kids don't have to be in fear every time they go to school. And now that these kids have a fun place to learn, we're off to help others do the same all the way in the United States. Hope Creek Academy is a school for students that have neurodivergent needs. We try to provide different opportunities for them to grow and excel in a safe space. How's it going, everybody? Good! And the best place for this group of students to learn isn't inside the classroom, but rather, outside the school. Data shows that neurodivergent kids learn better outside, in the wilderness, than when they're cramped together inside a room. Which is why I teamed up with Lowe's to build the perfect learning center for these kids. Everyone you see wearing red works for Lowe's and is volunteering on their own time to give these kids a space where they can learn and excel. How is building this place gonna help with the kids? This is gonna be kind of a new type of environment that they currently don't have, where they have permission to play with nature. So, basically, this is like an earthly version of a playground. Yeah. In a previous video, we talked about how Lowe's wanted to make ten million square feet of impact, and they actually crushed their goal. And this year, they're actually committed to over 2,000 projects of impact and more than 200,000 volunteer hours nationwide. Bring in them all. My bad, I misled it. My bad. I did that on purpose. Helping people has been a part of Lowe's DNA for over 100 years. So I wanna say thank you so much, Lowe's, for being a partner with us and just your commitment to doing good all around the world. We got ourselves a playhouse. I hope they really like that, 'cause it's heavy. If you wanna learn more, scan this QR code or click the link in the description, and you can see how you can get involved. And after putting the finishing touches on the rest of this learning center, it was finally time to bring these children out to their classroom. The kids are just so excited. What a gift. It's just way more open, way more natural, and just provides way more opportunities for imagination and creativity. Thank you, MrBeast. W MrBeast! And for our final school, we're headed to India, to a school so overcrowded that hundreds of eager students don't have enough room to learn. We do not have our own classroom. I mean with over 400 students, how many classrooms do you guys have total? Six. Six classrooms? Wow. So we built them this brand-new, three-story school. And because many of these kids have to walk over an hour in the dark on busy and dangerous roads just to get to school… [car horn] We gifted a bus. That's right, we bought them their own school bus. I'm very happy that my students, especially the girls, will come safely. Alright, guys. We're going to your brand-new classroom. Are you guys excited? Yeah! I'm excited, too! Let's go! [cheers] The students, they all say, ""We are very excited to go in our new school."" So I am very thankful for your foundation. They have given such a huge building to us. [Majd] Hooray! I just wanted to say that I'm not the best with this kind of stuff, but from the bottom of my heart-- Oh, look at him. We got a little munchkin right there. From the bottom of my heart, I just want to say thank you. We wouldn't be able to change these kids' lives, the teachers' lives-- The entire communities' lives were changed because you guys watch these videos and allowed us to do this. You're why we can spend over $3 million building these ten schools, which over time will teach over 18,000 students. You're why we could build wells to provide fresh drinking water and made it safer to get around with buses and bridges, helping these communities not just now, but for generations to come. I hope this is just the beginning. Like, I have big ambitions, and I hope throughout the history of the MrBeast channel, we are able to save and change millions more lives. And so I'm just very grateful for all of you that watch the videos. Thank you so much. Huge thanks to our partners at T-Mobile for helping make this video possible, and for the incredible work they do in education, connecting students through their Project 10Million program.",0.037764032549317095,0.23323255092442718,24,Video,19
Z4hVGCWH1Kc,"2,000,000 People Get Clean Water For The First Time!",20250801,@MrBeast,MrBeast,620,False,109347995,2409472,46000,https://i.ytimg.com/vi_webp/Z4hVGCWH1Kc/maxresdefault.webp,https://www.youtube.com/watch?v=Z4hVGCWH1Kc,"$1 will provide 1 person with clean water for a year
Thanks to Shopify for supporting our mission to raise $40,000,000 for clean water for 2,000,000 people. Go to https://teamwater.org to donate today!

Thank you to YouTube for matching the next $2,000,000 in donations!

Get your TeamWater merch here https://mrbeast.store/pages/team-water 100% of profits go directly to #TeamWater

SUBSCRIBE OR I TAKE YOUR DOG
╔═╦╗╔╦╗╔═╦═╦╦╦╦╗╔═╗
║╚╣║║║╚╣╚╣╔╣╔╣║╚╣═╣ 
╠╗║╚╝║║╠╗║╚╣║║║║║═╣
╚═╩══╩═╩═╩═╩╝╚╩═╩═╝

For any questions or inquiries regarding this video, please reach out to chucky@mrbeastbusiness.com

Music Provided by https://www.extrememusic.com

----------------------------------------------------------------
follow all of these or i will kick you
• Facebook - https://www.facebook.com/MrBeast/
• Twitter - https://twitter.com/MrBeast
•  Instagram - https://www.instagram.com/mrbeast
•  Im Hiring! - https://www.mrbeastjobs.com/
--------------------------------------------------------------------","We're on a mission to give 2 million people all around the world clean water. This village in Malawi now has clean water impacting over 1 thousand people. This is the first of many projects we’re gonna be doing, and the largest creator collab in history. Over 3,000 of your favorite creators are all coming together with over 3 billion followers combined. This could be one of the largest philanthropy projects in history. Team Water. All of us, teaming up from around the globe, to get clean water that will last decades to over 2 million people in need. All starting here in Malawi. Let’s give away some water! We just installed this pump. This is gonna be the first time we use it. So the first cup of water is going to the village chief. Oh, he’s downing it! This entire community used to survive on water collected from puddles like this. And every drop had to literally be carried by hand. And that's what they do every single day. What does this water looks like? I mean, look at all that dirt. If I drank this, would I get sick? Yes, you probably shouldn't. I think we can all agree this is very unacceptable. I mean, look at those chunks of the dirt in this water. That will no longer happen now that we have that well. With local leaders, we made sure that clean water is no longer a concern here. Wow, look how excited they are. Over a thousand people that live around here are gonna be supported by just this pump. Orkun or Ben, who wants to sub in? I’m gettin’ tired. These two have 55 million subscribers combined, and are just 2 of the thousands of creators that make up Team Water. Here you go. That's a lotta water. Jimmy, is it gonna last forever? As long as this well is maintained, which is obviously what Team Water's gonna do, this well can practically last forever. The well we started at and this water pump are just the beginning. Team Water is on a mission to raise $40 million so that we can provide over 2 million people clean water. Let's keep going! Next, we went to South America, where we received an amazing welcome from the people of Colombia. You guys are too kind, you don't have to do this. Amazingly, the pump for the local water source was designed from spare parts by one man with no formal training. You built this with recycled bicycle parts. Yes And this well, it's what's currently supplying over 1,000 people with water. Yes. Oh my goodness. Out this pipe comes water that the communities are drinking. And at first glance, this water doesn't look too bad. But really, there are little particles of dirt and more importantly, bacteria that is constantly getting everyone here very sick. Which is why literally right beside the well that Christo made with bicycle parts, we built this giant water filtration system. The system filters water in 3 stages. This removes dirt, sand, and large particles. The water is then pumped into here, which removes the bacteria and even smaller particles, and then is pumped into here, which removes the saline so that fresh water can be pumped through this pipe. If anyone deserves the first glass of water to come out of this filtration system… it's Christo. Be my guest. Oh, he's going right for it. Oh, he's downing it! The water is tasty! Do you approve? Is it good? Yes! Thank you. Even Yolo, with over 33 million subscribers, couldn't help himself. This water is better than in my home! Team Water is going around the globe with all of your favorite creators, like Mark Rober, the Stokes Twins, and so many more. With the mission of bringing clean water, the most basic human right, to millions of people. We also built this massive water storage container that can hold the equivalent of 20,000 bottles of water, and because we brought a ton of reusable bottles, we couldn't wait to share the fresh, clean water with the community. Hey, we got water for everybody here! But unfortunately, nearly 1 in 10 people don't have access to clean water. Which is why we need your help to raise $40 million. On average, every $1 donated will provide 1 person with clean water for an entire year. To power the water filtration system, we installed a solar farm here, but we couldn't stop there. We also have a special surprise for all the little kids. That's your brand new playground! They're way more excited about the playground than they were about the water I gave them. We then traveled to the site of an existing clean water project, where more than 100 kids come to school just to get clean water. Here you go! Here you go, little man. Majd, this one's empty! Ah, Jimmy! And even though this community has access to clean water, there was still a problem. Since people from over 4 communities have to walk far to reach this central water source, we added 3 tanks nearby for easier access. Now I'm gonna show you how much walking it's gonna save people in the community. - These jugs are so heavy. - Come on Jimmy, push! It's hard to believe nearly 1 in 10 people don't have access to clean water. So for every $1 they donate, someone on average will get 1 year of clean water. - Oh my gosh. - Well done, Jimmy. As you can tell, it's very hard to carry water. Team Water goes above and beyond to take care of people. And of course, we also gave this community a playground. And then we went just north of India to Nepal, to this small village where locals hike up a winding trail to reach this water tap, where they rely on just a piece of cloth to filter their water. Behind me is 1 of the 3 tanks that’s gonna be providing clean drinking water to over 300 people in the community. This tank, when completed, will hold 15,000 liters of water paired with a mechanism to clean the water, disinfect it, and make it safe to drink. Once this is done being built, how long is the tank supposed to service the community for? Easily, for at least 15 to 20 years. We've teamed with WaterAid, our lead global partner, to help provide clean drinking water. They also support local governments that handle repair and make sure everything keeps working. Not only we're providing the project, but we're maintaining it for decades to come. We should probably get back to work. Yeah, we should. You know it’s gonna take over 2,700 kilos of concrete to complete this water tank. I think I've worked 18 hours today, but if that means these people get clean drinking water just 1 day early I’ll work 24. Don't look me in the eyes doing this, bro. Those three water tanks will provide clean drinking water to 71 households and around 300 people. On average every $1 donated’s gonna provide clean water for an entire year to someone in need. Make sure to donate! And if you're in the United States, you might think this only affects other countries. But science creator Mark Rober and I are hard at work because in 2022, flooding caused Jackson, Mississippi's entire water system to fail, which had this assisted living facility struggling. Having water to brush your teeth, prepare meals for your food, to take a bath. And to solve this issue, we have a machine that pulls water out of the air? That's right. An atmospheric water generator. And I've no idea what that means, which is why I brought Mark Rober. What does this do? So you know how on a really hot day your glass gets beads of water on the outside? Yeah 'cuz, like, the water goes through the glass. It's not going through the glass, Jimmy. That water is coming from the air. This machine cools down the air, and then it can't hold that water anymore, at which point you collect it in this big tank. Plus it purifies it all in the process. It's basically just squeezing and wringing out air. How is that humanly possible? This water is so clean and fresh, you could use it in an operating room. Cheers. Wow. Science is amazing. This machine generates enough water for the entire assisted living facility, and they're going to be giving it to other people in the community who also struggle to get clean water. Team Water, we are eternally grateful for everything. And Team Water is also partnering with Dig Deep to give the people of Rhodell, West Virginia an updated water system. In previous years, they just had a lot of problems with the infrastructure crumbling, so this should do a lot of good for this community. All the way over in Ecuador, we're with Ricky Limon and 4 of his friends with over 120 million subscribers combined, and they're gonna help clean up the water from this dangerously contaminated river. Even though it's very beautiful, the water here is dirty. The river is full of germs, like E. Coli and Giardia. And unfortunately for the village right next to the river, it's the only source of water for them and their children. 34% of kids under 5, they got malnutrition and stomach issues. So to change these kids' lives, we're building filtration for each of the 3 water storage tanks, using reverse osmosis filters to make the water safe to drink. It comes out completely clear. It's like magic. Great! I know that means ""very good"" Yes, this is very good. And with some help, we're giving water filtration bags to everyone in the community so they can have clean water with them anywhere they go. It will work so you can drink the water. Did you tell her what the bag is for? Yeah, I just told that, bro. I was just checking. Thanks to the Amazon Rainforest Investor Coalition for supporting the amazing work that's being done in this video. Meanwhile, across the world in Zambia, fitness creator Browney is at the largest community in this video. There are a staggering 9,000 people that do not have access to clean water here, and their only option is to dig shallow wells that often get polluted. It's not covered, so when we receive rainfall, there’s flooding into this well, it gets contaminated. You'll find yourself in the hospital. So we installed 3 10,000 liter water tanks to make sure that every last one of the 9,000 people here have access to clean water. Is it good? Yes, good! Now that these tanks are supplying brand new water stations all around the community, they can finally fill those old, unsafe wells. Let's go. Putting a stop to this! The projects you guys saw in this video are just a sample size of what we're gonna be doing with Team Water to give 2 million people clean water all around the world. Five years ago, we did Team Trees, where we raised $20 million to plant 20 million trees, and 3 years ago we did Team Seas, where we raised $30 million to pull 30 million pounds of trash out of the ocean. And now we're back with Team Water. Only this time is the audacious goal of $40 million. To give 2 million people all around the world clean water for decades each. And none of this would be possible without our lead global partner, WaterAid. If you want to donate, just click the donate button down below. Or you can go to teamwater.org, where you can see every single donation, you can leave messages when you donate. You can also see the top donaters. And me and Mark Rober know we can't raise $40 million on our own which is why you're gonna see thousands of creators uploading videos, TikToks, shorts, reels, Instagram photos about Team Water. And on top of donating, I need you guys to go engage with all that content. I need you to share it. I need you to spread the word. And I need you to harass your favorite creators to support Team Water. Do your part to make this a success. If you're watching this video when it first goes up, you'll notice the counter doesn't start at $0. It's starting at $500,000. That's because Shopify, who powers the Team Water merch store has stepped up with a $500,000 donation. Thank you, Shopify. Also a special thanks to YouTube, who will match the next $2 million donated to Team Water. So if you donate to Team Water right now, instead of giving someone 1 year of clean drinking water, you'll actually be giving them 2.",0.022455574059679833,0.23229028211097263,25,Video,20
zo7i8VTpfNM,"How Much Would You Risk For $500,000?",20250927,@MrBeast,MrBeast,1525,False,132191675,2272419,31000,https://i.ytimg.com/vi_webp/zo7i8VTpfNM/maxresdefault.webp,https://www.youtube.com/watch?v=zo7i8VTpfNM,"i cant believe he did that at the end
Jack Link’s x MrBeast beef sticks have arrived! Click and go get yours now 👉 https://bit.ly/JLMBYT1 snacklikeabeast JackLinksPartner

New Merch - https://mrbeast.store

Check out Viewstats! - https://www.viewstats.com/

SUBSCRIBE OR I TAKE YOUR DOG
╔═╦╗╔╦╗╔═╦═╦╦╦╦╗╔═╗
║╚╣║║║╚╣╚╣╔╣╔╣║╚╣═╣ 
╠╗║╚╝║║╠╗║╚╣║║║║║═╣
╚═╩══╩═╩═╩═╩╝╚╩═╩═╝

For any questions or inquiries regarding this video, please reach out to chucky@mrbeastbusiness.com

----------------------------------------------------------------
follow all of these or i will kick you
• Facebook - https://www.facebook.com/MrBeast/
• Twitter - https://twitter.com/MrBeast
•  Instagram - https://www.instagram.com/mrbeast
•  Im Hiring! - https://www.mrbeastjobs.com/
--------------------------------------------------------------------","Would you risk burning alive for half a million dollars? Yes. Let's do it, man. Ok, good luck man, you're braver than me. This is gonna be crazy. This man is literally in a burning building. There's fire around the door! The entire room is on fire. Oh my gosh, this is the craziest thing we’ve ever filmed. And behind him is $500,000, which he could win if he completes 7 fire traps, including: getting shot out of a cannon into fire, jumps through death defying rings of fire, survives massive fiery explosions, and so much more. - Get out of there! - Get out of here. Come on. In case you're curious who this gentleman is, he's actually a professional stunt man. But we are gonna push him to the max in this video. He’s still gotta get the money while the room's on fire. Alright, watch out Chandler! Alright, that's 2 of the 10 bags! He’s on fire! He's literally on fire! Hey Nolan, get the fire extinguisher! Hurry up! The house is about to collapse! Alright, that's it. The moneys on fire! Oh my God, the money is burning. Oh! You did it! His legs are on fire. Put it out! Oh, my adrenaline is pumping right now. You managed to get $250,000 out of that building. Let’s head to the next death trap! Take off your blindfold! Eric, welcome to deathtrap #2. What is this, man? How high up are we right now? Uh, pretty high up. Do you wanna look down? Not really. Also, cue the fire. Oh, come on, man. What is this? I'm gonna be honest, until we filmed this, I didn't know you could light water on fire. What's Jimmy's obsession with fire? This death trap is very simple. Hanging in front of this platform are 3 bags of cash. Each representing what could be the new amount of money you'll be competing for. And as they increase in amount, they get further and further from the platform. You have to pick one of these 3 bags to run and jump for. If you hang on it, that will be your new prize pool. Look how far away that is. Oh my gosh. That is a solid distance right there. Don't worry, if you miss, you'll just fall in a giant pond of flaming water. I got shorter legs, but they'll surprise you with some power. Ok. Which bag are we going for? Do you want to take the easy route, lower your prize pool by 100 grand? Let's not do this one. It's too easy, man. Alright. Oh, man. This is your current prize pool. Do you want the 250 grand, or do you wanna risk jumping 10 feet for the 300 grand? I'm gonna risk it all. Ok. Only the 300 grand remain, so… Alright, here we are. And with that, oh-- Make sure you dodge the fire and the scissors. Copy. Is it really worth risking everything just to add $50,000 to the prize pool? Now you're making me second guess my decision making. Here, can I see you jump? Let's see it. Let's see, yeah. - You got the 300 grand! - I appreciate that. I don't think he got it. That was nowhere near 10 feet. $300,000 on the line. 100 million people watching. Let's see if he does it. Let's go! Three, two, one… See ya. Ah! [Jimmy] Oh! Oh! Wait, he's gotta make it back, though. - Hang on. - Now he's gotta hold on. - He did it! He did it! - Yes! Yo! $300,000. Let's see if he survives the next 5 death traps. Oh… you got it. We’re just getting started. Eric might be a little too excited about flying over a lake of fire. So let's see how excited he is about this next trap. Take off your blindfold. Behind you is your $300,000 you won in the last trap. What do you think trap #3 is? Throwing me off a cliff into some fire. Not that far off. [laughing] Oh, great. Reveal the trap! Oh, Ok. For trap #3, we are gonna be shooting you out of this giant human sized cannon. And if you land inside of that yellow ring, you proceed with your $300,000 you've already won. But, if you land in that ring of fire, I will add another $50,000 to your prize pool. I think it'll be awesome. I'm a stunt guy. We're used to this kind of craziness. But if you miss both rings, you go home with nothing. And you're probably wondering, how do you calibrate the cannon? How do you know if you're gonna go too far or too short, left or right, slam into the concrete over there? That is exactly what I am wondering as I look at this monstrosity. Bring in the stunt doubles! We'll be giving Eric 3 stunt doubles to use as dummies. One by one, he will fire them off to dial in the pitch, power, and direction of the cannon. If he doesn't hit the target after all three stunt doubles, his final shot will be up to complete chance, and he could lose everything. If I can map the right distancing into the 300k circle, and then make my way into the fire and increase this, I think that's my move. Did you ever think in a million years you'd be doing this right now? No, and now here we are doing it. This is your first of 3 stunt doubles. You can either get him one step closer to winning 350 grand, or one step further away. What do you think about the pitch angle? I'm gonna go up a little. So the higher he points it, the further you go, just so you know. Ok, well let's ride. - Maybe a little higher? - A little higher? Yeah, yeah. A little higher? Ok. Now for the last part of the equation picture like a rubber band. The more you stretch it out, when you let go, the further it flies. So the further he pulls your chair back, the further you're gonna go. You're a tough dude. I'm feeling like we should start you at 75%. Ok, so you want to do it right in the middle. Right in the middle. Yeah. Oh, boy. Oh, no. Does it feel real now that you're in it? - A lot real. Really real. - Oh, this is gonna be crazy. Three, two, one… Fire! [Jimmy] Oh. [Chandler] It’s good! [Nolan] Right in the middle! Ok. Bring in the second stunt double. [Eric] Blue team. [Jimmy] There he is. Orange landed in the middle of the yellow. He wants you to land in the middle of the fire. If I put you in the fire, know I love ya. But it's all in my best interest today. I'm gonna increase the power. Ok. Ok. And I'm going to bring this up just a little bit. Alright, how do you feel about that blue? [sighs] I think I'm gonna find out very quickly. Based on my math, Blue is gonna go a lot further. Have a good ride, dude. Let's do it. Pull the pin! Oh! Oh! No good. He missed. We are close. He landed in between the yellow circle and the ring of fire. Meaning if that was you, the video would be over, and you would have got nothing. Yeah. Come on in, Red. Ok, bro Eric, this is your last stunt double. You gotta nail it right now or you’re coin flipping it all. I'm gonna go up by 10, leave the angle. And we'll see what that gets us. Arm the cannon! - You better land in that fire! - You better get it dude! Three, two, one… Fire! Oh, wait. It's good, he did it! He barely made it in. I'm gonna increase the power by 5. And I think it's gonna get me into my sweet spot. But first, why are you trying so hard to land in the fire, and add an extra $50,000 to your prize pool? My dad's health has been up and down roller coaster from some cancer to health stuff. This is something that I can use to really invest into giving them a good retirement and helping with their health and continued growth. That's why you want to keep growing the prize pool, and you wanna land in the fire and you wanna keep taking all these risks so you can take care of your parents. It's a pretty special thing, so. I agree. I'd do the same for my mom, it's freaking awesome. Let's see if he lands in the fire. You have $300,000 riding on this shot. Well, I'm taking care of my parents. I gotta do everything I can to support 'em, so… We gotta go big. Three, two, one… Fire! 300 grand on the line. - [Jimmy] He did it! - [Nolan] He did it! Yes, yes! - Oh my gosh. - We gotta give it to him. He did it, he's moving on to the next trap with $350,000. Come on over! Let's go, Eric! $350,000! But, but… I need to bag you. Wait. What? Don't ask questions. He still has 4 death traps between him and his 350 grand. Let's go to the next one. Eric, welcome to death trap #4. Behind you is your $350,000… in a giant room full of fireworks. And above that room is a meteor. What do you think we're about to do? Blow up this money if I don't get something accomplished here in a fast amount of time. - Correct, basically. - Yeah. You will have exactly 5 minutes to throw this grappling hook, and drag as many bags of money as you can back up onto the bed of this truck. When that 5 minute timer hits zero, that meteor, which will be on fire, is gonna crash into this room full of fireworks with your money. And whatever's not on this truck when that timer hits zero will explode. Oh, Ok. I've never thrown a grappling hook. This is gonna be interesting. And before we start, we're gonna give you an opportunity to potentially win an extra $50,000. That is $400,000 in cash sitting in those bags. I came here with nothing, leaving with anything would be amazing. So if I get one bag on this truck, I will be stoked. I would feel really bad if you only got one bag. Well, I'm going for all of them. The amazing things I could do for my parents and taking care of them into their old age. Aw, I’m rooting for you! I knew it! And just so we're on the same page, I don't control that meteor, and those are real fireworks. When that timer hit zero, we literally need to be behind these blast shields or we could, like, die. I don't want to die here today, You know what? Same page. Come on, man. We're on the same page. $400,000 on the line. Yell, ""Light the meteor."" Uh, light the meteor? Yell it. LIGHT THE METEOR! Oh! Three, two, one… Start the timer! First throw. Alright, he got a bag! - He got a bag on his first throw! - We got one! We got first fish on the line, baby! Yeah, nah, these things are heavy. He's gotta pull it up-- [grunting] Come on. Step it up. Here we go. Oh, look at that meteor up there! That is crazy. Watch out! No, don't do that-- I might’ve messed him up. We got one, baby! Thirty seconds have gone by. You got this. Come on. Wow, that meteor is burning. Come on, don't worry about the meteor! The fire's dripping. It might light on fire before 5 minutes. Come on, we got one! Alright, #3! Guys, those are real fireworks. They're not a prop. And when that meteor falls, the explosion’s gonna be insane. I'm kinda scared. Come on, baby… Eric, let's go! In 3 minutes, I can-- Oh, he's missing! When the timer hits zero, this truck is moving 'cause if not, we can literally get hit with, like, a thousand fireworks. We got it! This will put him at $200,000. 200! Come on. Help me out, there. So, half the time's gone by, and he's got half the money. But now… - Come on! - He keeps missing. [grunts] Oh, it's stuck! - It's stuck! - Next hook. Wait. Alright, I had a feeling that would happen. You have 2 left! - Thank you. - Oh my gosh, you're wasting time! At this pace, he's not gonna get all the money. - Don't talk like that, Jimmy. - Go, go! Don’t talk like that. Oh my gosh! Oh, Eric! Oh no, Eric. I don't want it to happen like this-- I know! He is not getting the bags quick enough. He's gotta speed up. Ugh, I stepped on the line. His foot was on the line. Alright, he got one. Less than 2 minutes and those fireworks are gonna blow up. Make sure you're behind the glass wall, camera guy. Help me out, Jimmy. Come on. Alright. 90 seconds. - You lost another one? - Lost another one. Oh my gosh, there’s $150,000 still over there, and just over a minute left! Come on, man. Let's not leave this money behind. I’m gonna try and help you out. Let’s go! It bounced off the wood that’s laying on the bag! - Come on. - Oh, no! I missed it. - Come on, Jimmy. - Why is this so hard? We got this, buddy. In less than 30 seconds, we gotta get behind that blast shield! I'm not joking, that meteor’s falling-- We got one! Last one, I think. Hurry up! You gotta go! Come on! Alright, 14 seconds-- 13 seconds. We’re good. Oh, that meteor’s falling in 10 seconds! We gotta go, Jimmy! It burned the power cables! Oh, yeah. Hey, leave it behind! Go, go, go! Get in here. Close the door. Come on, let’s do this. Woo! - Holy cow! - Oh my God! Woo! It's safe to say that 100 grand is gone. But he still has more opportunities to win money. Let's go to the next trap. Let's go! In honor of the $100,000 that just exploded in a ball of fire, we thought we'd go somewhere special… Eric, welcome back to where it all started. This is the room at the start of the video where you lost $250,000. What are we doing back in this room, man? I hate this room. Light the room on fire! Come on, man! The room is now lit on fire, and if you do not get this money out before it burns, you will lose it. But I will cut you out if you tell me you like my brand-new Jack Link’s MrBeast beef stick. Let's go. I'm in. This is my brand new product with Jack Link’s. What do you think of it? It's actually really good, man. Try some more. - That fire’s getting kinda big. - I know. Let’s go, come on! This is our original flavor. That's actually really good, too. Ok, but be honest, are you saying our brand-new MrBeast Jack Link's beef sticks made with 100% real beef are good because you want me to cut you out? It’s actually really good-- I'm not sure I'm convinced. [unintelligible] It's great! I'll cut you free. Oh wait, actually, one more thing. What do you think of the packaging? It's awesome, dude. The coloring’s amazing. It's actually getting kinda hot in here. Alright, you're free. - Let’s get the money out of here! - Get the money. While y’all are doing that… We’re outta here, come on! - Hey! The beef stick! - Get the beef stick. You're gonna die. - Come on. - Ok. You just survived another death trap with $300,000 in cash. - Everyone, cheers. - Woo! Let's celebrate. You can try it. We have 4 flavors. Each beef stick has 5 grams of protein. You can buy it at these retailers. And guys, this trap was easier. But the next one, you're probably gonna lose a lot of money. Come on, man, wait a second. Talk to me here. I need more beef sticks. I hope Eric enjoyed all that protein, because he's going to need his strength for this next trap. Welcome to trap #6! What do you think of this, Eric? Aw, man. It’s always fire! Not only did we bring back fire, but we also brought the person that when I asked you before this challenge, you said you would trust your life with… you said you would trust your bank account with… every dollar to your name with… your best friend, Pat. Dude! What's up, brother? I hope you're ready for this, buddy. You and your best friend, Pat, will be doing this death trap together. I'll explain more once I teleport to the top. Alrighty, here we go, Pat. For death trap #6, Eric and his best friend are gonna be chained together. Bring it out, boys. There's always a catch. That's pretty short. It is… not ideal. Eric is going to be chained to his best friend. While chained, Eric and Pat will have to move together to scale this 50-foot tower and collect all 6 bags of money. And at the top of the tower, I have left an extra 50 grand that you can add to your prize pool. Whatever bags are not grabbed will be dropped and incinerated immediately. And one more thing: if either of you fall at any point, the video's over and you lose everything, Eric. Any last words for each other? I love you, bro. And I trust you, man. Let's get this. Another adventure. Man, let's have a good time, bro. Tareq, why aren’t we close like that? You wanna be chained up? No. That’s fair. Three, two, one… Go! Alright, they are off. Slow and easy, Eric. Slow and easy. Come on, Pat. Platform's moving. They got the first 50 grand. Aw, perfect, dude! [Pat] Ok, Eric, we got this. Slow and easy, Eric. Slow and easy. Alright they have 2 bags. Ok, once you’re on level with me, I'm gonna move across there. If just a single bag falls in the fire, it's gone. - Move in quick. Go to carry. - I’m level, go. Go. Oh, these guys are crushing it. Slow. Bring it over, nice and easy. - Oh, gosh. You're going too fast. - Hold on! - I still have the bag in my hand. - Let me get my footing. Slow it down just a little bit. Don't fall! If you fall, it's over! Alright. Ok. Alright. Can you come to me some? Come on, baby. Dang, they've already got 3 bags. It's moving quick. Coming. Nice and easy. It’s moving quick. Come on, baby. Ok. Coming across. Go ahead. Little bit more space. A little bit more. Got it? Gosh, these are not easy to get off that hook. - Moving. - Ok! Come on. Ok. We're doin’ good. Come on, baby. - Got it. Boom. - Keep it up. Give me some slack, buddy. Go for it, Eric. Let me know if you have space. Smooth and focused. This is his final bag. His extra 50 grand. Thing’s are getting wide up here. Alright, I see that. This is it. The last one. Alright. Nice and easy, Eric. Don't mess this up right now. [grunting] Don't fall. I'm not gonna fall! Get that on there.Yes! They have now secured the money, but they still have to climb up top. Oh, dude, he's going! Come on. Here we go. Last little one. [grunting] Oh my God, he made it! He made it! Woo! Yeah! You’re my bro, dude! Over the platform. We did it, dude. You're my man. The hardest trap of this entire video is all that stands between you and $350,000. Ok, take off the blindfold. Welcome to your final trap. Woo! Alright. One more elaborate than the last. This death trap is more like an obstacle course, where there are 5 different stages that you will have to complete in under a minute and 5 seconds. Why is it a minute and 5 seconds? That's because we had 4 stunt men attempt this course, and the average of their time was 1 minute and 5 seconds. The obstacle course will begin with you being shot out of the cannon again, and then jump through multiple rings of fire. After that, you will have to dodge swinging hammers, swim underneath fire, and lastly, run across this massive fire hallway, then jump and grab your money before it falls and burns. And this time, there's no way to get it back. Woo, here we go. No pressure, right? Alright, Eric, take a seat inside your cannon. It's time for the finale. Eric, this might be the most important moment of your life. Are you ready? Jimmy, I got a lot of hesitations on this one, man, but, all my time as a stuntman has prepared me for this moment. You will have a minute and 5 seconds to make it across this entire flaming obstacle course and grab your money before it burns. Do you have any questions? Anything you wanna know before I fire you out of a cannon and start that timer? What are the odds you give me a little more time, man? I got some doubts in here, buddy. What, you want more than a minute and 5 seconds? I mean, if you're willing to give it to me, I’d take it. Yeah. I can't do that. Any other questions? No. That was the only one, buddy. Whenever you're ready, let's do this. Alright, here we go. Three… Two… One… Fire him! And the timer is up! Ok. He has a minute and 2 seconds left and it’s literally dwindling down. If he doesn't swim faster, his money will burn. The timer’s paused. So, scattered throughout the course are these safe zones. He's on the first safe zone, when he gets on a safe zone, the timer pauses. So, you have 55 seconds left. How we doin’? Agh, gathering my breath. I got a mouth full of water, but I'm feelin’ good right now! I lost 10 seconds, but I think I can make up some time here Jimmy. Have you ever jumped through a ring of fire? I have not jumped through a ring of fire. I’ve been into a house on fire, this is a first man. Hey, first time for everything, you got this! Next up, you have 3 flaming rings. Seems pretty simple, right? Hey, it's a fierce symbol, but I put nothin’ past you, man. Nothin’ ever is as easy as it seems. The big thing is, the gaps behind the rings. If you fall and have to pull yourself up, that will eat up a lot of time. Nice clean jumps straight through. Here we go! Alright, it’s on! The timer has started again. First ring. Oh! He's goin’. He's good. - Oh, you fell! - Oh, he fell in the water? You're supposed to go through the ring not under it! That's what I was worried about! He's wasting time! Eric! Let's go! Get through the third ring! Get on the safe zone! On the safe zone! Pause! Alright. Aww! [grunts] 42 seconds remain! I lost a little time there! Stubbed my toe, that's alright! You have 3 stages left in the course. If you finish in the next 42 seconds, what will that money do for you? It's gonna change my life, man! I'm gonna be doin’ a lot for my parents. I’m mappin’ their health, I‘m mappin’ their retirement. They are my sole focus, and they're why I'm doing this, man. Oh my gosh, man, I really hope Eric wins. The course gets harder as he goes, so… let's see. You got this man! Thank you, boys! Lock in you got this, that’s why we're here. Whenever you're ready. Alright. He's off. Ok, so these platforms move. Don't fall! That's what makes it tricky, it looks easy, but the platforms are floating on water, not anchored down. - He got through! Next safe zone! - Woo! Ok! 34 seconds remain, but I'm not sure that it'll be enough. Oh, man. This next part eats up a lotta time. Obviously, you can't swim through the fire. That would kill you. So, for this next part of the course… you have to swim under the fire. I wish I was a stronger swimmer, and I wish I had my breath, but I'm gonna get this done, man. If you look to your right, you'll see a pair of goggles. You might want to throw those on because you're about to swim under flames. The amount of time Eric has left may seem like a lot, but the distance he has to swim is pretty far. And if he has to come up for air, it'll really set him back. 34 seconds remain! Between your $350,000 being in your bank account, or being in that furnace over there. That's on you, man. Here we go. Oh he's off! Please do not get out in the fire. He only has 30 seconds left! - Where is he? - I don't see him. Where is he? Oh, he's there! Get up, get up! Alright it doesn't stop till he’s up here! Come up! Come up! Grab the rope! Yes! Alright. Stop, stop! Alright. [Eric] Ooh ooh, ooh. 17 seconds remain! Woo! Ok. It's not a lot of time for the final course. There’s not a lotta time! But I got short legs, and they're made for sprinting, man. Here, catch your breath. He’s talking while he’s full of water. For this final challenge, we need you to put on this fireproof suit because you will literally be running through fire. This whole time, I've been dodging fire left and right and now I'm running head on into it? Oh, yeah. And it's gonna be all around me? Yeah. No, you will literally be running through fire. You escaped a room on fire… you were launched out of a cannon, you survived a massive fireball… And now you'll have to run through the hall of flames and grab your money to win it all. How is he supposed to run through that? - Good luck. - Do this man! This guy's a freak! Woo! This suit will fend off the fire for a bit. You might as well put it on. And finally, here's your gloves. See your $350,000? I see it, man. Once you leave the safe zone, you’ll have 17 seconds to literally run through what I call the hall of flames and grab your money. It's another house fire. The timer starts back up when he gets off the green pad. I gotta admit, this guy has been pretty fearless this entire time. But I can tell that right now, for the first time in this video, he was actually scared of losing his money. Not much time left. Will he make it? In three, two, one… See ya. He’s off! He left the safe zone! [Tareq] Oh, he did it! Holy crap! Oh, wait he’s on fire! Put him out! Hey! He's on fire! Eric has officially won $350,000! Another spectacular end to an amazing stunt, dude! Make sure you subscribe.",0.017424841617295492,0.2309508865674761,26,Video,21
8bMh8azh3CY,100 Pilots Fight For A Private Jet,20251206,@MrBeast,MrBeast,1725,False,146272121,1931243,73000,https://i.ytimg.com/vi_webp/8bMh8azh3CY/maxresdefault.webp,https://www.youtube.com/watch?v=8bMh8azh3CY,"No one could have predicted that outcome at the end lol

New Merch - https://mrbeast.store
Check out Viewstats! - https://www.viewstats.com/

SUBSCRIBE OR I TAKE YOUR DOG
╔═╦╗╔╦╗╔═╦═╦╦╦╦╗╔═╗
║╚╣║║║╚╣╚╣╔╣╔╣║╚╣═╣ 
╠╗║╚╝║║╠╗║╚╣║║║║║═╣
╚═╩══╩═╩═╩═╩╝╚╩═╩═╝

For any questions or inquiries regarding this video, please reach out to chucky@mrbeastbusiness.com

Music Provided by https://www.extrememusic.com
----------------------------------------------------------------
follow all of these or i will kick you
• Facebook - https://www.facebook.com/MrBeast/
• Twitter - https://twitter.com/MrBeast
•  Instagram - https://www.instagram.com/mrbeast
•  Im Hiring! - https://www.mrbeastjobs.com/
--------------------------------------------------------------------","I just bought this private jet, and whichever one of these 100 pilots wins this video, keeps it! For the first challenge, the pilots all split up into 3 teams. There’s no way I’m going home. To be the first team to pull their 40,000 lb plane across the finish line. Three… Two… One… Go! Go, go, go! Go, go, go, go, go! And whichever one of these three teams moves on, will also have to withstand the force of these massive jet engines and win an endurance challenge so intense… He passed out! Somebody call an ambulance! We shut down an entire city for 24 hours. But first, we need to see which one of these three teams crosses the finish line first. It’s neck and neck! Keep going! You’re almost there! He is single handedly brute forcing this! They’re pulling ahead! They’re going so fast! You don't win ‘til the plane crosses the finish line. Yo! We have our winner! You guys did it! That's our jet! I did it for my daughters. While two thirds of the pilots were just eliminated… one of these pilots is winning that private jet! These pilots are four challenges away from winning this $2.4 million private jet. Welcome to game #2, Jet Spinner! [cheering] Start the engine. This ain’t good! I don't like it. Here we go. The plane is getting started. Inject the fuel, baby. The private jet you're competing for is ramping up its thrusters to produce 60 mph winds. The jet will begin to rotate in a circle in an attempt to blow each of you off your platform. Oh, this is insane. I did not come this far to go home. I'm so scared right now. Good luck, everybody! Here it comes. Oh! We have our first elimination. One down. I want that jet! No way I'm gonna let this jet take me out. I might pee myself… Never in my life did I think being a pilot, I'd be worried about a jet blast. -No! -Two out! Bye, bye. Oh, man it’s coming. Alright, let’s see if he falls! 46! Hold on! He’s doing it! Hold on! You did it! You’re moving on! That's a great technique. Quickly the pilots saw what to do and what not to do by watching the others go before them. Ok, so the rule strategy is sideways. Not like this. The people that are staying on are like this. They're locked in! Even though the pilots were picking up on the strategy, some still weren’t strong enough to hold on. Another one! All I'm saying is if #40 goes down, I'm going down. We built the exact same. That wasn't nothing to me. I got it. It's actually really ironic, because what you're competing for is literally what's eliminating you. [Tareq] They are dropping one by one. Oh my God, another one. And even with perfect technique, this pilot who literally played in the NFL still couldn't stay on. The big muscle couldn’t do it! I was gonna say, he's a brick wall, but clearly not. And by the end of this challenge… You got it! No! Alright well, nevermind. That was really fast. The jet managed to eliminate a total of 15 pilots. Some of the hardest competitors that I was the most worried about just got a elim-- Congratulations to the 19 of you for moving on! [cheering] It's going to take more than this jet blasting me in the face to knock me off. I feel bad for some of the people here, but it's gotta get done. This is the beginning of something great. I was expecting to just kind of blow me a little bit and it just hit me in the chest, like I said. And I just, I couldn't catch up from there, so… Let's head over to the next game. And in this video, we took over the city of Riyadh, Saudi Arabia, where there are still three more challenges these pilots will have to compete in to win the multimillion dollar jet. For challenge three, we're going 10,000 ft in the air. Follow me, pilots. [cheering] I need you all to pick a captain. Samuel volunteered in the beginning. -I say we give it to Samuel! -I say Samuel! Samuel is gonna pick one of you to go 1V1 against. Andre! [cheering] Samuel, out of these 19 briefcases. Pick a number. Number 8! Ten of these briefcases say jump. Meaning, you skydive and move on to the next game. The rest are eliminations. Alright. Samuel is gonna look inside the briefcase, and Andre is going to decide steal or no steal. What's in the briefcase? Jump. You saying it’s jump? It’s a jump. Ok Andre, steal or no steal? You know what? I believe you. Jimmy, I'm taking the briefcase! If it says jump, you're moving on! Yeah! Let’s see it. Woo! [cheering] He's moving on to the top ten. [cheering] And a reminder, the next game is all the way on the ground, so you have to jump. Three, two, one… Oh my God! One down and only nine more jumps to the next game. At first, people were honest, which meant the people deciding whether to steal had all the power. It's a jump. Enjoy your skydive. He told the truth. [cheering] It’s eliminate, but listen, I really want to stay. I will not take it. Oh! Why are you guys telling the truth? And because he also refused to lie… I will not say anything. Commander gave away two jumps before being eliminated himself. Oh! [Jimmy] Why would you not lie? Pilot's got integrity. There are six eliminations and six jumps to the next game left. However, Brett came up with a strategy after watching one of our previous videos. Since the YouTubers video, I had this plan. This is what I would do in this situation. [Jimmy] Do you trust this man? I do. It's eliminate Promise? [Jimmy] You promise that in here is eliminate? I can put my trust in you, so I'm gonna let you have it. Oh! He got him! He got him! It turns out, in this game, lying pays off. And now that one person's lied, it's become hard for the pilots to trust one another. It says jump. No, I think you're lying to me. Imma let you keep it. If you read Andrew… No! It says jump! Sometimes it pays to tell the truth. Oh, yeah! Because there was only four jumps and six eliminates left, the pilots had to decide what is their integrity worth? I want to be the good person in aviation, and not tell lies, not rob people for their money. And I'm a person of integrity. I believe that. I would like for you to steal it. Alright, well… So, this is an eliminate? Yes. No steal. [Jimmy] Ok… Oh! Wait, that story worked! [cheerful laugh] That doesn't sound like good integrity. Woah! Colby, what are you saying there? I'm just saying. Let's go. I can't believe that someone claimed to have so much integrity, and it was all just a farce. And then he lied right through his teeth. There's only three jumps, but six eliminates left, and the odds only kept getting worse. It says jump. I'll take it. Oh, it says jump! I'm not gonna steal it. Wow. No steal. I got a jump! Oh! Oh my God. Bring him out a parachute, and to you gentlemen, I want to state the obvious. Only one of you is now moving on. Because out of the six remaining briefcases, only one jump remains. What is it? Imma let you pick. Alright, no steal. Aw… Eliminate. Four eliminates left now, but still only one jump. Alright. What'd you see? It’s jump. You're saying this is the last jump? It's the last one. Ok, can I trust you? I'm telling the truth, Jimmy. Steal or no steal? No steal. No steal. Alright. Holy crap. If Eddie's telling the truth, everyone else will be eliminated. We're gonna jump off a plane! He was telling the truth! He was telling you the truth. Now that all ten jumps have been taken, it's time to see why these contestants were jumping out of a cargo plane. And that's because this next challenge is taking place in one of the most unlikely locations you'd ever find a jet… in the middle of the biggest freeway of Riyadh, the biggest city of Saudi Arabia. So the entire city can watch in real time. Gentlemen, raise a hand. Put that hand on the jet. Last one of you to take your hand off this $2 million jet… keeps it. [cheering] The game has officially started. If you raise your hand, you're out. You wanna raise it? Nah. I’m good. How long you lasting? We’ll see. I'll be the last one. As long as it takes. Until I pass out. Until you pass out? This is gonna be, like, hours. Days. Could be. Before I decided to do this video, moving a jet through the city was logistically impossible. But we've spent months planning this route where the plane barely fits within the light poles on the street. Hey, driver! Be careful with my jet. The plane is so wide that we literally have to turn signs on the street so it can fit by. Alright, keep coming! I mean, look how little space we're working with here. This is crazy. And as we cleared a path for the plane, it seemed like we had the entire city's attention. Hello! How you guys doing? Hey, nice to meet you guys. How's it going? [Car driver] MrBeast, what are you doing? One of these guys is winning a jet! Look how many people are over there filming us. With thousands of people filming us, generating millions of views on TikTok, we officially took over the city of Riyadh. -I'm gonna win today! -I’m gonna win it! Save this video. What's it like having cars literally drive by on the road while you're doing this? This is crazy. It's like free entertainment. This is gonna last so long. Hey, guys. How you doing? This would go on all day and we could have driven through the entire city of Riyadh before anyone got out. So it was time to take the difficulty to the next level. I have an announcement, pilots. Come to the side of the plane. To make it harder, stop the truck! They need to come down the plane without taking their hand off and choose a spot because you guys are gonna be walking with the wing. I might be regretting not wearing shoes, but I got the dogs. [barks] Oh, here we go. Don't trip on each other. [Jimmy] Alright, how is that speed? I used to run marathons, man. So the walk isn't even a factor for me. Alright, this is a little too easy. Let's drive faster. I think we need to turn it up a few notches. We can take this to a sprint, Jimmy. Nothing's gonna happen to me. Let's go a little faster. On a scale of 1-10, how exhausted are you guys? They all just got so quiet 'cause they're trying to focus on breathing. They've been running for the last five minutes. It's definitely getting harder for ‘em 'cause I keep seeing hands getting adjusted. How's everyone feeling? [Bobby] Amazing. [Jimmy] It looks like the back row's struggling a little bit. Oh, my hand slipped. Graham got out. Oh, we got someone out. Hey, slow the plane. Majd! Slow the plane. I cannot believe that. What happened? My hand just slipped off. Anything you want to say to your boys? Yeah, keep after it. That was hard, so… Hey, y'all deserve it. [Bobby] I just feel bad for Graham, man. I don't want any of us to get out, but unfortunately that’s part of the game. I don't think I've ever run that much in a tie. That sweat gets ya, huh? Running in the Saudi heat definitely took its toll. So some of the pilots got, uh… creative. People always wonder, ""How do they change clothes? They definitely fake the video."" This is how. Notice how he's moving his fingers through the sleeve. There you go, I'll take it. Every time we don't show this, all the comments are like, ""Fake, fake, fake…"" The video's not fake. It’s real guys, it's real. Before we start going again, I have an offer. Here we go. Alright! Let’s hear it! Tareq, Majd! Bring it in. [Tareq] This is heavy boys. Oh my God. Mystery briefcases? Oh no, they're not a mystery. Inside these briefcases is $50,000… Oh my God-- to the next one of you to take your hand off the jet. I’m gone! See ya! Oh! He’s gone! Here's your $50,000! There we go, baby! You wasted no time, brother. I got a family, a career. These young guns, they got a lot ahead of 'em. They deserve it. I'm gonna give them a shot. Bye. Joseph! Bye, boys! I love ya! That's another one down. Let's keep moving this plane. Hey, MrBeast! Come on up. We're filming a video. Whaddup? Do you guys watch the channel? -Yeah! -Of course! Yeah? I want to show you my theme park that I just opened. We opened an entire theme park where you can compete in challenges inspired by our most popular videos, and have a chance at the largest prize wall of any theme park, if you have what it takes. Check out Beast Land. Riyadh, Saudi Arabia. Ok, have fun. Let's go back to filming, Ope! Let me not run into them. I'm gonna let you guys dictate the speed. If majority of you say faster… we'll speed this jawn up. Who wants it faster? Just one? Yeah, let's speed it up. That's 2V6. I need a majority. Come on, guys. Let's just get someone. Alright. And I'm down. I'm-- Speed it up. Ok, that's three. They're about to let go. That's why they're saying that. Yeah, that's exactly right. Just know the slower we are, the longer you're gonna be walking here. You're not gonna run? You gonna run? -I'm not running. -I'm good. Saud, I know you can take it. I don't mind, but I don't want to. We're not running. If we start running, someone gets out quickly. It's gonna save more energy for the people that are still in. That's what I'm saying. If you know you're not cracking, run, so somebody-- -There's somebody over there who’s leav-- -Sound like you boutta crack, bro. No, no. Why would I want to run if I'm gonna crack? Come on, guys. Let's run, guys. [Samuel] If we run it's better, it’s shorter. [Andrew] I gotta be honest with you. I don't think I have a whole lot more in me. Somebody over there is weak. It's cool, bro. [Andrew] Dude, I literally can't. Like, my hand is… Ugh. No, I'm gonna try it. I'm running! Hate to break it to y’all, but… Make it go faster. Ok, that's a majority. Speed it up! We're speeding up. Lock in, guys. Lock in. Ope! I slipped. What happened? My hand just slipped right off. -You just couldn't keep it up? -Yeah. With Andrew's elimination, seven pilots remain. But by this point, we had already driven through the entire city of Riyadh. So we loaded everyone onto the trailer to rest while keeping their hand on the jet as we traveled elsewhere to finish the challenge. Guys, does this look familiar? -Yeah. -Woo! Last time you were here, you were with 100 pilots pulling planes. You guys are very stubborn. Because you refuse to take your hand off this jet, I brought out a button. Each time you press it, a challenge will go into effect that will make things harder. And it will stay in effect until someone gets out. What do you guys think? Anyone can press it. It's that simple. Oh, you didn't even want to talk it through? Man, I wanted to press the button. I’m tryna get this done with [laughs]. Challenge #1 is you can no longer sit. What? And instead of a hand, you can only use a finger. God! This finger will give me the jet. It's gonna be this thumb just like this. Can hold this as much as I want. The thumb is just short and strong. It's pretty nice. [Jimmy] I need you to switch to one finger. Remove all other fingers and all other body parts from the plane. If any of you guys put your finger down and get out, it's nothing to be ashamed of. You can do it then, bro. Good job, man. You can do it. Good job. It's been 13, 14, 15 hours. The sun is coming up. All of us will be so proud of you. Just remove your finger. You have three daughters, man. I swear to God, I will remove your finger. I have to press that button, man. Why? You're making me angry. Trying to get everybody out. Alright, we are now going to put a red square that your finger has to sit in. If it touches the square, you'll be eliminated. This is boring, Jimmy. You’re bored-- Bro, I just put the squares down. This is fine. Oh, gosh. Dude, honestly? Sorry, boys. Keeping all the current rules, you'll also have to stand on one foot. This is the one that'll get some folks. Raise your leg! They're now standing on one foot. And if that foot touches the ground, they will be eliminated. But these might be some of the most stubborn contestants we've ever had. They're not giving up. Because this $2.4 million jet could change their lives. [sighs] These pilots are fighting for their ambitions… I gotta get that jet and start my charter business. They're fighting for their families… Oh my God. I did this for my daughters. And their lifelong dreams. Me and my wife, the only way for us to have kids is through IVF. This is gonna help that. How are you feeling? I'm feeling good. Your hand is shaking. My hand is shaking. How much longer do you have? I have, uh-- all it takes. -All it takes? -All it takes. Until I pass out. I don't know if Samuel realizes it, but he's so close to touching the ground. It looks like Brett's noticing, too. Wait, did his foot just touch the ground? Alright, contestants! It looks like we [fades out]. He passed out! You alright? I'm alright. I can sit up. [groans] You good? [Jimmy] Obviously someone's out. The rest of you, revert back to the original rules. Don't take your hand off, but you can rest. What happened you blacked-- -Did you pass out? -Literally just like white. Like just saw white and fell. Ugh, that sucks. I know, because you're a warrior, too. That's our jet! Oh! [Jimmy] Seems like you were gonna go the distance. I thought I was. I think I took Bobby out. I don't think he should be out because I fell on him. Yeah I mean, we'd have to review it. Here's the clip if you guys wanna see it. He clearly pulled your rope, which pulled your thumb off. So Bobby is still in, but literally right before he passed out… someone else's foot touched the ground, and one of you is also eliminated. Whose foot is this right here? -That's mine, yeah. -You are eliminated. And Brett, even though Samuel’s foot dropped first, your hand completely came off the jet, so your elimination is still valid. But hopefully this helps a little bit, going forward everyone who gets out will be getting $10,000! You guys have been on this plane way too long. -Woo! -Here you go. We're not gonna let you go home empty handed. I'll take it. Only five remain. One of which, gonna win this multimillion dollar jet. Now’s probably a good time to mention that I have a really fun twist when only three of you are left. But don't worry, I'll explain it when there's three. I'm so exhausted. It's been more than 22 hours awake. I want to sleep, but I can't. Brett pushed himself to literally passing out. I can't imagine that. That’s a different mind state. Yeah, if I'm gonna be ready for that challenge, I need to get some sleep. The goal is to let everybody sleep before you. Because sleep is a dangerous thing. You have no control if you're sleeping, you're unconscious, literally. What I'm doing is like using this as, like, a rest. Oh my God! [scoffs] It's bothering me, I cannot. It's not comfy at all. Imagine that I'm gonna lose 2.5 million because I'm-- I fall asleep. Like I said, sleeping is gonna be your worst nightmare. Ugh. [groans] I messed up. Between us, when you woke up, I think I saw the hand, you know… I'm gonna have to go watch some footage. Gotcha. Yo, Bobby. What’s up? I think I'm going home, boy. Huh? I think I might have picked up my hand. [sighs] How can you do this to me, man? That's the thing about exhaustion. You never mean for it to catch up to you. But oftentimes, you don't even know that it already has. Bobby, what's going on? Hey, sorry. -Bob? -[sighs] What happened? I don't even know. I don't-- I don't know. I-- I don't know. I don't know. I don't-- I don't know. Did you just raise your hand? I don't know. I don't know what I did. I don't… God. Lose focus for one second. That's what happened. Congratulations on making it to the top three! You will remember earlier, I said when we get to the final three, there would be a twist. We are going to start a one hour timer, and you will have that one hour… to figure out who is going to win this jet. And at the end of that one hour, if more than one of you has their hand on this plane… No one gets it. Woah! Be smart. Think about it. Keep in mind that you could pick a person or a game, but any of you could lie and just not take your hand off the jet. Ok. Gentlemen, start the timer! It's up to you to figure out who should become a multimillionaire! And who goes home with nothing. Who do you guys think deserves the jet most? -All of us. -All of us deserve this jet. [Tareq] First place! Oh! Yeah! Let's go! I'm gonna go! Woo! It wasn't easy. No one can say it's easy. I've got no quit in me. None. My hand is shaking. Your feet are shaking. How much longer do you have? Until I pass out. What we can do is make up a challenge, and whoever wins that challenge is the winner. How do you find a game that's fair -for all three of you? -For all three of us? Right. Lets do some jumps and somebody see who jumps the highest. Now you’re thinking about the thing that suits you. Excuse me? How does that suit me more than it suits any of you guys? Because you choose it without asking us. Yeah. I'm sure there's a game we can find that three of us will agree to play. For me, I don't think I'm gonna do anything physical. I'm so tired. Let's have a quiz. That's not physical. I would want maybe Jimmy to put three cases, one of them has the jet. So you're proposing I grab three boxes, one has a jet or a ticket in it, the other two are empty, and you guys randomly select? We're not getting anywhere if we're not talking about something that's skill based. We're not getting anywhere. For me, I prefer something based on luck. You're a grown man, and you want another grown man to gift you something? You're just looking for a handout. You could get the jet as well! I want to walk away knowing I earned this jet. Not that it was gifted to me by luck. I'm just not gonna be skilled, by the way. We're just wasting time, and time is just going away. We told you what we want. You're disagreeing with that? I'm not gonna play any game based on-- So that means you don't believe in yourself? -That's exactly what you… -Yes, yes, I don't mind. -Stop, stop. -You are not telling me what… They will not stop bickering. At this rate, I don't think anyone's winning this jet. I'm gonna tell you something. This guy, he was thinking about his family. He told me that he want to have kids. Aw. He was trying to do this for, like, five years. So if you win, you would sell the plane and use that so you can finally have kids? -A firm, ""Yes."" -Oh my gosh. Amazing. I did it for my daughters. I did it for my daughters! I gotta get that jet and start my charter business. That's my goal. Let's do it. Let's do it. Oh, wait, wait. We're making progress! Wait, what are we doing? Do you guys want me to go get three briefcases? I'm sorry. It's not gonna be based off luck. Oh my God. So you changed your mind? I wanna compete, bro! Half the time has now gone by. At the rate you're going, none of you is winning. Right here. No obligation, just some briefcases. Two might be empty. One might have a golden ticket in it. But it's up to you if you wanna use them. Maybe you guys separate for a few minutes and cool off and then get back together. You guys are not making any progress. What is-- Bro, it's like you're talking to a wall. What's happening? I don't think I'm being unreasonable at all. We've all been through the same thing. Let's compete. I'm sure, 100%, if we play any game and he lose, he will not remove his hand. I don't think he will take off his hand. If he lost? If he lost. [Jimmy] I mean, he did lie in the skydiving challenge. I want to be the good person in aviation and not tell lies. And I'm a person of integrity. I believe that. It says stay. No steal. Oh! [Saud] We came and we worked hard all the way to get to this point. And we're gonna lose. Let's do a quiz! He's coming up with quizzes. Hey, you see that plane flying over? That could be one of you in 15 minutes if you figure out how to work together. If you stop arguing and agree, one of you can win this jet! At the rate you're going, none of you is getting it. You all wasted this time. Alright. This is my briefcase. Saud? Grab your briefcase. This is mine. So, is this your briefcase? Grown men don't want to compete. They just want to be gifted the airplane. I don't believe in that. I got another thing. If you open the case and yours is empty, would you take off your hand? If you think this video we filmed in Riyadh was crazy, it's nothing compared to what's coming soon! Beast Games Season 2, strong versus smart. The challenges are bigger… Oh my God! The twists are crazier… And the stakes are unreal. We literally shot the final two episodes right here in Riyadh. And someone walked away with 5 or maybe 10 million dollars! You'll just have to watch and find out. Beast Games Season 2 is coming out January 7th on Prime Video. Would you take off your hand? Yes. Will you take off your hand? I will take. Do you wanna open your case? I want to try to find something else. This is my last resort. How do you feel as a grown man saying let… -It’s not your business! -Let me win! It's not your business. I can't even fathom that. I don't care. Gentlemen, I just want to bring this into frame. You have a little over ten minutes, and at the rate you're going none of you are winning this jet. What's wrong with them showing a list of airplanes, and we guess -which aiplanes they are? -Man. Give up man. This is coming down to the wire. [Jimmy] Seriously, no one's gonna win this jet! So you guys wouldn't think it's fair -to guess some airplanes? -Jabar, Jabar… Let's shake our hand. Come on. Take it or we lose it. Alright. I heard your story. If you got it, I wouldn't be upset at all. I'd be very happy. Time is ticking! There's really not much time left. One… Two… Three. He got it! The golden ticket! -He got it. -He actually got it. Let's go. Look… They obviously-- they don't have to take their hands off, though. It is up to them. All that stands between you and that jet is their decision. They've held on so long. Will they finally let go? You have seconds left! Make a decision now! We will. Yeah. Oh my gosh! They honored it! You just won this private jet! [crying] Sorry, man. You can take your hand off 'cause it's yours! It's yours now! [sobbing] Congrats on the brand new jet! We’re gonna give them each $20,000! You guys earned it. This is my brand new jet. Let's go! It is his jet! Hey, and if you guys aren’t subscribed, do it right now!",0.01370215312595351,0.22718159435879182,27,Video,22
Ah_uuTwGOYU,World's Strongest Man Vs Robot,20251122,@MrBeast,MrBeast,1103,False,124986981,2075545,67000,https://i.ytimg.com/vi_webp/Ah_uuTwGOYU/maxresdefault.webp,https://www.youtube.com/watch?v=Ah_uuTwGOYU,"You won't believe what happened in the final challenge

Unlock the power of fusion and get your own unique MrBeast Lab Hybrid here: https://www.moosetoys.com/brands/mrbeast-lab-hybrids MrBeastLabToyPartner

New Merch - https://mrbeast.store
Check out Viewstats! - https://www.viewstats.com/

SUBSCRIBE OR I TAKE YOUR DOG
╔═╦╗╔╦╗╔═╦═╦╦╦╦╗╔═╗
║╚╣║║║╚╣╚╣╔╣╔╣║╚╣═╣ 
╠╗║╚╝║║╠╗║╚╣║║║║║═╣
╚═╩══╩═╩═╩═╩╝╚╩═╩═╝

For any questions or inquiries regarding this video, please reach out to chucky@mrbeastbusiness.com
----------------------------------------------------------------
follow all of these or i will kick you
• Facebook - https://www.facebook.com/MrBeast/
• Twitter - https://twitter.com/MrBeast
•  Instagram - https://www.instagram.com/mrbeast
•  Im Hiring! - https://www.mrbeastjobs.com/
--------------------------------------------------------------------","Who would win in a race? The fastest man in the world or the fastest robot in the world? Go! We are testing the most advanced robots ever made against the most elite humans. Like the world's best driver against an AI robot who can push a race car past the laws of physics, or the best human athletes against robots who literally could replace them, and so much more. All to find out: Are the days of the human species numbered? The answer may surprise you. All starting with the strongest man in the world vs. this mech. That's massive. This robot is 50 times stronger than any human could ever dream of being, leaving us and the fate of humanity, all in the willpower of this one man. He is gonna be going head to head against this giant robot mech. Oh! That is terrifying. The challenge is simple. You’ll have to flip these 3 cars and pull that bus off those other cars before this mech does. If not, humanity is off to a bad start in this video. I have to win. And us humans need you to. 3, 2, 1… Go! [grunting] Oh my gosh! You already flipped the car! But here comes the mech! The mech flipped the first car! Thor is onto the second car. Come on! [grunting] Wait, oh my gosh! Come on! Oh, no! The robot's catching up. The second car's been flipped! For humanity! Bro what are you doing? Flip the car. [grunting] Oh! Oh, he's struggling. [grunting] Oh! He's flipped all the cars. Now, the hardest part. Does he get the bus first pull? Ah! [grunting] He’s slipping! For humanity! Oh, he's rocking it. Oh Thor, it’s catching up. The robot's about to flip its last car. Oh, he just flipped the third car! It’s a tied game! When the robot gets to those tires, it's game over. This mech’s probably gonna pull it down first try. So I wouldn't let humanity down here, Thor. We’re all countin’ on ya. The robot's not gonna struggle with this rope. It’s latching onto the tires. It's latched on. The robot’s about to win! Oh, no. This is probably your last pull, Thor. Give it everything you got. [grunting] Come on! [groans] [Jimmy] Oh! You did it! For humanity! On behalf of all the humans, here is a gold medal. Thank you. [Tareq] Let’s go! Humans one, robots zero. Meaning for now, humans are not obsolete. But we still have 6 more clashes to find out if robots will rise above us in the end. So let's head to this next showdown featuring the fastest pitching robot on the planet. You. Oh, yeah. That is creepy. I get that a lot. Neo is a humanoid robot who imitates the actions of its human controller, but not too far into the near future, this android will be capable of complete self operation. And this robot is going to be going against former Giants player Eric Sim! Let's do it. You don't have a chance, my man. Imma take you down. I'll believe it when I see it. Did he just do a mic drop on me just now? Would you believe me if I told you he can pitch a 150 miles an hour? 150?! That's fast. For context, the fastest Eric could have ever been pitched to by a human would only be the record holding 105 miles an hour. So in order to hit 150, Neo brought his very own cannon… [laughing] to launch the ball. Neo is gonna be manning this cannon, or I guess robotting this cannon. I don't know. This is throwing off everything I know as a human. Eric, if you can hit a home run off of 1 of the 10 pitches neo fires your way, then you'll give the humans a 2-0 lead. Let’s go baby, for humans. [Jimmy] Alright, let's do this. Humanity is counting on you, Eric. I'm ready. Do it for mankind. And to all you baseball players out there, you better hope Eric wins. Because if not, your hope of ever going pro could be brutalized by this machine. [Eric] Oh, my! Ooh! Was that the fastest pitch you've ever seen? Yes, by a long shot. What is that? Ha-ha-ha! Well, here come 9 more, so good luck! On you, Neo! [Tareq] Oh my God, here we go. I can't hit that. [Tareq] Dude, he's like mocking you. Alright, let it rip. Ooh! Why is it so fast? Seven more to go. [Tareq] Here it comes. Oh! That's gas. Yo, is Neo celebrating over there? Robots are gonna win. Yo, he hit a Fortnite emote on him. I don't like Neo, I hate him. You're trash. Stop doing the emote on me. Bro, I can feel the wind off of it. It's getting nastier every time. [Jimmy] Oh! He almost hit Neo. Eric, you hit the ball. But remember, you need a home run to win. I got this. Neo you're going down, Machine! Try and hit this, clown. Humans are not obsolete. Do it for mankind. [Jimmy] Eric, you have 4 pitches left. Do you think you got this? You gotta believe for humans. Believe! -Oh, there it is! -There it goes! Oh no. Get out! Get out! Get out! -Yeah! -[Jimmy] Let's go! I don't like humans. [Eric] Let's go! He did it! 150 miles an hour. Making this the first home run mankind has ever hit at a speed so high. Neo, can you crown the human with this $10,000 golden medal? No no no, you didn't win. This is the worst moment of my life. [laughing] Bro you literally made the robot rage quit but that's another point for humanity. Giving the humans a 2-0 lead. So let's see if the robots can kick their way back into this. Because we brought out Adam, who is one of the most insanely accurate football kickers in the entire world. Going up against the most powerful football kicking robot. I was going to see who can kick further, you or the robot, but… Kick it! Yeah. So instead, we're gonna do an accuracy challenge. And the rules couldn't be simpler. First one to kick the ball and hit the target wins. Adam, do it for humanity. [Jimmy] Alright, let's see it! For humanity. [Jimmy] You didn’t even make it in the field goal. Oh boy. We're not off to a good start here. That's awkward. It’s fine. We know this robot can kick far, but can it kick more accurately than a human? Oh. -[Tareq] That was so close! -[Karl] That was close. [Jimmy] Humanity lives to see another day. Any last words? None. Is that it? [Jimmy] Oh… Adam, have you ever thought about not missing? Everybody misses. [Jimmy] Oh! Whoa, whoa, whoa. Whenever you're ready, Adam. This might be your last chance. -You think? -I really do think it is. [Adam] Let's actually put it between the posts, huh? Yeah. [Jimmy] That's, uh… [Adam] Dude. Adam, you might be causing the downfall of the human race right now. It's not looking so hot for Adam, bruh. 3, 2, 1… Fire! [Jimmy] Oh! Wow. Oh, that's tough, man. Team Robots just scored a point. Any last words you want to say to that robot? No, it's not gonna say anything back. Well, this next robot can't talk either. But we did get one that can play basketball, because up next, we have 4 time NBA champion Manu Ginóbili going up against the most elite basketball robot in the world. Are you nervous? Very. Intimidating. Whoever gets 2 basketball shots first will win this challenge. Oh yeah. And the second hoop is covered in razor sharp nails. Alright. Let's do it. Ok. For humanity. Come on, my old friend. Help me out here. Let's see it. There you go. -That's it. Let's go. -Yes. Yes! Let's go. Let's see if the robot can make the shot, too. That big hand… Boo! is so intimidating. Boo! Here we go. [Tareq] There it is. Whoa… [Majd] That is nothing but net. This thing's a monster. While Manu defends humanity against the machines, I wanna tell you about our new Beast Lab's Hybrids. You can create literally millions of variations by mixing and matching. You should give up, man. You hear that? Alright, here we go. Got this. Oh! No! It felt so good. Manu just missed that shot. But make sure you don't miss picking up MrBeast Lab Hybrids. Every pack has different rarities, like this hyper chrome limited edition Panther. So go and try to collect them. [Manu] If he makes this one, he deserves the win man. [grunting] Miss it. Miss it! [Tareq] Oh my gosh. Oh. A miss! Let’s go! If you want to create your own MrBeast Lab Hybrid, go to any one of these retailers right here. Manu, for the love of God, hit this shot! You hear that? Alright. Here we go again. You got this. Oh, that's-- That looks good. Oh! [groaning] Give me one try. Here we go. If he makes the shot, you officially lose. -[Majd] Miss! -[Tareq] Oh, no. The robot just won. [groaning] The robots are officially tied with humans. I'm sorry, Manu. Good job, man. Now that this series is all tied up, let's see which species will drive their way back to a lead. This next challenge is personally my favorite. I got one of the fastest drivers on the planet, and he'll be going up against a car literally driven by a robot. But the robot isn't in the driver's seat. It's back here. This is the AI brain of the car, which in a race can react faster than any human alive, making it the fastest unmanned car on the planet. I've never seen anything like this before. Both George and the AI will be racing in the same model Mercedes. Let's do it. Here we go! The AI car is up first. 3, 2, 1… Go! [Tareq] Oh, it’s zoomin’! [Nolan] I can't believe nobody's in that thing! There you go. ‘Round the first turn-- Good. Second turn-- Good. [Jimmy] Whoa! Oh, that precision. I was not expecting this. So far, it's been a minute and one second. Look how fast it's hittin’ these turns. [George] I reckon, is it, 140 now? Anything around 2 minutes is like a really good lap time on this track. Will it get sub-two minutes? Here it comes. Boom! The AI car has finished its lap. What is it? 2:01! Two minutes and one second is the time to beat. This is your car. The same exact model as the AI drove. It looks fast. Let's get in. Remember, George, the fate of humanity could rest on this race. Alright, get ready for this, man. 3, 2, 1… Go! Who is better? Man versus robot! Let's go! Go! Go, George Russell! [Tareq] Around the corner flawlessly! [Jimmy] Holy crap! Oh! I was driftin’ there. [Jimmy] Oh, you can hear it roaring. Oh, we're going in deep. We’re almost in gravel. At this point, I was getting pretty scared. Oh my gosh, you're going 220km an hour. Let's show the AI who's boss! Humans aren't obsolete yet! Not under my watch. George Russell, you can do it! Oh, I hear a lot of screeching. Is that bad? That's not what we need. It is ok. You're currently 2 seconds behind where the AI car was at this point in the race. [Jimmy] This is crazy. [George] That was a bad corner. Ah, come on… Do it for humanity! You can recover. You got this. Ten seconds! Come on! [Tareq] You got this, George! [Jimmy] You’re catching up! Oh, you did it! -You did it! -Come on! Oh my gosh. Woo! -Oh 1:57! He beat it! -He beat the robot! Congratulations. You have beaten the AI. -Thank you. -You did it for humanity. Let's see if the humans win the next one. Because if we do, then the humans will win this series. But if the robots win, then everything comes down to our final race with Noah Lyles. So… For this challenge, we have Grant Horvath. Who is basically the golden boy for YouTube golf vs. Robo-T, the most precise golf robot in the world. You're going down, pretty-boy. I don't like that it talks. On this course are 5 targets increasing in distance. The first player to hit 3 targets wins a point for their team. You really think you can beat the most precise golfing robot in the world? I don't know. It's gonna be really tricky. There is no competition. We're gonna send Grant back to the frat house. [laughing] Oh, wow. Alright. Wow, it’s getting personal up in here. Alright, first shot, baby. Here we go, Chandler. [Chandler] Oh! Oh, yeah! Bro, you did it! [laughing] Let’s go! Who would’ve known? Let's go! Robot. Your turn. [Robo-T] Set it up, Majd. It's over. I build up the humans’ confidence just to tear it down. Watch this, Grant. [Majd] Aw, that looks like butter. [Grant] Oh, no! That right there is a point. Oh wow, dude. One to one. One point for the robot. It’s all over, pretty-boy. What's your new strategy? Well, we're going to the 150. I'm sticking with my lucky club. This is your chance. [Grant] My goodness. Yikes! Lock in. Alright? Let's go. Oh, no! Chandler! Chandler! [Robo-T] Ka-boom. We're down now. Alright, now we're going pretty far to one… 175 yards. -175 yards… -The wind’s pumping. Grant, have you considered hitting the target? You have to tie it up here. [Grant] No! Right. Well, I hope you packed your bags. This is the most nervous I've been so far. Oh my gosh. -[Grant] No! No! -[Chandler] Please, please. Oh! You hear that? That's it! Oh, Grant. Alright. Another win for Team Robot. G rant, anything to say? This one's going to sting for a while. It's all tied up, and we are heading to our final showdown. Meaning everything all comes down to this. Will us humans prove to the world that we are not replaceable? Or will robots turn the page of history and mark the fate of our future? Only one can win the battle. The new age question: Man or machine? Now, the moment you’ve all been waiting for! Noah Lyles, the fastest man in the world vs. not just 1, but 3 robots, each increasing in speed. They will run a simple 50 meter dash. If Noah somehow manages to win against all 3 robots, he will score the tie breaking point for humanity. But if even one beats him in a race, the robots get a point, and us humans are obsolete. Up first is the Unitree G1, a robot so athletic it can balance, flip, and even fight. Let's roll. Let's get it. Alright, you want me to hold your medals for you? -Thank you, sir. -Yeah. Let me… Might be a little heavier than you think. Be careful. Oh! Oh my God. Are these actual gold? [laughing] Alright, race #1. Let's see if Noah can win all 3. Ready! Set! Go! Go, robot! Run! Go! Run! [Tareq] Dude, that's not even close. I could beat this robot, and I'm slow as heck. But these next two robots Noah’s about to race are way faster. The robot's still running! [laughing] Bro! Go! Go! -[Jimmy] Ok. -[Tareq] Let's go! Better luck next time, humanity. Ha-ha-ha-ho-oh! But you lost. Better luck next time. Oh! Oh! It’s dancing on you. No, I ain't gon’ take this! Up next is a genuine racing competitor, the Unitree H1. It won multiple medals at the 2025 World Humanoid Robot Games, making it the fastest robot on two legs. What's it like looking over there and not seeing another sprinter? I mean, isn't that how all my races go? [laughing] Oh my gosh! Alright, race #2. It could all end here. H1, are you ready? Noah, are you ready? Let's go! Set! Go! Robot, go! H1! Go! Run! Oh my goodness! He's blowing the robot out of the water! Oh, it's not even close. He already beat you. I'm sorry, man. Good form, though. I had a feeling you would destroy H1. Uh, yeah. Which is why we brought some non-humanoid robots. Let's go to Phase 3. This is Black Panther. Modeled after the cheetah, it can reach speeds over 22 miles per hour. This is just the fastest robot, period What am I racing, dogs now? Are you ready to face the peak of robotic athleticism? Let's go! Humanity is resting in Noah Lyles' legs. [grunts] All the competitors and all their efforts… Yeah! All their successes… Oh! …and disappointments come down to this final race. For humanity! Let's go! Ready? Set… He’s off! Oh, the robot's fast! Go, Black Panther! Go! It's right behind you! Oh, oh, it's catchin’ up! Noah might lose. Whoa! Hey, lowkey, that robot was a little scary. Humanity wins! One day, robots will overtake us. But in 2025, humans still have an edge. Humanity is saved once again. Robots are not better than us. At least not yet…",0.017142145388726528,0.22378926645893837,28,Video,23
3RmOvxilbPM,100 People Vs World’s Biggest Trap!,20251108,@MrBeast,MrBeast,1842,False,116714700,1965757,84000,https://i.ytimg.com/vi_webp/3RmOvxilbPM/maxresdefault.webp,https://www.youtube.com/watch?v=3RmOvxilbPM,"The traps got crazier and crazier that i didnt really expect what happened by the end lol

See how we use Slack to plan every insane challenge AND be one of 10 people who could win $10,000: https://slack.com/mrbeast SlackPartner

Go try the brand new Feastables Caramel Chocolate bars right now at Walmart, Target, or Albertsons stores nationwide! I can't wait for you to try them 👉 https://fstbls.com/5mj6dv FeastablesPartner

New Merch - https://mrbeast.store
Check out Viewstats! - https://www.viewstats.com/

SUBSCRIBE OR I TAKE YOUR DOG
╔═╦╗╔╦╗╔═╦═╦╦╦╦╗╔═╗
║╚╣║║║╚╣╚╣╔╣╔╣║╚╣═╣ 
╠╗║╚╝║║╠╗║╚╣║║║║║═╣
╚═╩══╩═╩═╩═╩╝╚╩═╩═╝

For any questions or inquiries regarding this video, please reach out to chucky@mrbeastbusiness.com

Music Provided by https://www.extrememusic.com
----------------------------------------------------------------
follow all of these or i will kick you
• Facebook - https://www.facebook.com/MrBeast/
• Twitter - https://twitter.com/MrBeast
•  Instagram - https://www.instagram.com/mrbeast
•  Im Hiring! - https://www.mrbeastjobs.com/
--------------------------------------------------------------------","Take off your blindfold. I trapped these 100 people inside the world's biggest traps. Lower the ceiling. Whoa! And this is just the first of 5 massive traps, like this giant paintball warzone or this diabolical spinning machine, all designed to push these contestants to their absolute limit. Last one standing wins this one of a kind trophy. Nolan! Don’t let the trophy get squished! Look, obviously these aren't real spikes, but to escape this first trap, you better act like they are. Because if you don't unhook yourself and exit the room before the ceiling collapses, you will be eliminated from the competition. Get out, the spikes are coming in! Let's see who gets out first. Get through, get through! Go, go! Come on, come on. Hurry! You’re running out of time. [panting] The game is over. 49 of you have been eliminated, and 51 of you are moving on. [cheering] Four traps remain and you're not gonna believe this next one. Oh, my goodness. This is actually wild. Hey, that's crazy! That's crazy. Welcome to trap #2! [cheering] You are now trapped inside of a paintball arena. The first 20 of you to survive this warzone, cross the finish line, and stand on a tile are moving on to the next trap. [cheering] You seem excited. You're not scared of all these guards with paintball guns? No! I would be. Because if you get shot just one time, you're instantly eliminated. They ain't got enough paint balls up there for me, man. Yep, and imma run right behind him. Normally, I'm shooting back at him, and since we don't have guns, I don't like that too much. And one more thing. When the green light turns on, they're gonna stop shooting. Oh, ok. That's not bad. So if I were you, I'd keep that in mind. Good luck to all of you. First one across. Right here. Come on. Dippin’ and dodging, bro. Number four. Remember, remember, remember! Contestants, are you ready? [cheering] Ok! Three, two, one… Go, go, go! They are going crazy. Alright, they're off! Oh my gosh! Oh, we got a hit. There's another one. They're still shooting. There's so many paintballs! There's nowhere to go. They are getting shot right now. I think I can make it. Kneel down. Tango down. Oh, wait. I can use this door as a shield. Oh! Oh, he's using the door! He got pelted. Oh, look! That guy is safe behind the van over there. We should do that. When the lights turn green, let's go for the finish. Talk about relentless. I’m moving when it’s green. Stop shooting! Oh my God. It's green! Go, go, go, go! Go to the finish line. We can make it. There's two people trying to finish. He made it! Oh, no! Oh! The second guy got eliminated. There's 19 spots left, and now that one person has made it, the rest are getting the courage to go. Oh, there's so many people over here. Oh, he got shot. Oh my gosh! No one is safe. Somebody's getting a kill streak up there. What's the plan, everybody? Run when green. Oh, there's a blanket. Oh! -Go, go, go! -Let's go! Oh! That's genius. They're using the blanket as cover. Go, go, go! Go! They’re distracting the shooters. Let's make a run for it. Go, go, go, go! Oh, they’re about to make it. Oh, no! He got hit. Whew. You're good. There’s so many people finishing. Oh, no. You got shot, bro. You're safe. You're good! Ten people have already made it through, so there's only ten spots left. Anyone who's been waiting needs to go right now. Hold your fire! Go, go, go. Go! Light ‘em up! Oh, they're getting shot at. 13 people remain, but there's only 5 spots left. Majority of them are hiding behind the van. They are pinned down. There's 5 spots left. They're so close. Don't shoot! Go, go, go! They're running through. They're all coming! This is your last chance. Give it everything you've got. Yes! Four spots left now! One. Two. Three! Who's gonna be the last one? I think I got it. Safe! He’s safe! Let’s go, baby! We’re taking it home. Let's go. Congratulations. You all made the top 20. [cheering] You guys made it! Good stuff! That's what I like to hear. Here's the thing. Look at what color you're standing on. Oh, the color. That tile you chose is very important. I’ll explain in a minute. Let's head to trap #3. Let’s go! I'm nervous again. Everyone, take off your blindfold. What in the actual world? Oh my God. Welcome to trap #3. Twenty of you remain, but just one of you will win this trophy made of $100,000 of real gold. So we have a void here and some ropes. What do you think you're about to do? -Cross! -Merge across. I will reveal what the third trap is after each team picks a captain and the other four of you handcuff yourselves to the podium behind you. Steven, bro. I'm with you. If you feel confident, bro, I trust you 100%. -So who's the captain? -Steven, right here. Pink panthers for life, baby. Pink panthers for life. He's tough enough. He's strong enough. He's loyal enough. He's not betraying us. Firefighters instinct. I definitely have faith in you being the captain. I’m fine with you being captain. You can be captain. Hey, I believe in you, bro. Imma do everything I can. I'm the captain due to, well we said height, but performance under pressure. Blue on three. One. Two. Three. Blue! Whenever you're ready, handcuff yourselves. There's no turning back now. The game is very simple. If you can get to this center platform and handcuff yourself to one of these 12 spots, you are guaranteed to move on. But in order to reach the center platform, each captain will attempt to build a bridge. If you can make it across without falling, you can lock yourself in. Or you can grab one of these 12 keys, cross back over the bridge, and unlock one of your teammates. Once 12 people are handcuffed in the middle… the game's over. Everyone else is eliminated. My biggest worry here is not being able to get all of my team across. There's such a solid group of people left. We made it this far. -Yeah, there’s a chance we gonna make it. -For real. I fully trust you brother, genuinely. I got my trust in Señor Ruffin. You have everyone on your team's lives in your hands, captains. You decide who on your team goes and who on your team stays. Let’s go! Three, two, one… Go! -Make the bridge! -Slide. Each team only has five pieces. If they drop one, it's gone forever. Easy, easy, easy. You’re doing good. Green Team really wants it. Oh, Orange has not even gotten a single one down yet. It’s ok, he's got it. Yo! That's smart. He's turning it sideways and pushing it. -Ok. That’s smart. -Yeah, like that. Alright, you got them all down, but what's the plan? 'Bout to get right across. It's a really long bridge and not many boards. Don't forget, if you fall, your entire team's screwed. [echoing] Oh! You got it. You're the furthest along, let's go. You got it, Tomer! That's it! Green's almost the first one here. Oh my gosh. Now the question is, will he handcuff himself and secure his spot? Or will he grab one of these 12 keys and try to go back to unlock a teammate? Oh! Alright the first one. Go, go, go! [cheering] And who on his team is he going to save first? There's 20 people here, but only 12 handcuffs in the middle. You gotta speed it up, orange. Everybody else is already climbing across. Take your time. Play it safe. She needs to come back and grab this one. You’re doing so good, Steve. You’re doing fantastic. -There you go, buddy. -Take your time. Take your time. If you fall, you're done. Alright, pink! Let's go. You’re doing so good, Steve. Green is about to unlock their first teammate. Quick! Unlock him quick! I’m going with you now? No, no. The Green captain is trying to unlock his entire team before any of them start crossing the bridge. That way, he can grab more keys faster without anyone getting in the way. Put your balance to the test right here. You’re already lagging a little bit behind. Oh! Green is all the way back, and orange isn't even here yet. He's already on his second key, you're on your first! Every captain has now grabbed a key. But remember, there's only 12 keys and there are 20 of you. You can do the math. Be calm, ok? Keep your heartrate low. Austin is first on Pink Team to be unlocked. Here we go. You're making good strides. You're getting it right. Wait. This is gonna create a roadblock. The captain can't go 'cause he's in the way. Come on. Come on. This is exactly what Tomer’s strategy is avoiding. You're doing good. You got it, baby, you doin’ it. Tomer’s insane. Careful, careful. Pink is the first to get a teammate across. Let's go. Oh, wait. Oh! He screwed you guys. Pink Team is in a predicament. Guys, I did not mean to push you back. Pink has claimed the first of 12 spots, but Green Team's strategy of keeping their bridge clear is allowing their captain to grab more keys than anyone else. Oh, he's on it. Oh my God. Look at this athleticism. That is impressive. One more, Toner, we got it. You got it! He's done three before you got two. There you go. You get out. Alright, let's go. Look what they're doing. Look at that idea. They're all waiting, and look how fast he's going. Should I go or should I wait? Just let Steve cook, I feel like. Oh! Blue’s made it back to the middle and her teammate is right behind her. Go, go, go. Go! Blue Team just secured their first spot. Green is crushing. You need to dig deep for your team. There's no more keys! There's literally-- there's a key. Are you sure you want to keep doing the boards like this? Look at the Orange Team's bridge. I don't know if the captain can even use it anymore. The boards are far. What?! The boards are far, guys. This doesn't look like a guy who plans on coming back. I don't know if we got this anymore. Come on! Go, Joseph. Go! I will lift you up. Nine spots left! Wait. Green has unlocked their whole team. I told you, Abby, let's go. The entire Green Team is heading for the center. Spots are gonna fill up quick! Green Team! Come on! Good. Come on. We gotta go. Do not fall! Be careful. Do not fall! This is way more wobbly. You gotta go. Grab my hand. Come on, come on. [screams] Oh! Come on y'all. Hurry! There’s not much spots left. What do you want me do? The handcuffs are dwindling. Nothing, you're just gonna have to go! I don't wanna leave you guys. Jump it, jump it! Jump, jump! Ashley! Just run! I can't make that! Jump it! Jump it! I can't! I don't care. Jump it anyway. Jump! Take a run and jump! No! Yes! Oh she fell! Am I too far? [screams] -We got you. -Yes you do. Yes we do. Thank you, guys. Are you gonna get your last teammate? Yo, I told you! Big boy pants! Oh my gosh! He got all of Green Team. Blue and Pink both got three. And none of Orange Team but the captain made it over. Two completely different outcomes. -That's not good, bro. -It's not. I gotta redeem for my team, and I got to take out the Green Team's captain. Now he's a liable threat. Tomer. You are the best. I love y'all. You are the best. Bro, you got your entire team! Woo! I don't lie! I do not lie! Welcome to trap #4. What is this? Woah! For this trap instead of explaining what it is, I thought we'd show you. Turn it on! In this challenge, each round three of you will have to duck under and jump over the arms of this giant spinning trap. If you fall off… you're eliminated. The last person standing moves on to the final trap. Woo! Insane! We got this. So, Lallo, can you come on up here? He's not medically able to do this so we're gonna give him $5,000 and have to have him step out of the challenge. Thank you. Good luck everyone. I believe in all you guys. Bye! Once again, I will need you all to pick a captain. Don't look at me. [laughing] It didn't really go well for Orange last time. Boards are far, guys. Yo, Pink Team is across. I can't go any further with it. Tomer led the Green Team, Tomer got us through. Green for Go! I personally would try my best to set it up so it was a fair competition. I like that. If you want Tomer to be captain, raise your hand. Alright. Tomer got a majority of the votes. Since they picked you, I need you to go on that platform. Let's go. Uh, can I go there now? There you go! What in the world! I need you to decide what game you're gonna playing. Do you wanna play a game of endurance? Do you wanna play a game of skill? Or lastly, a game of strength? After you choose a game, you will then choose two people to go up against. Last standing moves on. Your decision could decide whether or not you win that $100,000 trophy. Strength, skill, or endurance? Strength. You chose strength, which means for this challenge, you'll have to wear this weighted vest. I have two weighted vests, who am I giving ‘em to? I'm picking these two people because I want a challenge. And if I can beat them, they won't be in my next challenge. Byan. Steven. Woah! This trap will last four rounds, which means that only four of you will be moving on to the final trap. These are the official competitors for round one. These guys are a lot younger than me, and I'm pretty darn sure-- In fact, I know I'm gonna win this. He should not have chosen me if he wanted to win. That's what inexperience sounds like. Woah! Ok. Three, two, one… Spin! Oh, he almost got out on the first one! Ok. They're off. So far, no one is out. We are going until only one remains! This is gonna get us one step closer to the final four! You got it Tomer! You got it! It's harder than it looks, you gotta keep your balance! There's no room for error here. Go on, you got it. Breathe. Steven’s getting tired! No! Oh, oh my God. Get up, get up! Oh, oh. Oh! We had our first elimination, oh my goodness. -You got it, Tomer! -Come on! You got it! Tomer’s corner lock in! Tomer, are you tired? Yes! How bad do you want the top four?! Oh, that was so close! Oh, it's speeding up now! That weighted vest is making things incredibly difficult. Byan is getting tired. Oh! Tomer, you are the winner! [cheering] Congrats! You made it to the final four! I'm glad we made him. He deserved it. Before we get you off that platform, I need you to pick the next captain. Oooh. It's up to you. Tomer. We got you! Yes we do! I am choosing Baylee. Woo! Alright, she’s the next captain! Which do you wanna play? Endurance, strength, or skill? Skill. You will each be given a bowl of 75 ping pong balls. And you will have to survive the spinning trap while holding your bowl. Whoever has the most balls after 2 minutes or whoever is the last one standing, wins. Who you going against? Uh, T. Ruffin. Mhm. She just chose her friends enemy. I gotta take out the Green Team's captain. And… Julian. And her former teammate. This is gonna be a crazy matchup. Hey! Start the round! Oh, oh, oh! Oh my God! There goes T. Ruffin! Off the rip! What? Woah. Oh! Get up! Oh! Oh! Go Baylee! Oh! She won! You're in the top four. Congrats. Wooo! [cheering] Baylee, you've taken down the Orange captain and your Green teammate. Seven players remain. Who do you choose as the next captain? Austin. Skill, strength, or endurance? I choose strength. Who are you going against? Joseph and Matt, come on. Why’d you not pick these two? Just curious. When everybody else was over here competing, off the rip, we said this is what we wanna do… There’s gonna be two women in the finale now. And I'm gonna stay true to my word. Gentlemen, are you ready? Ready! No. Start spinning. Let’s go Austin! Oh, oh, oh, ok! He lasted like five seconds, ok. Do either of you use Slack? Yeah! That's awesome. Because we used slack to brainstorm and shoot all of the crazy traps in this video, like this giant spinning machine. Aw, this is crazy! Most of our crazy ideas like these are actually planned and organized on a Slack canvas before we ever hit record. I can do this all day! For years, we planned all of our videos on Slack. How about Beast Games, the largest competition show in history, that was also planned on Slack. Everything we’ve produced, we used Slack to make it happen. Whatever your workplace needs are, whether it’s scheduling a meeting, organizing your workflow, or really anything you do to run a business, Slack is perfect for it. Keep it going! And to make things even more exciting, we're giving away $100,000 by giving ten random people $10,000 each. So, go see how we use Slack to help make this video and enter for a chance to win $10,000! Visit Slack.com/MrBeast or scan the QR code. Let's go! Come on, you got it! Matt got it! He’s falling apart! Oh! Hey! Ok, wow! Congratulations, you’re moving on! [cheering] Are you two ready?! Yeah. I still need you to pick a captain. I was on blue team with Kinsley, she was my team captain. She unlocked me and got me across that bridge. Kinsley! Alright, Kinsley’s captain. Head on over! Kinsley versus Abby. What's the game, Kinsley? To me, it's an easy choice. We're gonna do endurance. Fire it up! Ok. We're off. Wow, they are locked in! They're not saying anything! Ok, Abby’s starting to get a rhythm. Who is gonna take the fourth slot in the final game?! Oh! she's about to fall! This could be it, Kinsley! It's so close! Oh, get up, get up! [heavy breathing] Ah! You won! Welcome to the final four! Yes! Let's head to the final trap! Take off your blindfolds! Oh my God. What in the world? Welcome to the final trap. One of you is gonna win this trophy worth $100,000 in front of hundreds of millions of people. I don't even know what to think, bro. The final trap is very simple. Each of you have three glass hearts in front of you. You will one at a time come down here and shoot this cannon at whoever's glass heart you want. No. Bro, that is so dirty. Once all three of your glass hearts are broken, you are eliminated. Last one remaining, wins this $100,000 golden trophy. Either you eliminate other people, or you get eliminated. It's you or them. That's horrible. We all really like each other. I love you guys. -Love you brother. -I love y'all. Tomer was the first winner. And therefore, he will be the first person to fire this cannon at someone's heart. This kills my plan. All I wanted to do was just have fun, and now I have to hurt people. What do you think your strategy is here? I totally think we just need to slaughter each other. Woah! Mr. Nice Guy is gonna slaughter them! I-i-it’s-- In his words, ""slaughter."" If he goes for one of your hearts, Kinsley, are you gonna target him back? You can count on it, and I've got some really good aim! How do you know that? I hunt, and that looks kinda like a rifle. Oh my gosh. Fire up the cannon! Slide it down. What? Alright, so everyone look over here. You’ll see the cannon in action. Ok, wait. He's sliding it all the way to the right. Kinsley, how does this make you feel? Nope, that way. That way. I gotta take Kinsley out. She's a hunter. Why would I keep her in? She's a threat. She's my threat. Ok, Tomer, listen to me. I'm really not that good of a shot. That's not a rifle. Let's be honest, I'm probably gonna miss, and I helped vote to get you in that first position. I helped make you captain in the first time. You don't wanna do this! Oh! No way! Woo! Oh my gosh! [groans] One shot fired and one heart smashed. You had to do what you had to do. Baylee, come on down. I'm feeling fear right now. I'm at the bottom of the barrel. Not just 'cause I'm last in the lineup, but because I've already got 1 heart down. Here is your cannon. You can slide it over here towards Tomer. [laughs] Slide it over there towards Joseph or Kinsley. Alright Tomer, why am I not going for you? I love you! You got a point. Joseph? Honestly, I'm kinda hurt. Why’d you call me out? I did 'cause you wouldn't commit to the plan. Her plan was to all gang up on you. Are you sure? It was. It's a game. Don't-- You were thinking it. How does that make you feel? All I can say is my word is my bond as the man, as I am. Without hesitation, she is moving it to the right. Ok. Kind of in line with Joseph. Ok. Now she's aiming at Tomer. Come on, Baylee. You don't need to do this! Oh, back at Joseph. Oh, and she missed! She went for Joseph and missed. Oh my God! All bark and no bite. I aimed below Joseph's bottom heart. I was aiming at the ground. Between us, you just missed. You were trying to get him out, right? Oh, yeah. Ok, just making sure. Yeah. Alright, things are now getting interesting! It's time for the wild card. The man that no one seems to be able to read. Joseph… Any final words? That was really evil sounding. Oh my gosh. I didn't shoot you! Or did you just miss? Is Joseph about to retaliate? Oh! Oh my Gosh! I told y'all. Joseph fired back at Baylee! He didn't like that I called him out. And Tomer is the biggest threat. But now he's not. I don't like the fact that I'm gonna have to shoot Joseph. That feels like a betrayal. Kinsley, you got it. Take him out. We'll start right down here. Oh, she already pushin’. I cannot wait to hear what she has to say. Joseph, I'm gonna be honest. This one hurts. I gotta start making more strategic decisions. And this one's gonna be to go for you. I'm sorry, Joseph. Oh, she's aiming it. Oh! Bro! She got one of Joseph's hearts. Somehow, everyone but Tomer has lost a life. Honestly, strategically, not the best decision. Tomer is going to just, like, destroy us all. Let's run round two. You gotta understand, man. I have to make sure that I look out for me, myself, and I. Oh! Baylee, come on down. Hi, Joseph. Thanks for shooting me earlier. I have a feeling you'll repay the favor. Tomer is the biggest target. When I'm out, there's no one to stop him. He's the only one that still has all three hearts. Well she already shot. And wasted it. Again. She did hit Joseph's heart, but it was already out of play. They tried getting Joseph out. And now he’s got a chance. Wait, who are you aiming for? Wait, this looks like it's aimed at Tomer. I don't know if you can make it. He hit it. He hit it. [screams] Oh my God! Everyone has lost a heart now. And Kinsley is aiming at Joseph's last heart. Alright, I have a good feeling about this. Ok, here we go. Oh, watch out! Watch out! Ricochet. You almost killed our camera guy. The goal was to hit the hearts not my camera person. Will it be Tomer to hit Joseph's last heart and get us to the final three? Anything you want to say, Joseph? Just do it. Oh! Joseph, you have been eliminated. It's been fun. No no no, that’s not how you leave. There, just stand in the middle of your cage. Drop him! Ahah! Anyways, Baylee you’re up. Baylee, this might be the most important shot of your life. Wait, hey. Before you fire-- Do all of you guys wanna try our brand new Feastables Caramel Chocolate Bar? Please! Majd, give them some. Let’s go. I got you one here. For years, you guys have been requesting endlessly that we launch a caramel bar. Well, your requests have finally been answered. These brand new caramel bars are available at Walmart, Target, and Albertsons. Holy cow. Ooh. That is really good. I put out a survey of what flavor we should launch, and over 250,000 people said caramel. -Oh my God. -And they were right. Caramel bar's out now. Go give it a try. Anyways… Game time. Baylee, don't do it. Listen, Baylee. You go for me, I get out, Tomer takes you down in a heartbeat. Wouldn’t you rather go against me? I mean, I got you where you're standing right now. I literally pulled you out of a void. -We got you! -Yes you do. Baylee, Baylee, Baylee! C’mon, C’mon. Think it through. I'll dye my hair red. Baylee! Oh, she missed! She missed! This is gonna be so embarrassing when it comes out. I don't know how she just did that. Yeah, that was… that was interesting. The cannon is in front of her. I'm just gonna count on Baylee being a bad shot. That's all I got. $100,000 on the line. -No pressure, huh? -Every shot matters. I'm shaking, a little bit. Oh! Tomer, you're up. Wait, you’re not even gonna look? I don't think I want to see this. You’re good. They got tied. Kinsley you’re not even gonna look. Oh, he hit it! He hit it! Oh my gosh! Good shot. Bro, he is crushin’. $100,000 'cause I'm a bad shot. There were 100 contestants at the start of this video. You made it to the top three, and she could potentially wipe you out of the game right now. Baylee, the choice is yours. But I just gotta say, I feel like going against Tomer one on one isn't gonna be good. God, this is hard. You got to do what you gotta do at this point. Yes! Yes! Yes! Baylee, if you shoot at her, I’ll dye my whole beard as red as your shirt. Make sure you're making the option you really wanna make. I think she's here for 100 grand not to dye your beard. Well, my girlfriend's gonna dye my beard. Come on, man. Woo! Let’s go! Do your worst. Come on. Come on. Oh my God! You hit Tomer’s second heart! Oh, he’s shaking his head. He looks pissed. Oh. I mean, we're in the finals. I have to do what's best for me. Oh! Did he miss? He missed! Baylee, all you gotta do is shoot at Tomer and I shoot at Tomer. Alright? Oh, really? Baylee, come on now. Baylee! [screaming] That was your first hit! Tomer, I’m so sorry! Tomer I'm sorry, man. I'm gonna be honest. You've been a gem this whole time. Absolute gem. It was a pleasure meeting you and getting to know you. Tomer, I’m sorry. I’m sorry. You know it’s all love. Any last words Tomer? Live long and prosper. Drop him! Ahh! Oh, he’s… Ah, he’s still falling. Baylee with two hearts and Kinsley with one heart are all that remains. And it's Kinsley's turn to shoot. All love, Baylee. All love. I understand it's a game. Oh, direct hit! It’s a tied game. Oh. Let's go. How does your heart feel? Uh, it's racing. One heart left. I mean, this is a absolute nail biter. I really, really more than anything just want a chance here. Is this where it ends? All love Baylee, but if you miss this, I'm taking you out. This is your last shot. This could decide if Baylee wins this $100,000 golden trophy. Good luck, Kinsley. Can’t even look at you now. My god. She did it! She did it! She did it. She did it. Why am I holding this? This is yours. Congratulations! Oh my God! Momma and Daddy! I shot something. Any last words before we drop you? I'm proud of you, Baylee. You earned that. You deserve that. Drop her. -Oh my God I just won! -You won! Guys, subscribe if you haven't already. I'll see you later. -Don't pass out. Ok. -I'm not. I swear. I'm good.",0.017562115140594973,0.21753555173123895,29,Video,24
9WEQts7b8Pw,"Ages 1 - 100 Race For $250,000!",20260207,@MrBeast,MrBeast,1411,False,109793745,1668306,84000,https://i.ytimg.com/vi_webp/9WEQts7b8Pw/maxresdefault.webp,https://www.youtube.com/watch?v=9WEQts7b8Pw,"Watching 100 people from every age compete was absolute chaos lol

This Sunday you could win $1,000,000 worth of prizes on Whatnot. I'm going live this Sunday at 10 AM PT. Download Whatnot, follow me on the app, and I will see you there :) https://www.whatnot.com/user/mrbeast

Terms and Conditions: https://bit.ly/MrBeast_Whatnot WhatnotPartner

RFID race-timing services provided by PrimeTime Timing: https://www.pttiming.com/

New Merch - https://mrbeast.store

Check out Viewstats! - https://www.viewstats.com/

SUBSCRIBE OR I TAKE YOUR DOG
╔═╦╗╔╦╗╔═╦═╦╦╦╦╗╔═╗
║╚╣║║║╚╣╚╣╔╣╔╣║╚╣═╣ 
╠╗║╚╝║║╠╗║╚╣║║║║║═╣
╚═╩══╩═╩═╩═╩╝╚╩═╩═╝

For any questions or inquiries regarding this video, please reach out to chucky@mrbeastbusiness.com
----------------------------------------------------------------
follow all of these or i will kick you
• Facebook - https://www.facebook.com/MrBeast/
• Twitter - https://twitter.com/MrBeast
•  Instagram - https://www.instagram.com/mrbeast
•  Im Hiring! - https://www.mrbeastjobs.com/
--------------------------------------------------------------------","I gathered a one-year-old, who will race every age all the way up to a 100-year-old, and they're gonna compete for $250,000. [grunting] [laughing] Come on, Jimmy! Ready? Go! The first five people from each decade to cross the finish line move on to the next challenge. You’re doing good! I ain’t gonna. Come on, 90-year-olds! Oh my god! I'm a G! Let's go! Oh my gosh, your shoe! And this is just the first of six brutal challenges the contestants will compete in. Oh! They hit the 88-year-old! In order to find out what is the prime age of humanity. The answer might surprise you. Hey, the 60-year-olds are a little slower than I thought they’d be. It looks like the 21 to 30-year-olds will be the first decade to finish. Yes, sir! The last five in your decade are eliminated. [screaming] Let's go, baby! [cheering] Six, seven! Oh… I'm right here! I'm right here! Woo! Alright, give it up for 92! [cheering] And with that, all 50 spots have been filled. I think I was the first person out of everybody to cross that line. Congratulations! Head on out. This next game is where things really start to ramp up. For game number two, we will be playing dodgeball. [cheering] How do you expect old people to dodge them? Yellow Team, you're not gonna hit a six-year-old… [giggles] [34] Oh, right in the face. [Jimmy] No… Right in the face. Three, two, one… Go! We're off. Oh, look at the little ones. They're bringing all the balls back to the teenagers! Grab the balls! Hey, get it! Ah! [crowd reacts] If you get hit by a ball or step on the red line, you are out for the round. We're goin’ until everyone on one team’s out! 76 is gonna go for him! Oh, you missed him. You missed him! [Karl] No! 98! [Jimmy] The seniors are now down three. Get Orange Team! Oh! I'm out. [Jimmy] This is pure chaos! Oh! [Karl] Oh, 95! Oh. Sorry, Anne! That was ridiculous. Throw it! Throw the ball! [grunts] [Tareq] Oh, 44 is out. Yellow Team is taking out Orange Team. 29, throw it! I need a ball. Yes! [Tareq] Oh, 54 is out! Ball! [Jimmy] Oh, 46! Did you see that 46 kill? Hey! Oh, there's only two orange ones left! And if 59 gets hit, they're done! [grunting] Oh, they got him! It’s done! The 40 through 60-year-olds have been eliminated. For the final round. we're gonna do things a little different. No! Only two captains from each team will compete in this next round. And lastly… we'll be going until two quadrants are eliminated. So half of you are goin’ home in round two. Um, since we're the Red Team, can we touch the red line? That doesn't make any sense. No, but that was very adorable. That was a very adorable question. Who should be the captain? Me! These guys are gonna take it home. Do you wanna be a captain? -Yes! -Ok. There you go. So, we're thinking of 65 and 70? If you're listening to this, I am so sorry for everything I'm about to do. Please forgive me. Gen Z, are you ready? [cheering] Prime age, are you ready? [cheering] Oldies, how 'bout you? I gotta win this game! Seniors, are you ready? [cheering] Three, two, one… Go! [Jimmy] Oh! They got both the seniors out! [inhaling] Oh! Green Team is done. 88, are you ok? I'm fine. Throw it! Throw it at him! I got 65! She's not even in the game! Oh! Sorry, Jimmy! They teamed up on the old folks! No! No mercy whatsoever. Hey! Hold 'em and count to three! One… She’s the only one! Two… Three. Oh! They showed no mercy for the old people. [cheering] Everyone above the age of 40 has now been eliminated. [Jimmy] Look at your fall. You took it like a champ. -Are you alright? -[laughs] Yeah, I’m fine! I'm going to college. I’m gonna help my family out. I hope you forgive me. This is gonna be a day that I'll always remember. Let's go eliminate some more people. Follow me! What is this? Is that water? What the heck? Welcome to Dunk Tank Relay. As you can see by their jersey colors, we've split all the ages into five new teams… Who do you want on your team? that were chosen by the five youngest competitors. Oh my goodness. Twenty-eight. Yay! Thirty. [Jimmy] Thirty? -Which one? -You pick. Twenty-nine. Let's hope they made some good picks. This challenge is a relay race that starts with two team members firing arrows at targets. When they hit both of them, the dunk tank drops their third teammate, who has to swim and collect ladder rungs for their fourth teammate to build, climb up, and hit the buzzer. The first three teams to finish move on. The last two are eliminated. Contestants, draw your bows. Three… two… One… Go! And everyone missed their first shot except, wait-- Purple is taking their time, and-- Oh! Oh, he hit it! The Purple Team got a hit! Oh my god! Take your time. Come on, two-nine! Higher! [Jimmy] Gotta hit the targets. Only the Purple Team has hit one so far. Oh, he hit it! Woo! Let's go. Dunk him! Let's go! [Jimmy] Only the first three teams will move on, so hurry up and hit those targets. Lock in! Purple’s gonna be the first one up. Purple might build their ladder before anyone hits a target. Hey, that’s a hit! That's a hit! -Up top. Come on! -Hit it! Oh, no! Are you kidding me? Come on, 30! It's a hit! That's two hits! Let's go, 22! Hey, you got it! Good job, good job. Alright! You got this, Will! Purple Team is crushing it. They've already built half of their ladder. Bring it on in! But here comes Yellow Team to start their ladder. You got it! [cheering] That’s one! There it is! [Jimmy] Oh, red hit one! What are you doing? Purple Team is flying through their ladder, but 40 is struggling to get out of the water. Help me up! Hey! Help him up! They're gonna lose time that 12 could be using to build that ladder. Now or never, baby! Let’s go! Hurry! The last two teams will be eliminated. Come on, up top! Oh my god! -Boom! -You got it! Throw it, throw it, throw it! We've now got three teams building their ladders. Throw ‘em! Now Red Team is starting their ladder. Yes! He’s getting up! They had a big lead, but the others are catching up. Oh, and now Green Team has moved ahead of Team Yellow! Despite being in last place, Blue Team is not giving up. -Yes! Yes! -Yes! Yes! Come on, let's go! Let's go! [Jimmy] And I can't believe it, but green is now tied up with purple. Oh, be careful, you got it! Aw! [Jimmy] Oh, no! He dropped the rung. Focus, focus! Be accurate. Be accurate! Come on, come on. Go, let’s go! Get up, get up, get up. Come on! Let's go! -Let's go! -Come on! Come on! Let's go! Let’s go! [Jimmy] Oh, and green might be first! Push it! [buzzer] [cheering] Green is first! [cheering] [buzzer] [Jimmy] Alright, we got a second one! One spot remains! -Come on! -Go, go now! -Faster! -Hurry! Hurry! We gotta go, we’re in third! [buzzer] Yes! Yes! The best team captain ever! We came in first! You know that? [cheering] You now have a one in twelve chance of winning that $250,000. [cheering] Number seven right here. Couldn’t do it without him. [cheering] Blue, I'm sorry. You can put the bow down. You’ve-- You've been eliminated. So now there's two teams over there that did not make it. This part sucks. This part is not fun to watch. [sobbing] Come here, girl. Come here. You’re ok. Look, you made it. You were the top four girl. You hear that? You are more than-- You are-- You are 8 years old, and you were fourth place, girl. Sadly, these two teams were eliminated. They played very well. I'm sorry it didn't work out. You still are strong. Thank you. You’re welcome. The other twelve of you, follow me to the next game. Take off your blindfolds. [reacting in awe] You are now on a soccer field floating in the sky. I need the 6-year-old to step forward. Yes! You're gonna pick one of these contestants to compete against, and then you're gonna choose, Do you wanna be the goalie or the penalty kicker? If the penalty kicker scores, the kicker moves on. But if the goalie stops the ball, the goalie moves on. -See that $250,000 over there? -Yeah. If you won it, what do you think you'd buy? Just stuff for other people. Really? Aw. Are you guys gonna get her out if she picks you? Yes. I will get her out for the money. Oh, you'll eliminate her for money? Yeah. You can pick whoever you want. You wanna play seven? Ok, seven. Come on up. Alright. It's six versus seven. Six-seven! There we go. Do you wanna kick the ball or do you wanna be goalie? Goalie. Goalie? Ok. -Come on over. -Yes! You're the kicker. Look how massive the goal looks compared to her. [giggling evilly] The ball is now in play. It's whenever you're ready. Ok. Oh, no! [crowd reacts] Lilith! Good try, girl. This is hard because you're very adorable, but… you have been eliminated. I'm sorry. Do I go down the stairs? [chuckling] The only way off is to jump down there. [screaming] Goodbye, Lilith! Bye. Don't worry. There's a big foam pit down there. Let's keep playing! Will the youngest please step forward? Come on over here, ten. Who are you thinking? Uh, her. Nineteen? Nineteen. Oh my gosh! I'll be the kicker. And you think you can take her on? It's because she's a girl. I feel like she's gonna be too slow. She's done. It's in play. Take your time. There's no rush. [cheering] I’m out. No, Jimmy! [distant screaming] Ok, bye. How do we make a pick here, 12? Twenty-two. Twenty-two? You didn't even wanna think on it? Twelve is the kicker. Twenty-two is the goalie. Oh, he is moving. Any man's game. Take your time. No pressure. Oh, he's just going for it. [crowd reacts] [12] Yes! Let's go! He beat you. Like I said, any man's game. Oh. It's time for the granny slayer to stand up. [crowd] Oh! Play the clip. I’m thinking 40. I think he's sleeping on me. Oh, ok. I'll be kickin'. Do you want to look at the Whatnot logo? The sponsor of this video? Oh, I'm looking at it. We're actually giving away over $1 million on Whatnot, but I'll tell you about it later in the video. It's live. You touch it, it's your kick. [gasping] [crowd reacts] He missed! He missed! Congrats. I appreciate you, man. -Come on over, 17. -Alright. Go hug him before he leaves! Seventeen! Go say bye. Oh, seven wants to say goodbye. [17] Aw. [19] Oh my goodness. [sniffling] Hey, buddy. You’re gonna do alright, ok? You got this. You’re in the top six, alright? [sniffling] Hey, you got this, Gunner. [Jimmy] Are you gonna win it all for 17? You're gonna miss your friend? Hey, you got this, buddy. You got this. Round of applause, everyone. [contestants clapping] I know everyone wants a happy ending, Wasn’t in the cards for me. but I got a lotta life left to live. So thank you, guys. Thank for the opportunity. Do you want to, like, belly flop or fall backwards? I’ll belly flop. [Jimmy] Goodbye. [distant screaming] Who's next? I don't know how he's gonna pick this. My friends play soccer. I gotta do them proud, you know? You play soccer? I did rec league. Oh my gosh. Who are we eliminating, 28? So, I mean, I was thinking about it… And Isaac, 33, I wanna go against him. Ok. I'm gonna be kicker. Kicker? Alright. You're gonna be goalie. [exhaling] Alright. According to data, he is the closest to his prime of anyone left. [Jimmy] Oh my gosh! Whoa, that was a rocket. Thank you, thank you. That was a freakin’ rocket! -Very nice job, man. -Thank you. Oh! [contestants] Oh! Ok! That was crazy. Alright, let's play our final soccer game! I'm kicking the ball. You're kicking? I'm kicking. He's kicking, ok! The final round. After this we will have our top six. Oh, 35! He's cheating to the side. Is that a mind game? Oh! Woo! Yeah! I just whiffed it, dude. If it makes you feel better, I don't think you could've kicked it any worse. Don't kill me. [laughs] Now we have our final six! [cheers] One of which, will win a quarter of a million dollars. Let's keep going. We're about to push these contestants to their absolute limit. Come on in! [exclaims] [35] Whoa! Yo! [19] Stop, no! Go stand on the tower that matches your age. -[40] What? -[19] This is crazy. Each of you have a rope with a mannequin weighing exactly 10% your body weight on the other end. And every five minutes, the weight will increase by another 10%. And the only rule is, don't drop your mannequin. Guards! Hand them their rope. Let's find out who wants to win this $250,000 the most! And we're off! I’m scared. My fingers hurt. Is this hard for anyone? Not at this weight. No! Ok. Alright, it's been five minutes. Bring on more weight! Whenever you guys are ready to drop, just drop it, ok? This is so bad, my fingers already hurt. 10% of your body weights has been added. How's it feel? This is a little harder! 10% makes a big difference. [7] Nineteen, are you struggling? My fingers hurt! Go! Let it go, then. It’s been five minutes. Guards, come on up. No! Alright, clip ‘em all in, guards. [19] No way! [chuckles] I can't-- This is now 30% of your body weight. Twelve is struggling! You really gotta dig deep right here. This is why you shouldn’t be eating that junk food, 12. Shots fired! Twelve, what do you want us-- Oh! [Jimmy] Oh my gosh. [laughs] [Jimmy] Oh wait, is she about to get out as well… Nineteen? [35] Go ahead, 19! Go, let it go. Nineteen, you joining ‘em? Let it go! Let it go! [grunting] Are you joining ‘em, 19? Are you joining ’em? Let it go! [grunts] [exhales] [Jimmy] Oh! Yes. -[Jimmy] We lost another one! -Bro. Drop ‘em! I'm sorry, 12. Drop me! [screams] Now only two more people need to be eliminated. I'm a 7-year-old, and I'm against three grown men! He’s on his villain arc. Before we add any more bags to your mannequins, I have something fun I wanna show all of you. You guys wanna see something cool? Ok. Chandler, bring it on out! Let's spice things up a little bit. Hopefully, I don't drop mine on that. [grunts] Agh! [Jimmy] Wait, hold it. You might not wanna drop! This is not a good time to lose 'cause of what I'm about to say. Oh, no! Forty… It's unfortunate 40 dropped as I was about to say… Whoever gets out next, will go home with this brand new Tesla, wrapped with the Whatnot branding. Man, I am-- I’m ugh. When the Tesla rolled out, I was like psst! The Tesla is still up for grabs to the next person who drops. Please someone let go, just someone let go. But remember, dropping will eliminate you, and you will not move on to the finale. The day after this video goes live, right before the big game, we are gonna be giving away over a million dollars in free stuff on a Whatnot livestream. [screams] [Jimmy] Whatnot is one of my favorite places to shop. [exhales] It's basically a live shopping app where you buy directly from real sellers and get insane deals on whatever you're into. And tomorrow I'll be going live, hanging out with your favorite streamers, and giving away rare items you can't find anywhere else in the world! You can even win a Lamborghini, a jet ski, as well as everything you see here. This $50,000 signed Tom Brady rookie card… [inhales, exhales] But more importantly, we are giving away a one of one Bob Ross painting. Do you guys wanna know the craziest part about all these prizes? The cars, everything… [Karl] What? We're giving it away for free. Please, just someone let go. That’s all you, man. Go ahead, go. Follow me on Whatnot, and while you're waiting for the stream, I’ll have some exclusive Beast Games merch available on my profile. Don't miss this internet-breaking, one-million-dollar livestream February 8th at 10 AM Pacific, 1 PM Eastern. [7] I’m the final two! You're in the final two! Yes! Yeah, you can drop it if you want. That was brutal. It just slipped, it dropped. At least you won a brand-new Tesla! [35] It’s all me though. May the best man win. Drop him. You two ready for the final game? -[28] Yeah! -[7] Yeah. And now that we've narrowed it down to the final two contestants, here we are in a stadium full of people. Who is gonna win this quarter of a million dollars? [audience cheering] Our first competitor has dominated every challenge this video. Everyone give it up for 28! [audience booing] [Jimmy] Wait, why do you think they're booing you? I think they're booing me 'cause they know I’m competing against a 7-year-old. And 28 here, is going to be going up against… a 7-year-old! [audience cheering] Oh! Hey! One of these two is going to win a quarter of a million dollars, and here's how we're gonna decide it. They're gonna both take shots at this red line, because this is the furthest a 7-year-old can actually shoot, until one makes a shot and one doesn’t. Whoever makes the shot will open one of these ten briefcases. And if they open the one with a quarter of a million dollar check, they win the money. If they open one of the nine with an X, we do another round where they both shoot until one makes a shot and opens the correct briefcase. You guys wanna hear it from the competitors? [audience cheering] So I know some of you don't like me. [audience booing] And that's alright. My wife is currently walking across the stage for her P.A. program. This is her. This is all for her. And now, let's hear it from the 7-year-old! [audience cheering] I'm winning this money. [audience cheering] [Jimmy] Let’s get the show underway. Alright, here. [audience cheering] Alright, dig deep. If 7 misses, 28 gets to open a briefcase. [Jimmy] Aw! It's now time to pick a briefcase. You have ten options here. You think he got it? I don't think he got the briefcase. We gotta go with lucky number seven. Alright, he's going with number seven. Let’s see if he won! -Ah! -[audience cheering] Yeah! Let's do another round. Seven-year-old, you go first. Aw! [crowd reacts] So let's let 28 shoot. [screams] [Jimmy] Ok, ok. What number are we feeling? Gotta do it. He has chosen a number. -Ah, man! -[audience cheering] He did not get it! Let’s go. Alright, here you go. [audience cheering] Twenty-eight still has to shoot. Alright, you gotta shoot again 'cause he made the shot. [Audience] Aw! [screams] Alright bro, this is your third case. What are we thinking? I heard some kid say three, we’re going three. It’s official. Did he win? Whenever you're ready. [Jimmy] Aw, let's see if he makes it. You're thinking this one? I’m doing five. Ok. $250,000 on the line. [audience cheering] He won! One hundred people across one hundred ages, faced a series of athletic challenges, and 28 came out on top as the peak for athleticism. And what are you gonna use the money on? Uh, my wife, student loans. This was just insane, so much fun. The adrenaline rush. Now, even though the 7-year-old didn't win the competition, he beat out 98 other competitors, people older and even stronger than him, to make it to the final two. I couldn't believe how well he did. The 7-year-old’s not gonna go home with nothing… $10,000. Yeah! Really proud of you, let’s go! Let me know if I should do another Ages 1-100 next. Take care.",0.015959980233846656,0.1988497862267195,30,Video,25
purAsH7pXTQ,"5 Strangers Split $100,000",20260313,@MrBeast,MrBeast,64,False,61945860,1769856,19000,https://i.ytimg.com/vi_webp/purAsH7pXTQ/maxresdefault.webp,https://www.youtube.com/watch?v=purAsH7pXTQ,,"This is a hundred thousand dollars. And there are four people behind you. You can decide to take the money for yourself or you can split it with them. Your fair share would be twenty grand, but if you want you can just take the whole hundred grand and then they'd all get zero dollars. Tell me, what what do you think? &gt;&gt; [music] &gt;&gt; Sure. What do you mean sure? You you want all of &gt;&gt; No, I don't know. Wait a minute. Yeah, I'll take ALL OF IT. &gt;&gt; [screaming] &gt;&gt; IF YOU TAKE IT ALL, THEY'LL ALL GET ZERO DOLLARS. I understand. I guess I've got enough. Give somebody else a chance. Uh how do I put this? Um it's all gone. How much of this four thousand dollars do you want? Zero. What? How does it make you feel that there's only four thousand dollars left? &gt;&gt; I mean people are greedy. How do you think the two people after you will feel? Now there's only one grand. I'll take five hundred bucks. Thank you. Yep. The four people in front of you decided to leave you with five hundred bucks. He's got money falling out of his jacket. He took ninety-six thousand dollars. When do we get to fight this guy?",0.02887773291064165,0.18383505989915344,31,Video,26
rqsRdfdN4uI,Guess The Animal,20260505,@MrBeast,MrBeast,46,True,142938673,2065654,10000,https://i.ytimg.com/vi_webp/rqsRdfdN4uI/maxresdefault.webp,https://www.youtube.com/watch?v=rqsRdfdN4uI,Filming with these animals was so fun! We had the American Humane Society on set throughout filming to make sure all the animals were safe and cared for. They gave us their official “No Animals Were Harmed®” stamp of approval.,"It's a penguin. No. Come on. Is it a hairy shark? Wait, wait, is that a shark? Woah. It's like a little dinosaur. Alligator? You got it. &gt;&gt; Yeah, that's an alligator. Look at that. OH, WOAH. HEY, GOOD JOB. Sounds like a bird. That's so Can I weigh it? It likes being held. Is it an otter? Yes, it's an otter. This is probably the most dangerous animal so far. Oh my god, it bit It bit you? Slender neck. Is it a peacock? Yes, very good. Subscribe if you think she'll get it right. Oh my god. Is it a mini horse? It's close. What is that? Is this Jimmy? &gt;&gt; [laughter] &gt;&gt; Good, good boy.",0.014521290539754766,0.17180198901233973,32,Short,6
mFWpUx3FiyU,Guess The Animal,20260417,@MrBeast,MrBeast,45,True,137244404,2053162,10000,https://i.ytimg.com/vi_webp/mFWpUx3FiyU/maxresdefault.webp,https://www.youtube.com/watch?v=mFWpUx3FiyU,American Humane Society monitored the animal action. No animals were harmed® (AH 14171),"What is that smell? Watch out. Watch out. Watch out. Aw, wait. It's a I think it licked me. Beaver. &gt;&gt; Nope. What's the other beaver? OH, OTTER. YES. OTTER. AW, IT'S SO CUTE. OH, I GOT IT. OH, BE CAREFUL. Be careful. Oh, yeah. Wait, what's what's your guess? &gt;&gt; [laughter] &gt;&gt; Cockroach. Yes, it's a cockroach. You guys are sick. I'm scared. Chevy's scared. Okay. Oh, okay. It's fur. Oh, oh, oh, I wouldn't touch it. I wouldn't touch that. I wouldn't touch that part. It just sniffed me. No, you didn't. A beaver? No. Skunk. &gt;&gt; Oh, he got it. Oh, it's so warm in there. WHY IS THIS OH MY GOD. WHAT IS THAT, BRO? GO. STOP. IT'S IT'S IT'S A BABY GORILLA.",0.015032758639834961,0.1684801674853441,33,Short,7
IEuDUhGIJ5c,My Chocolate Factory Blew Up,20260310,@MrBeast,MrBeast,69,False,17578739,873504,19000,https://i.ytimg.com/vi_webp/IEuDUhGIJ5c/maxresdefault.webp,https://www.youtube.com/watch?v=IEuDUhGIJ5c,,"Jimmy, this place is legendary. Keegan, you haven't even seen the chocolate river. &gt;&gt; [music] &gt;&gt; Woah. What is that? Sweet mother of Mario. &gt;&gt; Oh my gosh. &gt;&gt; What is that? You should try this. Jimmy, it's literally glowing. How is it? To be honest, I feel taller. &gt;&gt; [music] &gt;&gt; Why is everyone staring at me? You're pretty high. &gt;&gt; Dude, you're levitating. What the &gt;&gt; [music] &gt;&gt; What's happening? It actually worked. Jimmy! This is awesome. &gt;&gt; [laughter] &gt;&gt; Hey Keegan, you're you're getting a little out there. Uh guys, still help. I'm going Guys, You should come back. Oh god. It's cool, guys. I always wanted to know what it felt like in outer space. So, &gt;&gt; Feastables partnered with the Super Mario Galaxy movie to create our Galaxy Crunch bar, white chocolate peanut butter Yoshi eggs, and sour Boost gummies. Go find them at Kroger, 7-Eleven, Five Below, and Walmart. It's totally worth it.",0.05077178744163617,0.158836935496788,34,Video,27
VIJLIo5yT1I,Don’t Eat The Spicy Yoshi Egg,20260410,@MrBeast,MrBeast,56,True,105473433,1854337,11000,https://i.ytimg.com/vi_webp/VIJLIo5yT1I/maxresdefault.webp,https://www.youtube.com/watch?v=VIJLIo5yT1I,,"Don't eat the spicy egg. I'm going to guess this isn't spicy. Okay, I passed. I passed. Why are you looking at me? I don't know the answer. Mhm, we're good. Oh, jeez. Okay, well Woah, woah, woah. Got to do that one. Woah, you're good. Mhm, this one. Oh, that was a big bite. &gt;&gt; That's good. These are Yoshi eggs that we made in collaboration with the new Super Mario Galaxy movie. This one doesn't look spicy. &gt;&gt; Are you sure? Mhm, okay. We passed. Oh, he passed. We're good. We're good. Just fully commit. [music] Woah, what? There's a one in three? Oh, no. Commit. Just commit. Yeah. So, what the heck? 50/50 chance. Oh, before I bite it, if you want to try these Yoshi eggs for yourself, they're [music] available at these retailers. Oh, uh all the hot. &gt;&gt; Yes. &gt;&gt; My homeboy.",0.017685372960222125,0.14482792150731552,35,Short,8
IcuJ3vO_t3k,Would You Steal Money From A Stranger?,20260306,@MrBeast,MrBeast,27,True,75914576,1972594,10000,https://i.ytimg.com/vi_webp/IcuJ3vO_t3k/maxresdefault.webp,https://www.youtube.com/watch?v=IcuJ3vO_t3k,,"START THE MONEY COUNTER. FIRST PERSON TO PRESS THEIR BUTTON gets the money. So if one of you press the button, you get $100. &gt;&gt; I'm gonna go. &gt;&gt; DO NOT GO. &gt;&gt; ONLY ONE OF THEM gets the money. If you press the button right now, you lose. &gt;&gt; I'm turning on. Trust her. &gt;&gt; If he presses this button, I give him $8,000. Only one will get the money. &gt;&gt; Don't press it. &gt;&gt; If she presses it now, you lose. &gt;&gt; I don't press it. &gt;&gt; Oh, $20,000. Oh my god. &gt;&gt; Here you go. Where am",0.026116117674160493,0.1445136028875315,36,Short,9
yy-Nt0dRhNI,Winner Picks Our Honeymoon,20260421,@MrBeast,MrBeast,51,True,87354115,1635635,15000,https://i.ytimg.com/vi_webp/yy-Nt0dRhNI/maxresdefault.webp,https://www.youtube.com/watch?v=yy-Nt0dRhNI,,"Winner picks our honeymoon. Okay, you just got to get more balls in than the other person. OH, NO. NO. BABE, WAIT. BABE, where do you want to do the honeymoon? Stop. Whoa. Whoa. You're scoring to me. &gt;&gt; I want to go on an island. &gt;&gt; Okay. Like just an island on a beach? &gt;&gt; Yeah. I just want to lay on the beach with you. &gt;&gt; Oh, that sounds fun. &gt;&gt; Without your phone? &gt;&gt; Yeah. Right after we get married WITHOUT MY PHONE, BABE. NO, &gt;&gt; BABE. CHILL. Give me a chance. &gt;&gt; I want time with you. &gt;&gt; I didn't even get to say what I wanted cuz you're cooking me. &gt;&gt; What do you want? &gt;&gt; Uh, I'll tell you if I start to get more closer to winning. It doesn't even matter right now. You're cooking me. &gt;&gt; Oh. Oh. OH, IS IT TIME? OH, THE COMEBACK. THE COME. ALL RIGHT, I'LL TELL YOU, BABE. I want uh to go to space. &gt;&gt; Oh, really? &gt;&gt; Yeah. &gt;&gt; Oh, &gt;&gt; okay. Oh, &gt;&gt; I don't know if it's possible. Hey, Jeff Bezos, you know that like rocket that close your ears that looks kind of like a that goes to space. I would love to GO OH. OH, WAIT. DID I WIN? YOU WON. I",0.018895904331467383,0.1273270101014692,37,Short,10
jCE1Ol3PYDs,"I Hid $1,000,000 In This Vault",20260320,@MrBeast,MrBeast,57,True,47807879,1598532,16000,https://i.ytimg.com/vi_webp/jCE1Ol3PYDs/maxresdefault.webp,https://www.youtube.com/watch?v=jCE1Ol3PYDs,"Colin was the first to Slack me the correct code, so we flew him out to unlock the $1,000,000 vault. Thanks to Salesforce for making this possible and giving millions a shot at winning!",,0.033771253478950616,0.12611641674849303,38,Short,11
hjkbqeWQAM8,"Every Step You Take, Win $1,000",20260218,@MrBeast,MrBeast,42,True,102046530,1480524,8800,https://i.ytimg.com/vi_webp/hjkbqeWQAM8/maxresdefault.webp,https://www.youtube.com/watch?v=hjkbqeWQAM8,,"Memorize this pattern. Every step you remember, I'll give you a thousand dollars. All right, we got this one right here. &gt;&gt; Okay. And we're going to come right here. Careful. One wrong step and you lose it all. &gt;&gt; You're up to three grand. Four thousand dollars. Okay, you can quit at any point. &gt;&gt; quitting, Jimmy. We're making it. &gt;&gt; Oh my gosh, he is printing money right now. Okay, eight thousand dollars. Thousand dollars. Okay, nine thousand. You can quit at any point, but it's up to you. We got to take this step. Ten thousand dollars. Before his next step, this is a smaller version of what we did &gt;&gt; in our brand new episode of Beast Games. Go watch Beast Games season two on Prime Video. Let's see what he does. &gt;&gt; I I think I'm pretty sure it's this one, Jimmy. It's up to you. Oh, no. Oh, no. I'm sorry, Ethan.",0.014594557992319778,0.1225822000448178,39,Short,12
IqL-ZunFfpk,"Pop The Balloons, Win $10,000",20260317,@MrBeast,MrBeast,22,True,80377509,1562842,12000,https://i.ytimg.com/vi_webp/IqL-ZunFfpk/maxresdefault.webp,https://www.youtube.com/watch?v=IqL-ZunFfpk,fyi we made sure to remove all the popped balloons garbage and track down any balloons that flew away to make sure we didn’t litter :),"Pop the balloons. WAIT, DID YOU GRAB THE BALL? POP, POP, POP, POP. DON'T LET THEM FLY AWAY. THEY'RE FLYING AWAY, JEREMY. &gt;&gt; IF HE DOESN'T SHOOT DOWN THE BALLOONS, he doesn't get THE MONEY. IT'S GOING, JEREMY. WE GOT TO GET HIM. KEEP GOING. OH MY GOD. ALL THE BALLOONS ARE LITERALLY COMING DOWN. &gt;&gt; HE'S STILL MANAGING to hit them. Jeremy's hitting them up there. &gt;&gt; Oh, no. Come on. Come on, Jeremy. WE GOT TO GET THEM DOWN. BRO, BRO, I'm sorry. Your money's gone.",0.01959306800612594,0.12072553060277037,40,Short,13
6W_841xoprg,Can a Window Stop a Wrecking Ball?,20260414,@MrBeast,MrBeast,30,True,70039406,1572858,10000,https://i.ytimg.com/vi_webp/6W_841xoprg/maxresdefault.webp,https://www.youtube.com/watch?v=6W_841xoprg,,"DROP THE WRECKING BALL. THAT DIDN'T WORK. LET'S TRY WOOD. DROP IT. OH, THAT WAS AWESOME. YOU KNOW WHAT'S MORE DURABLE than wood? Bricks. DROP IT. 1 2 3 OH! OH, IT WENT THROUGH ALL OF THEM. SUBSCRIBE IF YOU THINK THE NEXT ONE WILL STOP IT. DROP IT. OH! OH, IT WAS SO CLOSE. OH, RIGHT AWAY wrecking ball.",0.022599534896112626,0.11926699237647406,41,Short,14
uNu6XEPTy5g,$1 or Mystery Vial?,20260407,@MrBeast,MrBeast,34,True,41866525,1274337,13000,https://i.ytimg.com/vi_webp/uNu6XEPTy5g/maxresdefault.webp,https://www.youtube.com/watch?v=uNu6XEPTy5g,,"$1 or drink what's in this vial? Uh, I'll take the dollar. &gt;&gt; $100 or drink what's in this vial? &gt;&gt; What's in the vial? &gt;&gt; Compound V. Give it a try. Okay. Oh. Oh. Wow, that was quick to kick in. I want to see what else the other vials do. Okay, let's see what powers he gets. This is Compound V. Oh. Wait. Wait. Wait. Wait. That &gt;&gt; [screaming] &gt;&gt; Massive shout out to Vought Homelander for sending me so much Compound V. Actually, want to try one myself. What's up, bro? What are you doing here? Okay, try touching you real quick. Wait, I want to just see if you turn around. Look up.",0.030748599268747526,0.10410539204928554,42,Short,15
hCuqh2NU2Yg,World's Fastest Date,20260512,@MrBeast,MrBeast,32,True,37902204,1101165,11000,https://i.ytimg.com/vi_webp/hCuqh2NU2Yg/maxresdefault.webp,https://www.youtube.com/watch?v=hCuqh2NU2Yg,,"Deep breath. Oh, I'm so dizzy.",0.029343016569696054,0.09213275797297565,43,Short,16
KaUuPNYHFNg,I Built a School in Mexico,20260222,@MrBeast,MrBeast,40,True,21696402,824602,14000,https://i.ytimg.com/vi_webp/KaUuPNYHFNg/maxresdefault.webp,https://www.youtube.com/watch?v=KaUuPNYHFNg,,"This is the route you would have to take if you want to go to a high school near Mexico City, a 45-minute, 6-mile hike in complete darkness. Juliana is one of the students forced to take this risk. Without access to a proper high school, she has to do this every night while others are forced to stay home without an education. This is the reality for hundreds of kids just like her in this area and millions more all across Mexico. So, that's why we partnered with the Televisa Foundation to construct a brand new school for Juliana and her community and a brand new soccer field so the students can stay healthy in and outside of the classroom. Now, Juliana can go to school every single day safely. If you want to watch more about how we help kids not just in Mexico, but across the world, go watch our new video.",0.038651662151171426,0.08769826456454836,44,Short,17
pzxtGL9kzPs,Try Not To Get Slimed,20260424,@MrBeast,MrBeast,32,True,77851562,976214,11000,https://i.ytimg.com/vi_webp/pzxtGL9kzPs/maxresdefault.webp,https://www.youtube.com/watch?v=pzxtGL9kzPs,,"OH, GOSH. WHAT IS THAT? WOAH, WOAH, WOAH, WHAT? ARE YOU DONE? YEAH, GO AWAY. THAT'S DISGUSTING. AH. &gt;&gt; [screaming] &gt;&gt; OH, WHAT IS THIS? OH MY GOD. WHAT? &gt;&gt; [laughter] &gt;&gt; OH, IT FEELS SO NASTY, BRO. KEEP POURING. ALL RIGHT, HERE WE GO. &gt;&gt; [screaming] &gt;&gt; IT'S SO BUBBLY.",0.012680721807482809,0.0844602788077021,45,Short,18
EdT5Z16Y5WE,"Would Your Dog Pick $10,000 or Steak?",20260429,@MrBeast,MrBeast,32,True,39576741,968156,9100,https://i.ytimg.com/vi_webp/EdT5Z16Y5WE/maxresdefault.webp,https://www.youtube.com/watch?v=EdT5Z16Y5WE,,"Charlotte, in front of you is $10,000 and a pile of stakes. Whichever you touch first, your parent gets. Ready? GO. &gt;&gt; GO GET THE MONEY. GET IT. GO. GET IT. &gt;&gt; She has to touch it. Money. Get it. Get the money. &gt;&gt; Oh, she's &gt;&gt; No. No. Don't be deceived. What are you doing? &gt;&gt; She's getting the zooies. &gt;&gt; Okay. &gt;&gt; Lock in and go for it. Go get money. &gt;&gt; Yes. Yes. Get it. Right there. Right there. &gt;&gt; She touched it. She touched it. She's finally paying rent, too.",0.02469268502932063,0.07973317256357712,46,Short,19
Z9NxQdQ8Rpg,"Bring Me A Glass Of Water = Win $10,000",20260326,@MrBeast,MrBeast,40,True,28285672,808848,13000,https://i.ytimg.com/vi_webp/Z9NxQdQ8Rpg/maxresdefault.webp,https://www.youtube.com/watch?v=Z9NxQdQ8Rpg,,"I'll give you $10,000 if you fill this with water in the next 2 minutes. Okay. &gt;&gt; The timer just started. &gt;&gt; It just started? &gt;&gt; Yeah, there's like a restaurant over there. Uh water, you said? I could really use this money. If you're curious, there's actually 10 grand on the line. Do you guys have water? &gt;&gt; [music] &gt;&gt; I don't know if he's actually going to do this. All right, he's got about 20 seconds left. &gt;&gt; On. Oh, there he is. Hurry up. Hurry up. Okay. I wasn't lying. Here is $10,000. Thank you for the water. I needed this because the brand new season of Beast Lab Slime dropped. If you put in the tube, fill it with water, and then shake it a little bit, it will reveal a brand new toy with the rust washed off. Battle Visions Slime are available wherever you buy toys. Go to these retailers and check it out.",0.029055275759402144,0.07448105219442307,47,Short,20
AKC50SZQFN8,Spreading Rumors About Streamers,20260402,@MrBeast,MrBeast,36,True,14582952,397707,7400,https://i.ytimg.com/vi_webp/AKC50SZQFN8/maxresdefault.webp,https://www.youtube.com/watch?v=AKC50SZQFN8,,"I'm starting fake rumors about streamers. Starting with Jason Lu, who apparently had an accident in his underwear this morning. &gt;&gt; I heard Rakaz been chewing on his crayons, eating glue. &gt;&gt; I heard Yano don't know how to sing at all. &gt;&gt; I heard Wendy was going crazy last night because she didn't have her phone for 12 hours and she was hallucinating and pretending she was on FaceTime. &gt;&gt; I heard Myth has never kicked a soccer ball in his life. &gt;&gt; Sena was the first person to poo in the port-a-potties. I heard that Lacy was taking Ozempic in the corner. &gt;&gt; I saw Sena sneak eight packs of cookies into her little fanny pack. She's been munching down in the corner for the last hour. &gt;&gt; That is not me, trick.",0.02777949210831936,0.04671218772340373,48,Short,21
feu5PQvoCiA,Asking My Fiancée on a Date,20260503,@MrBeast,MrBeast,8,True,10173814,305153,10000,https://i.ytimg.com/vi_webp/feu5PQvoCiA/maxresdefault.webp,https://www.youtube.com/watch?v=feu5PQvoCiA,,[music] &gt;&gt; I know this. &gt;&gt; [music],0.030976878484312766,0.046285104935140826,49,Short,22
hRBpDdWbUpI,Can My Fiancée Lift Me?,20260427,@MrBeast,MrBeast,17,True,13338863,303597,7100,https://i.ytimg.com/vi_webp/hRBpDdWbUpI/maxresdefault.webp,https://www.youtube.com/watch?v=hRBpDdWbUpI,,What happened? &gt;&gt; [music] &gt;&gt; What happened?,0.02329261497025646,0.03441127550406037,50,Short,23
